timestamp,elapsed_sec,ear,mar,perclos,pitch,fusion_score,severity,blink_count,phone_detected,ground_truth
2026-07-30 21:42:48,0.6,0.2704,0.1012,0.0,173.89,0.0,NORMAL,0,False,0
2026-07-30 21:42:48,0.68,0.2538,0.1037,0.0,174.37,0.0,NORMAL,0,False,0
2026-07-30 21:42:48,0.79,0.2583,0.1402,0.0,174.19,0.0,NORMAL,0,False,0
2026-07-30 21:42:48,0.86,0.2601,0.1493,0.0,174.54,0.0,NORMAL,0,False,0
2026-07-30 21:42:48,0.94,0.2717,0.1391,0.0,175.42,0.0,NORMAL,0,False,0
2026-07-30 21:42:48,0.97,0.2706,0.1428,0.0,175.34,0.0,NORMAL,0,False,0
2026-07-30 21:42:48,1.02,0.2706,0.1406,0.0,175.32,0.0,NORMAL,0,False,0
2026-07-30 21:42:48,1.05,0.2535,0.0884,0.0,173.77,0.0,NORMAL,0,False,0
2026-07-30 21:42:48,1.08,0.2522,0.1021,0.0,173.63,0.0,NORMAL,0,False,0
2026-07-30 21:42:48,1.13,0.2531,0.0989,0.0,173.76,0.0,NORMAL,0,False,0
2026-07-30 21:42:48,1.24,0.2601,0.1468,0.0,173.53,0.0,NORMAL,0,False,0
2026-07-30 21:42:48,1.27,0.2625,0.1468,0.0,173.88,0.0,NORMAL,0,False,0
2026-07-30 21:42:48,1.33,0.2612,0.1461,0.0,173.65,0.0,NORMAL,0,False,0
2026-07-30 21:42:49,1.36,0.2755,0.1329,0.0,175.8,0.0,NORMAL,0,False,0
2026-07-30 21:42:49,1.39,0.279,0.1306,0.0,175.41,0.0,NORMAL,0,False,0
2026-07-30 21:42:49,1.48,0.2655,0.0329,0.0,174.67,0.0,NORMAL,0,False,0
2026-07-30 21:42:49,1.54,0.2652,0.005,0.0,175.98,0.0,NORMAL,0,False,0
2026-07-30 21:42:49,1.57,0.2572,0.0098,0.0,176.1,0.0,NORMAL,0,False,0
2026-07-30 21:42:49,1.64,0.2452,0.0056,0.0,175.67,0.0,NORMAL,0,False,0
2026-07-30 21:42:49,1.73,0.2626,0.026,0.0,175.5,0.0,NORMAL,0,False,0
2026-07-30 21:42:49,1.82,0.2671,0.0371,0.0,176.67,0.0,NORMAL,0,False,0
2026-07-30 21:42:49,1.88,0.2625,0.0313,0.0,176.39,0.0,NORMAL,0,False,0
2026-07-30 21:42:49,1.91,0.2499,0.0101,0.0,175.52,0.0,NORMAL,0,False,0
2026-07-30 21:42:49,1.94,0.2592,0.0151,0.0,175.98,0.0,NORMAL,0,False,0
2026-07-30 21:42:49,2.01,0.2709,0.0197,0.0,175.34,0.0,NORMAL,0,False,0
2026-07-30 21:42:49,2.04,0.2723,0.0084,0.0,175.96,0.0,NORMAL,0,False,0
2026-07-30 21:42:49,2.07,0.2754,0.0068,0.0,176.57,0.0,NORMAL,0,False,0
2026-07-30 21:42:49,2.12,0.2732,0.0075,0.0,176.28,0.0,NORMAL,0,False,0
2026-07-30 21:42:49,2.16,0.2661,0.0037,0.0,176.12,0.0,NORMAL,0,False,0
2026-07-30 21:42:49,2.19,0.2624,0.0044,0.0,175.23,0.0,NORMAL,0,False,0
2026-07-30 21:42:49,2.3,0.2602,0.0045,0.0,175.04,0.0,NORMAL,0,False,0
2026-07-30 21:42:49,2.33,0.2662,0.0054,0.0,175.29,0.0,NORMAL,0,False,0
2026-07-30 21:42:50,2.36,0.2668,0.0176,0.0,175.36,0.0,NORMAL,0,False,0
2026-07-30 21:42:50,2.44,0.2643,0.0037,0.0,175.38,0.0,NORMAL,0,False,0
2026-07-30 21:42:50,2.47,0.2648,0.0064,0.0,176.4,0.0,NORMAL,0,False,0
2026-07-30 21:42:50,2.5,0.264,0.0062,0.0,176.57,0.0,NORMAL,0,False,0
2026-07-30 21:42:50,2.56,0.267,0.0028,0.0,175.71,0.0,NORMAL,0,False,0
2026-07-30 21:42:50,2.63,0.2721,0.0072,0.0,175.17,0.0,NORMAL,0,False,0
2026-07-30 21:42:50,2.66,0.2731,0.0068,0.0,174.9,0.0,NORMAL,0,False,0
2026-07-30 21:42:50,2.72,0.2868,0.0072,0.0,176.54,0.0,NORMAL,0,False,0
2026-07-30 21:42:50,2.8,0.2848,0.0076,0.0,176.53,0.0,NORMAL,0,False,0
2026-07-30 21:42:50,2.83,0.2878,0.0037,0.0,176.37,0.0,NORMAL,0,False,0
2026-07-30 21:42:50,2.93,0.2891,0.004,0.0,177.12,0.0,NORMAL,0,False,0
2026-07-30 21:42:50,2.97,0.2914,0.0037,0.0,176.88,0.0,NORMAL,0,False,0
2026-07-30 21:42:50,3.01,0.2896,0.0039,0.0,176.8,0.0,NORMAL,0,False,0
2026-07-30 21:42:50,3.07,0.2902,0.0038,0.0,176.79,0.0,NORMAL,0,False,0
2026-07-30 21:42:50,3.1,0.293,0.0056,0.0,175.73,0.0,NORMAL,0,False,0
2026-07-30 21:42:50,3.13,0.3008,0.0098,0.0,176.19,0.0,NORMAL,0,False,0
2026-07-30 21:42:50,3.22,0.2831,0.0047,0.0,175.34,0.0,NORMAL,0,False,0
2026-07-30 21:42:50,3.26,0.2811,0.0039,0.0,175.32,0.0,NORMAL,0,False,0
2026-07-30 21:42:50,3.32,0.2829,0.0034,0.0,175.44,0.0,NORMAL,0,False,0
2026-07-30 21:42:51,3.38,0.2782,0.0033,0.0,175.42,0.0,NORMAL,0,False,0
2026-07-30 21:42:51,3.43,0.2741,0.0009,0.0,175.98,0.0,NORMAL,0,False,0
2026-07-30 21:42:51,3.46,0.2729,0.0013,0.0,176.06,0.0,NORMAL,0,False,0
2026-07-30 21:42:51,3.53,0.2801,0.0017,0.0,175.67,0.0,NORMAL,0,False,0
2026-07-30 21:42:51,3.56,0.2747,0.0026,0.0,174.94,0.0,NORMAL,0,False,0
2026-07-30 21:42:51,3.6,0.2761,0.0043,0.0,175.05,0.0,NORMAL,0,False,0
2026-07-30 21:42:51,3.65,0.2877,0.0025,0.0,174.65,0.0,NORMAL,0,False,0
2026-07-30 21:42:51,3.68,0.2795,0.0032,0.0,175.4,0.0,NORMAL,0,False,0
2026-07-30 21:42:51,3.71,0.2812,0.0032,0.0,175.35,0.0,NORMAL,0,False,0
2026-07-30 21:42:51,3.82,0.2657,0.003,0.0,173.97,0.0,NORMAL,0,False,0
2026-07-30 21:42:51,3.85,0.2751,0.0031,0.0,174.27,0.0,NORMAL,0,False,0
2026-07-30 21:42:51,3.89,0.2782,0.0025,0.0,174.58,0.0,NORMAL,0,False,0
2026-07-30 21:42:51,3.95,0.2779,0.0004,0.0,176.63,0.0,NORMAL,0,False,0
2026-07-30 21:42:51,3.98,0.2742,0.0015,0.0,176.11,0.0,NORMAL,0,False,0
2026-07-30 21:42:51,4.01,0.2742,0.0015,0.0,176.14,0.0,NORMAL,0,False,0
2026-07-30 21:42:51,4.07,0.2681,0.0027,0.0,174.12,0.0,NORMAL,0,False,0
2026-07-30 21:42:51,4.1,0.2659,0.0037,0.0,174.54,0.0,NORMAL,0,False,0
2026-07-30 21:42:51,4.13,0.2616,0.0017,0.0,174.81,0.0,NORMAL,0,False,0
2026-07-30 21:42:52,4.21,0.2583,0.0024,0.0,175.08,0.0,NORMAL,0,False,0
2026-07-30 21:42:52,4.39,0.2504,0.0019,0.0,176.92,0.0,NORMAL,0,False,0
2026-07-30 21:42:52,4.42,0.2461,0.0023,0.0,177.17,0.0,NORMAL,0,False,0
2026-07-30 21:42:52,4.48,0.2317,0.0021,0.0,175.6,0.0,NORMAL,0,False,0
2026-07-30 21:42:52,4.51,0.2312,0.002,0.0,176.03,0.0,NORMAL,0,False,0
2026-07-30 21:42:52,4.54,0.2311,0.0008,0.0,176.28,0.0,NORMAL,0,False,0
2026-07-30 21:42:52,4.61,0.239,0.0018,0.0,175.91,0.0,NORMAL,0,False,0
2026-07-30 21:42:52,4.65,0.237,0.003,0.0,175.71,0.0,NORMAL,0,False,0
2026-07-30 21:42:52,4.68,0.2365,0.0017,0.0,176.03,0.0,NORMAL,0,False,0
2026-07-30 21:42:52,4.72,0.2483,0.0021,0.0,176.73,0.0,NORMAL,0,False,0
2026-07-30 21:42:52,4.75,0.2373,0.0018,0.0,176.53,0.0,NORMAL,0,False,0
2026-07-30 21:42:52,4.81,0.2364,0.0016,0.0,176.18,0.0,NORMAL,0,False,0
2026-07-30 21:42:52,4.87,0.2402,0.0015,0.0,176.5,0.0,NORMAL,0,False,0
2026-07-30 21:42:52,4.91,0.2426,0.0018,0.0,175.58,0.0,NORMAL,0,False,0
2026-07-30 21:42:52,4.94,0.2385,0.0011,0.0,175.84,0.0,NORMAL,0,False,0
2026-07-30 21:42:52,5.01,0.2158,0.0007,0.0,175.4,0.0,NORMAL,0,False,0
2026-07-30 21:42:52,5.03,0.2242,0.0009,0.0,177.48,0.0,NORMAL,0,False,0
2026-07-30 21:42:52,5.06,0.2277,0.0015,0.0,177.87,0.0,NORMAL,0,False,0
2026-07-30 21:42:52,5.13,0.2241,0.0012,0.0,175.02,0.0,NORMAL,0,False,0
2026-07-30 21:42:52,5.16,0.2208,0.001,0.0,176.64,0.0,NORMAL,0,False,0
2026-07-30 21:42:52,5.19,0.2193,0.0007,0.0,176.65,0.0,NORMAL,0,False,0
2026-07-30 21:42:52,5.31,0.2223,0.0017,0.0,174.21,0.0,NORMAL,0,False,0
2026-07-30 21:42:53,5.35,0.2291,0.0031,0.0,175.81,0.0,NORMAL,0,False,0
2026-07-30 21:42:53,5.38,0.233,0.002,0.0,175.97,0.0,NORMAL,0,False,0
2026-07-30 21:42:53,5.45,0.2505,0.0024,0.0,175.52,0.0,NORMAL,0,False,0
2026-07-30 21:42:53,5.47,0.2472,0.002,0.0,175.76,0.0,NORMAL,0,False,0
2026-07-30 21:42:53,5.5,0.2509,0.0022,0.0,176.01,0.0,NORMAL,0,False,0
2026-07-30 21:42:53,5.55,0.2482,0.0005,0.0,174.59,0.0,NORMAL,0,False,0
2026-07-30 21:42:53,5.58,0.2487,0.0018,0.0,174.64,0.0,NORMAL,0,False,0
2026-07-30 21:42:53,5.61,0.2538,0.0007,0.0,175.23,0.0,NORMAL,0,False,0
2026-07-30 21:42:53,5.7,0.2539,0.0021,0.0,174.09,0.0,NORMAL,0,False,0
2026-07-30 21:42:53,5.77,0.2501,0.0052,0.0,175.13,0.0,NORMAL,0,False,0
2026-07-30 21:42:53,5.81,0.2476,0.0061,0.0,175.48,0.0,NORMAL,0,False,0
2026-07-30 21:42:53,5.87,0.242,0.0011,0.0,175.25,0.0,NORMAL,0,False,1
2026-07-30 21:42:53,5.9,0.2437,0.0019,0.0,175.95,0.0,NORMAL,0,False,1
2026-07-30 21:42:53,5.93,0.2571,0.0014,0.0,175.3,0.0,NORMAL,0,False,1
2026-07-30 21:42:53,6.0,0.2507,0.0021,0.0,174.99,0.0,NORMAL,0,False,1
2026-07-30 21:42:53,6.04,0.2387,0.0014,0.0,175.07,0.0,NORMAL,0,False,1
2026-07-30 21:42:53,6.07,0.2361,0.0012,0.0,175.03,0.0,NORMAL,0,False,1
2026-07-30 21:42:53,6.13,0.2467,0.0022,0.0,175.25,0.0,NORMAL,0,False,1
2026-07-30 21:42:53,6.16,0.245,0.0028,0.0,176.28,0.0,NORMAL,0,False,1
2026-07-30 21:42:53,6.24,0.2493,0.0044,0.0,175.53,0.0,NORMAL,0,False,1
2026-07-30 21:42:53,6.31,0.2442,0.0017,0.0,175.06,0.0,NORMAL,0,False,1
2026-07-30 21:42:54,6.35,0.2428,0.0007,0.0,174.95,0.0,NORMAL,0,False,1
2026-07-30 21:42:54,6.38,0.2429,0.0007,0.0,174.82,0.0,NORMAL,0,False,1
2026-07-30 21:42:54,6.43,0.2408,0.0039,0.0,175.48,0.0,NORMAL,0,False,1
2026-07-30 21:42:54,6.47,0.2398,0.0052,0.0,175.41,0.0,NORMAL,0,False,1
2026-07-30 21:42:54,6.51,0.2499,0.0031,0.0,175.58,0.0,NORMAL,0,False,1
2026-07-30 21:42:54,6.59,0.2446,0.0015,0.0,175.04,0.0,NORMAL,0,False,1
2026-07-30 21:42:54,6.63,0.2397,0.0014,0.0,175.44,0.0,NORMAL,0,False,1
2026-07-30 21:42:54,6.71,0.2507,0.001,0.0,175.26,0.0,NORMAL,0,False,1
2026-07-30 21:42:54,6.8,0.2481,0.0013,0.0,174.72,0.0,NORMAL,0,False,1
2026-07-30 21:42:54,6.84,0.2493,0.002,0.0,175.18,0.0,NORMAL,0,False,1
2026-07-30 21:42:54,6.87,0.2487,0.0029,0.0,175.39,0.0,NORMAL,0,False,1
2026-07-30 21:42:54,6.93,0.2468,0.0035,0.0,174.52,0.0,NORMAL,0,False,1
2026-07-30 21:42:54,6.96,0.2467,0.0041,0.0,174.1,0.0,NORMAL,0,False,1
2026-07-30 21:42:54,6.99,0.2451,0.0043,0.0,174.16,0.0,NORMAL,0,False,1
2026-07-30 21:42:54,7.04,0.2434,0.0036,0.0,174.68,0.0,NORMAL,0,False,1
2026-07-30 21:42:54,7.07,0.2473,0.0033,0.0,175.11,0.0,NORMAL,0,False,1
2026-07-30 21:42:54,7.1,0.2584,0.0009,0.0,175.51,0.0,NORMAL,0,False,1
2026-07-30 21:42:54,7.16,0.2578,0.001,0.0,175.64,0.0,NORMAL,0,False,1
2026-07-30 21:42:54,7.23,0.2505,0.0028,0.0,174.91,0.0,NORMAL,0,False,1
2026-07-30 21:42:54,7.26,0.2506,0.0031,0.0,174.99,0.0,NORMAL,0,False,1
2026-07-30 21:42:54,7.32,0.2533,0.0032,0.0,173.37,0.0,NORMAL,0,False,1
2026-07-30 21:42:55,7.35,0.2497,0.003,0.0,173.13,0.0,NORMAL,0,False,1
2026-07-30 21:42:55,7.39,0.2494,0.0036,0.0,172.6,0.0,NORMAL,0,False,1
2026-07-30 21:42:55,7.44,0.2484,0.0027,0.0,174.64,0.0,NORMAL,0,False,1
2026-07-30 21:42:55,7.46,0.2465,0.0031,0.0,174.92,0.0,NORMAL,0,False,1
2026-07-30 21:42:55,7.49,0.2481,0.0017,0.0,175.57,0.0,NORMAL,0,False,1
2026-07-30 21:42:55,7.54,0.2501,0.0014,0.0,175.34,0.0,NORMAL,0,False,1
2026-07-30 21:42:55,7.57,0.2504,0.0011,0.0,175.16,0.0,NORMAL,0,False,1
2026-07-30 21:42:55,7.65,0.218,0.0017,0.0,173.52,0.0,NORMAL,0,False,1
2026-07-30 21:42:55,7.72,0.2381,0.0019,0.0,171.63,0.0,NORMAL,0,False,1
2026-07-30 21:42:55,7.74,0.2299,0.0016,0.0,172.79,0.0,NORMAL,0,False,1
2026-07-30 21:42:55,7.78,0.2329,0.0014,0.0,173.01,0.0,NORMAL,0,False,1
2026-07-30 21:42:55,7.83,0.2363,0.0017,0.0,174.01,0.0,NORMAL,0,False,1
2026-07-30 21:42:55,7.87,0.2317,0.0,0.0,175.33,0.0,NORMAL,0,False,1
2026-07-30 21:42:55,7.9,0.2439,0.0035,0.0,174.08,0.0,NORMAL,0,False,1
2026-07-30 21:42:55,7.95,0.2403,0.0026,0.0,175.72,0.0,NORMAL,0,False,1
2026-07-30 21:42:55,7.98,0.2415,0.0033,0.0,175.59,0.0,NORMAL,0,False,1
2026-07-30 21:42:55,8.01,0.2457,0.002,0.0,175.71,0.0,NORMAL,0,False,1
2026-07-30 21:42:55,8.1,0.2497,0.001,0.0,176.15,0.0,NORMAL,0,False,1
2026-07-30 21:42:55,8.13,0.2533,0.0021,0.0,176.84,0.0,NORMAL,0,False,1
2026-07-30 21:42:55,8.17,0.2524,0.0022,0.0,176.75,0.0,NORMAL,0,False,1
2026-07-30 21:42:55,8.24,0.2591,0.0042,0.0,174.87,0.0,NORMAL,0,False,1
2026-07-30 21:42:55,8.27,0.2576,0.0043,0.0,175.36,0.0,NORMAL,0,False,1
2026-07-30 21:42:55,8.3,0.2537,0.0053,0.0,174.61,0.0,NORMAL,0,False,1
2026-07-30 21:42:56,8.35,0.2526,0.004,0.0,175.41,0.0,NORMAL,0,False,1
2026-07-30 21:42:56,8.38,0.2539,0.0029,0.0,175.57,0.0,NORMAL,0,False,1
2026-07-30 21:42:56,8.42,0.2504,0.0005,0.0,175.39,0.0,NORMAL,0,False,1
2026-07-30 21:42:56,8.47,0.2503,0.0007,0.0,174.72,0.0,NORMAL,0,False,1
2026-07-30 21:42:56,8.52,0.2593,0.0018,0.0,175.36,0.0,NORMAL,0,False,1
2026-07-30 21:42:56,8.6,0.2639,0.0011,0.0,174.93,0.0,NORMAL,0,False,1
2026-07-30 21:42:56,8.65,0.2578,0.0009,0.0,174.81,0.0,NORMAL,0,False,1
2026-07-30 21:42:56,8.68,0.26,0.0014,0.0,174.93,0.0,NORMAL,0,False,1
2026-07-30 21:42:56,8.71,0.2651,0.0055,0.0,175.89,0.0,NORMAL,0,False,1
2026-07-30 21:42:56,8.77,0.2636,0.0061,0.0,175.7,0.0,NORMAL,0,False,1
2026-07-30 21:42:56,8.79,0.2787,0.0029,0.0,176.21,0.0,NORMAL,0,False,1
2026-07-30 21:42:56,8.88,0.2516,0.005,0.0,174.48,0.0,NORMAL,0,False,1
2026-07-30 21:42:56,8.95,0.2508,0.0065,0.0,174.36,0.0,NORMAL,0,False,1
2026-07-30 21:42:56,8.98,0.2526,0.0065,0.0,174.47,0.0,NORMAL,0,False,1
2026-07-30 21:42:56,9.06,0.2473,0.0013,0.0,173.24,0.0,NORMAL,0,False,1
2026-07-30 21:42:56,9.13,0.2555,0.0062,0.0,174.23,0.0,NORMAL,0,False,1
2026-07-30 21:42:56,9.17,0.2551,0.006,0.0,174.02,0.0,NORMAL,0,False,1
2026-07-30 21:42:56,9.2,0.2359,0.0045,0.0,173.84,0.0,NORMAL,0,False,1
2026-07-30 21:42:56,9.26,0.2373,0.0058,0.0,174.32,0.0,NORMAL,0,False,1
2026-07-30 21:42:56,9.29,0.2471,0.0024,0.0,173.86,0.0,NORMAL,0,False,1
2026-07-30 21:42:57,9.38,0.2442,0.0034,0.0,173.92,0.0,NORMAL,0,False,1
2026-07-30 21:42:57,9.42,0.242,0.0038,0.0,173.63,0.0,NORMAL,0,False,1
2026-07-30 21:42:57,9.46,0.2432,0.0035,0.0,173.67,0.0,NORMAL,0,False,1
2026-07-30 21:42:57,9.49,0.2419,0.0018,0.0,174.84,0.0,NORMAL,0,False,1
2026-07-30 21:42:57,9.59,0.238,0.0016,0.0,173.84,0.0,NORMAL,0,False,1
2026-07-30 21:42:57,9.63,0.2353,0.0015,0.0,173.43,0.0,NORMAL,0,False,1
2026-07-30 21:42:57,9.68,0.2398,0.0035,0.0,173.93,0.0,NORMAL,0,False,1
2026-07-30 21:42:57,9.74,0.2408,0.0048,0.0,173.85,0.0,NORMAL,0,False,1
2026-07-30 21:42:57,9.77,0.2424,0.0034,0.0,173.89,0.0,NORMAL,0,False,1
2026-07-30 21:42:57,9.8,0.2067,0.0017,0.0,174.25,0.0,NORMAL,0,False,1
2026-07-30 21:42:57,9.86,0.204,0.0019,0.0,173.18,0.0,NORMAL,0,False,1
2026-07-30 21:42:57,9.89,0.2436,0.002,0.0,173.56,0.0,NORMAL,0,False,1
2026-07-30 21:42:57,9.97,0.2274,0.0032,0.0,173.29,0.0,NORMAL,0,False,1
2026-07-30 21:42:57,10.02,0.2273,0.0025,0.0,173.67,0.0,NORMAL,0,False,1
2026-07-30 21:42:57,10.09,0.2397,0.0011,0.0,173.28,0.0,NORMAL,0,False,1
2026-07-30 21:42:57,10.18,0.2424,0.0013,0.0,175.08,0.0,NORMAL,0,False,1
2026-07-30 21:42:57,10.24,0.2448,0.0032,0.0,174.87,0.0,NORMAL,0,False,1
2026-07-30 21:42:57,10.27,0.2467,0.0029,0.0,174.86,0.0,NORMAL,0,False,1
2026-07-30 21:42:57,10.3,0.2474,0.0032,0.0,173.82,0.0,NORMAL,0,False,1
2026-07-30 21:42:58,10.37,0.2458,0.0039,0.0,173.44,0.0,NORMAL,0,False,1
2026-07-30 21:42:58,10.41,0.24,0.0035,0.0,173.07,0.0,NORMAL,0,False,1
2026-07-30 21:42:58,10.47,0.2475,0.0027,0.0,173.96,0.0,NORMAL,0,False,1
2026-07-30 21:42:58,10.51,0.2454,0.0011,0.0,173.05,0.0,NORMAL,0,False,1
2026-07-30 21:42:58,10.54,0.2443,0.0013,0.0,173.44,0.0,NORMAL,0,False,1
2026-07-30 21:42:58,10.62,0.2567,0.0009,0.0,173.69,0.0,NORMAL,0,False,1
2026-07-30 21:42:58,10.67,0.2571,0.0024,0.0,172.76,0.0,NORMAL,0,False,1
2026-07-30 21:42:58,10.71,0.2292,0.0035,0.0,172.92,0.0,NORMAL,0,False,1
2026-07-30 21:42:58,10.77,0.2515,0.0028,0.0,174.51,0.0,NORMAL,0,False,1
2026-07-30 21:42:58,10.83,0.2507,0.0038,0.0,173.96,0.0,NORMAL,0,False,1
2026-07-30 21:42:58,10.86,0.2513,0.0037,0.0,174.08,0.0,NORMAL,0,False,1
2026-07-30 21:42:58,10.89,0.2501,0.007,0.0,173.72,0.0,NORMAL,0,False,1
2026-07-30 21:42:58,10.94,0.2502,0.0032,0.0,173.95,0.0,NORMAL,0,False,1
2026-07-30 21:42:58,10.97,0.2492,0.0031,0.0,173.36,0.0,NORMAL,0,False,1
2026-07-30 21:42:58,11.01,0.2486,0.0014,0.0,173.8,0.0,NORMAL,0,False,1
2026-07-30 21:42:58,11.1,0.2546,0.0054,0.0,173.16,0.0,NORMAL,0,False,1
2026-07-30 21:42:58,11.14,0.2518,0.0066,0.0,172.67,0.0,NORMAL,0,False,1
2026-07-30 21:42:58,11.18,0.2481,0.0017,0.0,172.68,0.0,NORMAL,0,False,1
2026-07-30 21:42:58,11.24,0.2526,0.0022,0.0,172.64,0.0,NORMAL,0,False,1
2026-07-30 21:42:58,11.27,0.2413,0.0036,0.0,172.64,0.0,NORMAL,0,False,1
2026-07-30 21:42:59,11.37,0.2475,0.0082,0.0,173.67,0.0,NORMAL,0,False,1
2026-07-30 21:42:59,11.42,0.2462,0.0059,0.0,173.89,0.0,NORMAL,0,False,1
2026-07-30 21:42:59,11.47,0.2464,0.0033,0.0,173.57,0.0,NORMAL,0,False,1
2026-07-30 21:42:59,11.5,0.2477,0.0022,0.0,173.31,0.0,NORMAL,0,False,1
2026-07-30 21:42:59,11.55,0.2472,0.0027,0.0,173.43,0.0,NORMAL,0,False,1
2026-07-30 21:42:59,11.62,0.2471,0.0006,0.0,172.93,0.0,NORMAL,0,False,1
2026-07-30 21:42:59,11.67,0.2577,0.002,0.0,172.66,0.0,NORMAL,0,False,1
2026-07-30 21:42:59,11.73,0.2539,0.0005,0.0,172.72,0.0,NORMAL,0,False,1
2026-07-30 21:42:59,11.77,0.2556,0.0009,0.0,172.85,0.0,NORMAL,0,False,1
2026-07-30 21:42:59,11.8,0.2417,0.0007,0.0,173.26,0.0,NORMAL,0,False,1
2026-07-30 21:42:59,11.86,0.2426,0.0009,0.0,173.34,0.0,NORMAL,0,False,1
2026-07-30 21:42:59,11.89,0.2461,0.0057,0.0,173.66,0.0,NORMAL,0,False,1
2026-07-30 21:42:59,11.92,0.2458,0.005,0.0,173.3,0.0,NORMAL,0,False,1
2026-07-30 21:42:59,11.98,0.2387,0.0024,0.0,173.13,0.0,NORMAL,0,False,1
2026-07-30 21:42:59,12.02,0.24,0.0016,0.0,173.34,0.0,NORMAL,0,False,1
2026-07-30 21:42:59,12.08,0.2447,0.0017,0.0,172.77,0.0,NORMAL,0,False,1
2026-07-30 21:42:59,12.13,0.2431,0.002,0.0,172.8,0.0,NORMAL,0,False,1
2026-07-30 21:42:59,12.17,0.2428,0.0023,0.0,172.75,0.0,NORMAL,0,False,1
2026-07-30 21:42:59,12.2,0.2475,0.0037,0.0,173.75,0.0,NORMAL,0,False,1
2026-07-30 21:42:59,12.25,0.2452,0.0042,0.0,173.86,0.0,NORMAL,0,False,1
2026-07-30 21:42:59,12.28,0.2485,0.0065,0.0,173.41,0.0,NORMAL,0,False,1
2026-07-30 21:42:59,12.32,0.2496,0.0056,0.0,173.32,0.0,NORMAL,0,False,1
2026-07-30 21:43:00,12.38,0.2343,0.0021,0.0,172.56,0.0,NORMAL,0,False,1
2026-07-30 21:43:00,12.4,0.238,0.0026,0.0,171.71,0.0,NORMAL,0,False,1
2026-07-30 21:43:00,12.46,0.2365,0.0027,0.0,173.24,0.0,NORMAL,0,False,1
2026-07-30 21:43:00,12.55,0.2376,0.0026,0.0,173.86,0.0,NORMAL,0,False,1
2026-07-30 21:43:00,12.58,0.2365,0.0029,0.0,173.79,0.0,NORMAL,0,False,1
2026-07-30 21:43:00,12.62,0.2348,0.0047,0.0,172.99,0.0,NORMAL,0,False,1
2026-07-30 21:43:00,12.69,0.2067,0.0032,0.0,171.51,0.0,NORMAL,0,False,1
2026-07-30 21:43:00,12.76,0.1952,0.0029,0.0,172.61,0.0,NORMAL,0,False,1
2026-07-30 21:43:00,12.79,0.1954,0.0027,0.0,172.48,0.0,NORMAL,0,False,1
2026-07-30 21:43:00,12.84,0.197,0.0026,0.0,172.44,0.0,NORMAL,0,False,1
2026-07-30 21:43:00,12.88,0.1353,0.0051,0.4,172.18,0.028,NORMAL,0,False,1
2026-07-30 21:43:00,12.96,0.0593,0.0014,0.8,170.61,0.056,NORMAL,0,False,1
2026-07-30 21:43:00,13.01,0.061,0.0026,1.2,170.06,0.084,NORMAL,0,False,1
2026-07-30 21:43:00,13.09,0.0513,0.0028,1.59,171.12,0.111,NORMAL,0,False,1
2026-07-30 21:43:00,13.12,0.0519,0.0049,1.98,169.9,0.139,NORMAL,0,False,1
2026-07-30 21:43:00,13.18,0.0341,0.0093,2.37,170.75,0.167,NORMAL,0,False,1
2026-07-30 21:43:00,13.25,0.0314,0.0044,2.76,172.55,0.195,NORMAL,0,False,1
2026-07-30 21:43:00,13.28,0.0361,0.0065,3.14,172.48,0.223,NORMAL,0,False,1
2026-07-30 21:43:00,13.32,0.0338,0.0061,3.52,172.55,0.251,NORMAL,0,False,1
2026-07-30 21:43:01,13.36,0.0369,0.0056,3.89,171.0,0.278,NORMAL,0,False,1
2026-07-30 21:43:01,13.4,0.0376,0.0059,4.26,171.16,0.306,MILD FATIGUE,0,False,1
2026-07-30 21:43:01,13.48,0.0315,0.0064,4.63,172.87,0.334,MILD FATIGUE,0,False,1
2026-07-30 21:43:01,13.56,0.0368,0.0032,5.0,170.72,0.362,MILD FATIGUE,0,False,1
2026-07-30 21:43:01,13.64,0.0369,0.0034,5.36,171.4,0.389,MILD FATIGUE,0,False,1
2026-07-30 21:43:01,13.71,0.0405,0.0058,5.73,173.0,0.417,MILD FATIGUE,0,False,1
2026-07-30 21:43:01,13.75,0.0919,0.0055,6.08,172.92,0.418,MILD FATIGUE,0,False,1
2026-07-30 21:43:01,13.79,0.088,0.0045,6.44,172.74,0.419,MILD FATIGUE,0,False,1
2026-07-30 21:43:01,13.87,0.09,0.0045,6.79,172.71,0.42,MILD FATIGUE,0,False,1
2026-07-30 21:43:01,13.92,0.1976,0.006,6.77,173.9,0.02,NORMAL,1,False,1
2026-07-30 21:43:01,13.97,0.2305,0.0084,6.74,174.7,0.02,NORMAL,1,False,1
2026-07-30 21:43:01,14.06,0.2277,0.0021,6.72,174.56,0.02,NORMAL,1,False,1
2026-07-30 21:43:01,14.15,0.2328,0.0033,6.69,175.73,0.02,NORMAL,1,False,1
2026-07-30 21:43:01,14.19,0.2287,0.0015,6.67,175.4,0.02,NORMAL,1,False,1
2026-07-30 21:43:01,14.3,0.2606,0.0014,6.64,175.15,0.02,NORMAL,1,False,1
2026-07-30 21:43:02,14.36,0.2595,0.0028,6.62,175.26,0.02,NORMAL,1,False,1
2026-07-30 21:43:02,14.39,0.2565,0.0057,6.59,175.16,0.02,NORMAL,1,False,1
2026-07-30 21:43:02,14.46,0.2374,0.0063,6.57,173.54,0.02,NORMAL,1,False,1
2026-07-30 21:43:02,14.55,0.2333,0.004,6.55,173.64,0.02,NORMAL,1,False,1
2026-07-30 21:43:02,14.57,0.231,0.0008,6.52,173.95,0.02,NORMAL,1,False,1
2026-07-30 21:43:02,14.62,0.2322,0.0007,6.5,173.82,0.019,NORMAL,1,False,1
2026-07-30 21:43:02,14.65,0.2287,0.0019,6.47,174.46,0.019,NORMAL,1,False,1
2026-07-30 21:43:02,14.69,0.2277,0.0018,6.45,174.69,0.019,NORMAL,1,False,1
2026-07-30 21:43:02,14.75,0.2189,0.0017,6.43,172.75,0.019,NORMAL,1,False,1
2026-07-30 21:43:02,14.85,0.2285,0.0009,6.41,173.97,0.019,NORMAL,1,False,1
2026-07-30 21:43:02,14.89,0.2297,0.0016,6.38,174.0,0.019,NORMAL,1,False,1
2026-07-30 21:43:02,14.95,0.2247,0.0039,6.36,173.26,0.019,NORMAL,1,False,1
2026-07-30 21:43:02,15.04,0.2002,0.0052,6.34,173.28,0.019,NORMAL,1,False,1
2026-07-30 21:43:02,15.08,0.2022,0.0062,6.32,173.33,0.019,NORMAL,1,False,1
2026-07-30 21:43:02,15.12,0.2019,0.0062,6.29,173.48,0.019,NORMAL,1,False,1
2026-07-30 21:43:02,15.15,0.0752,0.0019,6.62,170.4,0.047,NORMAL,1,False,1
2026-07-30 21:43:02,15.19,0.0765,0.0026,6.94,170.42,0.074,NORMAL,1,False,1
2026-07-30 21:43:02,15.24,0.0744,0.0026,7.27,170.44,0.102,NORMAL,1,False,1
2026-07-30 21:43:02,15.26,0.2086,0.002,7.24,173.08,0.022,NORMAL,2,False,1
2026-07-30 21:43:02,15.33,0.2063,0.001,7.22,173.07,0.022,NORMAL,2,False,1
2026-07-30 21:43:03,15.39,0.2271,0.0038,7.19,174.56,0.022,NORMAL,2,False,1
2026-07-30 21:43:03,15.44,0.2351,0.002,7.17,173.42,0.022,NORMAL,2,False,1
2026-07-30 21:43:03,15.47,0.23,0.0005,7.14,173.85,0.021,NORMAL,2,False,1
2026-07-30 21:43:03,15.54,0.2296,0.0013,7.12,173.66,0.021,NORMAL,2,False,1
2026-07-30 21:43:03,15.57,0.2254,0.0049,7.09,173.27,0.021,NORMAL,2,False,1
2026-07-30 21:43:03,15.6,0.229,0.0016,7.07,173.8,0.021,NORMAL,2,False,1
2026-07-30 21:43:03,15.65,0.222,0.0012,7.05,173.05,0.021,NORMAL,2,False,1
2026-07-30 21:43:03,15.75,0.232,0.0039,7.02,173.43,0.021,NORMAL,2,False,1
2026-07-30 21:43:03,15.8,0.2319,0.0012,7.0,173.15,0.021,NORMAL,2,False,1
2026-07-30 21:43:03,15.9,0.2296,0.0024,6.98,173.26,0.021,NORMAL,2,False,1
2026-07-30 21:43:03,15.94,0.2356,0.0058,6.95,173.54,0.021,NORMAL,2,False,1
2026-07-30 21:43:03,15.97,0.2388,0.0047,6.93,173.85,0.021,NORMAL,2,False,1
2026-07-30 21:43:03,16.04,0.2284,0.0039,6.91,173.15,0.021,NORMAL,2,False,1
2026-07-30 21:43:03,16.13,0.2329,0.0061,6.89,172.78,0.021,NORMAL,2,False,1
2026-07-30 21:43:03,16.17,0.2315,0.0043,6.86,172.6,0.021,NORMAL,2,False,1
2026-07-30 21:43:03,16.24,0.2268,0.0015,6.84,174.42,0.021,NORMAL,2,False,1
2026-07-30 21:43:03,16.28,0.2268,0.0019,6.82,174.35,0.02,NORMAL,2,False,1
2026-07-30 21:43:03,16.31,0.2271,0.0026,6.8,174.32,0.02,NORMAL,2,False,1
2026-07-30 21:43:04,16.36,0.2208,0.0044,6.77,173.07,0.02,NORMAL,2,False,1
2026-07-30 21:43:04,16.43,0.2251,0.0042,6.75,173.73,0.02,NORMAL,2,False,1
2026-07-30 21:43:04,16.47,0.2289,0.0041,6.73,174.33,0.02,NORMAL,2,False,1
2026-07-30 21:43:04,16.52,0.228,0.0041,6.71,174.47,0.02,NORMAL,2,False,1
2026-07-30 21:43:04,16.54,0.2298,0.0028,6.69,173.21,0.02,NORMAL,2,False,1
2026-07-30 21:43:04,16.57,0.2205,0.0019,6.67,173.2,0.02,NORMAL,2,False,1
2026-07-30 21:43:04,16.63,0.2312,0.0019,6.65,173.69,0.02,NORMAL,2,False,1
2026-07-30 21:43:04,16.66,0.2271,0.0019,6.62,173.07,0.02,NORMAL,2,False,1
2026-07-30 21:43:04,16.7,0.2273,0.0015,6.6,172.96,0.02,NORMAL,2,False,1
2026-07-30 21:43:04,16.75,0.2274,0.0017,6.58,172.3,0.02,NORMAL,2,False,1
2026-07-30 21:43:04,16.83,0.2274,0.0011,6.56,174.02,0.02,NORMAL,2,False,1
2026-07-30 21:43:04,16.91,0.2256,0.0014,6.54,173.82,0.02,NORMAL,2,False,1
2026-07-30 21:43:04,16.98,0.226,0.0011,6.52,173.43,0.02,NORMAL,2,False,1
2026-07-30 21:43:04,17.02,0.2292,0.0044,6.5,173.66,0.02,NORMAL,2,False,1
2026-07-30 21:43:04,17.06,0.2334,0.0033,6.48,174.07,0.019,NORMAL,2,False,1
2026-07-30 21:43:04,17.16,0.2116,0.0028,6.46,173.56,0.019,NORMAL,2,False,1
2026-07-30 21:43:04,17.23,0.2174,0.0027,6.44,173.21,0.019,NORMAL,2,False,1
2026-07-30 21:43:04,17.27,0.2174,0.0045,6.42,173.38,0.019,NORMAL,2,False,1
2026-07-30 21:43:04,17.32,0.2205,0.0047,6.4,173.83,0.019,NORMAL,2,False,1
2026-07-30 21:43:05,17.36,0.2288,0.0056,6.38,173.98,0.019,NORMAL,2,False,1
2026-07-30 21:43:05,17.39,0.2304,0.0061,6.36,174.0,0.019,NORMAL,2,False,1
2026-07-30 21:43:05,17.5,0.2419,0.0036,6.34,175.98,0.019,NORMAL,2,False,1
2026-07-30 21:43:05,17.53,0.2303,0.0039,6.33,174.72,0.019,NORMAL,2,False,1
2026-07-30 21:43:05,17.56,0.2286,0.0038,6.31,174.25,0.019,NORMAL,2,False,1
2026-07-30 21:43:05,17.64,0.2355,0.006,6.29,175.73,0.019,NORMAL,2,False,1
2026-07-30 21:43:05,17.68,0.2347,0.0055,6.27,175.7,0.019,NORMAL,2,False,1
2026-07-30 21:43:05,17.71,0.2345,0.0058,6.25,175.73,0.019,NORMAL,2,False,1
2026-07-30 21:43:05,17.77,0.235,0.0057,6.23,175.71,0.019,NORMAL,2,False,1
2026-07-30 21:43:05,17.81,0.2433,0.0046,6.21,177.05,0.019,NORMAL,2,False,1
2026-07-30 21:43:05,17.84,0.2239,0.0065,6.19,175.0,0.019,NORMAL,2,False,1
2026-07-30 21:43:05,17.92,0.2049,0.0084,6.18,173.1,0.019,NORMAL,2,False,1
2026-07-30 21:43:05,18.0,0.2019,0.0071,6.16,173.79,0.018,NORMAL,2,False,1
2026-07-30 21:43:05,18.03,0.206,0.0059,6.14,174.99,0.018,NORMAL,2,False,1
2026-07-30 21:43:05,18.13,0.2116,0.0036,6.12,172.57,0.018,NORMAL,2,False,1
2026-07-30 21:43:05,18.17,0.2113,0.0035,6.1,172.4,0.018,NORMAL,2,False,0
2026-07-30 21:43:05,18.21,0.2112,0.003,6.09,172.3,0.018,NORMAL,2,False,0
2026-07-30 21:43:05,18.27,0.2221,0.0032,6.07,173.38,0.018,NORMAL,2,False,0
2026-07-30 21:43:05,18.3,0.2205,0.0031,6.05,173.91,0.018,NORMAL,2,False,0
2026-07-30 21:43:05,18.33,0.2287,0.0088,6.03,175.55,0.018,NORMAL,2,False,0
2026-07-30 21:43:06,18.42,0.2111,0.0056,6.02,175.05,0.018,NORMAL,2,False,0
2026-07-30 21:43:06,18.45,0.2116,0.0057,6.0,175.16,0.018,NORMAL,2,False,0
2026-07-30 21:43:06,18.53,0.2211,0.0047,5.98,174.38,0.018,NORMAL,2,False,0
2026-07-30 21:43:06,18.63,0.2169,0.0026,5.97,173.8,0.018,NORMAL,2,False,0
2026-07-30 21:43:06,18.67,0.2206,0.0034,5.95,174.43,0.018,NORMAL,2,False,0
2026-07-30 21:43:06,18.71,0.2215,0.0035,5.93,174.54,0.018,NORMAL,2,False,0
2026-07-30 21:43:06,18.77,0.2175,0.0026,5.92,172.89,0.018,NORMAL,2,False,0
2026-07-30 21:43:06,18.81,0.2195,0.0025,5.9,172.92,0.018,NORMAL,2,False,0
2026-07-30 21:43:06,18.84,0.2182,0.0059,5.88,173.03,0.018,NORMAL,2,False,0
2026-07-30 21:43:06,18.92,0.2235,0.0023,5.87,173.65,0.018,NORMAL,2,False,0
2026-07-30 21:43:06,18.95,0.2238,0.003,5.85,173.42,0.018,NORMAL,2,False,0
2026-07-30 21:43:06,18.99,0.2234,0.0033,5.83,173.46,0.017,NORMAL,2,False,0
2026-07-30 21:43:06,19.09,0.2235,0.0052,5.82,175.04,0.017,NORMAL,2,False,0
2026-07-30 21:43:06,19.13,0.2238,0.006,5.8,174.29,0.017,NORMAL,2,False,0
2026-07-30 21:43:06,19.16,0.2227,0.0057,5.79,174.34,0.017,NORMAL,2,False,0
2026-07-30 21:43:06,19.24,0.2092,0.0029,5.77,173.38,0.017,NORMAL,2,False,0
2026-07-30 21:43:06,19.28,0.2109,0.0006,5.75,172.87,0.017,NORMAL,2,False,0
2026-07-30 21:43:06,19.32,0.2122,0.0008,5.74,172.68,0.017,NORMAL,2,False,0
2026-07-30 21:43:07,19.38,0.2214,0.0021,5.72,172.3,0.017,NORMAL,2,False,0
2026-07-30 21:43:07,19.41,0.2195,0.0008,5.71,172.88,0.017,NORMAL,2,False,0
2026-07-30 21:43:07,19.44,0.2165,0.0033,5.69,173.53,0.017,NORMAL,2,False,0
2026-07-30 21:43:07,19.51,0.2218,0.007,5.68,174.14,0.017,NORMAL,2,False,0
2026-07-30 21:43:07,19.57,0.2214,0.0062,5.66,174.14,0.017,NORMAL,2,False,0
2026-07-30 21:43:07,19.6,0.2209,0.006,5.65,174.29,0.017,NORMAL,2,False,0
2026-07-30 21:43:07,19.68,0.2225,0.0057,5.63,174.09,0.017,NORMAL,2,False,0
2026-07-30 21:43:07,19.71,0.2173,0.0028,5.61,173.49,0.017,NORMAL,2,False,0
2026-07-30 21:43:07,19.75,0.2119,0.0009,5.6,173.02,0.017,NORMAL,2,False,0
2026-07-30 21:43:07,19.82,0.2178,0.003,5.59,172.99,0.017,NORMAL,2,False,0
2026-07-30 21:43:07,19.86,0.2179,0.0035,5.57,173.11,0.017,NORMAL,2,False,0
2026-07-30 21:43:07,19.89,0.2176,0.0036,5.56,173.26,0.017,NORMAL,2,False,0
2026-07-30 21:43:07,19.95,0.2201,0.0043,5.54,174.31,0.017,NORMAL,2,False,0
2026-07-30 21:43:07,19.98,0.2231,0.005,5.53,174.27,0.017,NORMAL,2,False,0
2026-07-30 21:43:07,20.06,0.2244,0.0022,5.51,173.72,0.017,NORMAL,2,False,0
2026-07-30 21:43:07,20.13,0.2253,0.0055,5.5,174.92,0.016,NORMAL,2,False,0
2026-07-30 21:43:07,20.15,0.2211,0.005,5.48,175.1,0.016,NORMAL,2,False,0
2026-07-30 21:43:07,20.18,0.2222,0.0044,5.47,175.25,0.016,NORMAL,2,False,0
2026-07-30 21:43:07,20.24,0.2214,0.0033,5.45,174.25,0.016,NORMAL,2,False,0
2026-07-30 21:43:07,20.28,0.2232,0.0031,5.44,173.74,0.016,NORMAL,2,False,0
2026-07-30 21:43:07,20.31,0.2117,0.0023,5.43,174.57,0.016,NORMAL,2,False,0
2026-07-30 21:43:08,20.4,0.2214,0.0083,5.41,174.19,0.016,NORMAL,2,False,0
2026-07-30 21:43:08,20.43,0.222,0.0077,5.4,174.36,0.016,NORMAL,2,False,0
2026-07-30 21:43:08,20.47,0.2217,0.0076,5.38,174.36,0.016,NORMAL,2,False,0
2026-07-30 21:43:08,20.56,0.2185,0.0075,5.37,173.42,0.016,NORMAL,2,False,0
2026-07-30 21:43:08,20.59,0.2206,0.0065,5.36,172.98,0.016,NORMAL,2,False,0
2026-07-30 21:43:08,20.62,0.2234,0.005,5.34,172.32,0.016,NORMAL,2,False,0
2026-07-30 21:43:08,20.71,0.2114,0.0029,5.33,172.81,0.016,NORMAL,2,False,0
2026-07-30 21:43:08,20.75,0.2122,0.0031,5.32,172.85,0.016,NORMAL,2,False,0
2026-07-30 21:43:08,20.78,0.213,0.0026,5.3,172.68,0.016,NORMAL,2,False,0
2026-07-30 21:43:08,20.86,0.2174,0.0017,5.29,173.44,0.016,NORMAL,2,False,0
2026-07-30 21:43:08,20.91,0.2161,0.0045,5.28,173.98,0.016,NORMAL,2,False,0
2026-07-30 21:43:08,21.01,0.2127,0.0052,5.26,172.39,0.016,NORMAL,2,False,0
2026-07-30 21:43:08,21.07,0.2124,0.0031,5.25,172.48,0.016,NORMAL,2,False,0
2026-07-30 21:43:08,21.14,0.211,0.0025,5.24,172.26,0.016,NORMAL,2,False,0
2026-07-30 21:43:08,21.17,0.2097,0.0019,5.22,172.16,0.016,NORMAL,2,False,0
2026-07-30 21:43:08,21.24,0.2194,0.0049,5.21,173.58,0.016,NORMAL,2,False,0
2026-07-30 21:43:08,21.28,0.2239,0.006,5.2,173.56,0.016,NORMAL,2,False,0
2026-07-30 21:43:08,21.31,0.2233,0.0064,5.19,173.58,0.016,NORMAL,2,False,0
2026-07-30 21:43:09,21.39,0.2238,0.008,5.17,174.01,0.016,NORMAL,2,False,0
2026-07-30 21:43:09,21.43,0.2303,0.0062,5.16,173.06,0.015,NORMAL,2,False,0
2026-07-30 21:43:09,21.47,0.2307,0.0068,5.15,173.01,0.015,NORMAL,2,False,0
2026-07-30 21:43:09,21.52,0.2285,0.0027,5.13,174.12,0.015,NORMAL,2,False,0
2026-07-30 21:43:09,21.56,0.2271,0.002,5.12,174.28,0.015,NORMAL,2,False,0
2026-07-30 21:43:09,21.64,0.2287,0.002,5.11,173.68,0.015,NORMAL,2,False,1
2026-07-30 21:43:09,21.71,0.2258,0.0015,5.1,173.35,0.015,NORMAL,2,False,1
2026-07-30 21:43:09,21.74,0.2251,0.0036,5.08,174.03,0.015,NORMAL,2,False,1
2026-07-30 21:43:09,21.8,0.2321,0.0042,5.07,173.14,0.015,NORMAL,2,False,1
2026-07-30 21:43:09,21.87,0.23,0.0038,5.06,173.14,0.015,NORMAL,2,False,1
2026-07-30 21:43:09,21.91,0.2227,0.0068,5.05,173.67,0.015,NORMAL,2,False,1
2026-07-30 21:43:09,21.94,0.2249,0.0042,5.04,173.69,0.015,NORMAL,2,False,1
2026-07-30 21:43:09,22.0,0.2379,0.0013,5.02,174.32,0.015,NORMAL,2,False,1
2026-07-30 21:43:09,22.04,0.2429,0.0021,5.01,175.01,0.015,NORMAL,2,False,1
2026-07-30 21:43:09,22.07,0.2407,0.003,5.0,175.14,0.015,NORMAL,2,False,1
2026-07-30 21:43:09,22.19,0.2319,0.0004,4.99,174.27,0.015,NORMAL,2,False,1
2026-07-30 21:43:09,22.23,0.2248,0.0028,4.98,173.57,0.015,NORMAL,2,False,1
2026-07-30 21:43:09,22.29,0.2326,0.0022,4.96,173.7,0.015,NORMAL,2,False,1
2026-07-30 21:43:10,22.36,0.2316,0.0024,4.95,173.76,0.015,NORMAL,2,False,1
2026-07-30 21:43:10,22.41,0.2325,0.0027,4.94,173.96,0.015,NORMAL,2,False,1
2026-07-30 21:43:10,22.45,0.2357,0.0021,4.93,174.07,0.015,NORMAL,2,False,1
2026-07-30 21:43:10,22.52,0.2412,0.005,4.92,174.12,0.015,NORMAL,2,False,1
2026-07-30 21:43:10,22.56,0.2434,0.0052,4.91,173.98,0.015,NORMAL,2,False,1
2026-07-30 21:43:10,22.59,0.2509,0.0015,4.9,174.49,0.015,NORMAL,2,False,1
2026-07-30 21:43:10,22.65,0.2488,0.0015,4.88,174.69,0.015,NORMAL,2,False,1
2026-07-30 21:43:10,22.73,0.2598,0.0069,4.87,175.22,0.015,NORMAL,2,False,1
2026-07-30 21:43:10,22.79,0.2544,0.0044,4.86,174.69,0.015,NORMAL,2,False,1
2026-07-30 21:43:10,22.86,0.2531,0.0045,4.85,174.81,0.015,NORMAL,2,False,1
2026-07-30 21:43:10,22.9,0.2523,0.0044,4.84,174.89,0.015,NORMAL,2,False,1
2026-07-30 21:43:10,22.94,0.2582,0.0057,4.83,174.65,0.014,NORMAL,2,False,1
2026-07-30 21:43:10,23.01,0.2471,0.0034,4.82,173.05,0.014,NORMAL,2,False,1
2026-07-30 21:43:10,23.04,0.2484,0.0026,4.81,173.44,0.014,NORMAL,2,False,1
2026-07-30 21:43:10,23.09,0.2103,0.0046,4.79,175.6,0.014,NORMAL,2,False,1
2026-07-30 21:43:10,23.14,0.2054,0.0092,4.78,174.62,0.014,NORMAL,2,False,1
2026-07-30 21:43:10,23.19,0.2065,0.0084,4.77,174.77,0.014,NORMAL,2,False,1
2026-07-30 21:43:10,23.28,0.0236,0.0054,4.99,175.85,0.042,NORMAL,2,False,1
2026-07-30 21:43:11,23.36,0.1921,0.0022,4.98,174.12,0.015,NORMAL,2,False,1
2026-07-30 21:43:11,23.4,0.2388,0.003,4.97,175.69,0.015,NORMAL,2,False,1
2026-07-30 21:43:11,23.49,0.0555,0.0049,5.18,176.52,0.042,NORMAL,2,False,1
2026-07-30 21:43:11,23.57,0.0558,0.0068,5.39,177.42,0.07,NORMAL,2,False,1
2026-07-30 21:43:11,23.6,0.1102,0.0007,5.61,177.17,0.097,NORMAL,2,False,1
2026-07-30 21:43:11,23.68,0.2658,0.0009,5.59,178.41,0.017,NORMAL,3,False,1
2026-07-30 21:43:11,23.75,0.2585,0.0013,5.58,178.73,0.017,NORMAL,3,False,1
2026-07-30 21:43:11,23.77,0.2592,0.0019,5.57,178.99,0.017,NORMAL,3,False,1
2026-07-30 21:43:11,23.8,0.2623,0.0005,5.56,177.86,0.017,NORMAL,3,False,1
2026-07-30 21:43:11,23.91,0.2755,0.0027,5.54,177.16,0.017,NORMAL,3,False,1
2026-07-30 21:43:11,23.95,0.2638,0.0028,5.53,177.08,0.017,NORMAL,3,False,1
2026-07-30 21:43:11,23.99,0.1005,0.0017,5.74,176.86,0.044,NORMAL,3,False,1
2026-07-30 21:43:11,24.06,0.1041,0.0019,5.95,177.73,0.071,NORMAL,3,False,1
2026-07-30 21:43:11,24.09,0.0395,0.0017,6.15,177.74,0.098,NORMAL,3,False,1
2026-07-30 21:43:11,24.18,0.2539,0.0005,6.14,177.7,0.018,NORMAL,4,False,1
2026-07-30 21:43:11,24.23,0.2552,0.0003,6.13,177.88,0.018,NORMAL,4,False,1
2026-07-30 21:43:11,24.28,0.2558,0.0,6.11,177.96,0.018,NORMAL,4,False,1
2026-07-30 21:43:11,24.31,0.295,0.002,6.1,177.05,0.018,NORMAL,4,False,1
2026-07-30 21:43:12,24.37,0.2935,0.0018,6.09,176.97,0.018,NORMAL,4,False,1
2026-07-30 21:43:12,24.46,0.278,0.0031,6.07,177.13,0.018,NORMAL,4,False,1
2026-07-30 21:43:12,24.5,0.2851,0.002,6.06,176.97,0.018,NORMAL,4,False,1
2026-07-30 21:43:12,24.58,0.2841,0.0023,6.05,176.81,0.018,NORMAL,4,False,1
2026-07-30 21:43:12,24.62,0.2117,0.0007,6.03,177.36,0.018,NORMAL,4,False,1
2026-07-30 21:43:12,24.68,0.0379,0.0028,6.24,174.89,0.045,NORMAL,4,False,1
2026-07-30 21:43:12,24.73,0.0447,0.0027,6.44,175.34,0.073,NORMAL,4,False,1
2026-07-30 21:43:12,24.75,0.0432,0.0033,6.64,175.14,0.1,NORMAL,4,False,1
2026-07-30 21:43:12,24.79,0.2256,0.0049,6.62,176.86,0.02,NORMAL,5,False,1
2026-07-30 21:43:12,24.84,0.2226,0.0047,6.61,176.29,0.02,NORMAL,5,False,1
2026-07-30 21:43:12,24.86,0.2257,0.0052,6.6,176.6,0.02,NORMAL,5,False,1
2026-07-30 21:43:12,24.94,0.2634,0.1712,6.58,175.59,0.02,NORMAL,5,False,1
2026-07-30 21:43:12,25.02,0.2681,0.584,6.57,174.8,0.02,NORMAL,5,False,1
2026-07-30 21:43:12,25.07,0.2595,0.576,6.55,174.3,0.02,NORMAL,5,False,1
2026-07-30 21:43:12,25.1,0.2497,0.7432,6.54,172.48,0.12,NORMAL,5,False,1
2026-07-30 21:43:12,25.16,0.2509,0.7555,6.53,173.13,0.12,NORMAL,5,False,1
2026-07-30 21:43:12,25.19,0.2575,0.8925,6.51,172.26,0.12,NORMAL,5,False,1
2026-07-30 21:43:12,25.28,0.2472,1.0797,6.5,172.07,0.119,NORMAL,5,False,1
2026-07-30 21:43:12,25.34,0.2433,1.0577,6.49,172.61,0.119,NORMAL,5,False,1
2026-07-30 21:43:13,25.38,0.2471,1.0652,6.47,172.72,0.119,NORMAL,5,False,1
2026-07-30 21:43:13,25.41,0.2447,1.111,6.46,170.48,0.119,NORMAL,5,False,1
2026-07-30 21:43:13,25.5,0.2166,1.1738,6.44,169.78,0.119,NORMAL,5,False,1
2026-07-30 21:43:13,25.54,0.2265,1.1509,6.43,170.36,0.119,NORMAL,5,False,1
2026-07-30 21:43:13,25.57,0.2205,1.0671,6.42,169.59,0.119,NORMAL,5,False,1
2026-07-30 21:43:13,25.64,0.2236,1.1017,6.4,169.78,0.119,NORMAL,5,False,1
2026-07-30 21:43:13,25.67,0.192,0.6396,6.6,168.71,0.146,NORMAL,5,False,1
2026-07-30 21:43:13,25.78,0.1979,0.2024,6.58,169.3,0.02,NORMAL,5,False,1
2026-07-30 21:43:13,25.83,0.1999,0.1872,6.57,168.42,0.02,NORMAL,5,False,1
2026-07-30 21:43:13,25.87,0.1966,0.2058,6.56,167.59,0.02,NORMAL,5,False,1
2026-07-30 21:43:13,25.9,0.2053,0.0029,6.54,170.78,0.02,NORMAL,5,False,1
2026-07-30 21:43:13,25.94,0.2019,0.0053,6.53,170.77,0.02,NORMAL,5,False,1
2026-07-30 21:43:13,26.02,0.2094,0.007,6.52,170.83,0.02,NORMAL,5,False,1
2026-07-30 21:43:13,26.07,0.2028,0.3525,6.5,168.4,0.02,NORMAL,5,False,1
2026-07-30 21:43:13,26.15,0.2016,0.3343,6.49,168.06,0.019,NORMAL,5,False,1
2026-07-30 21:43:14,26.19,0.2098,0.941,6.48,167.01,0.119,NORMAL,5,False,1
2026-07-30 21:43:14,26.4,0.2267,1.0766,6.46,169.6,0.119,NORMAL,5,False,1
2026-07-30 21:43:14,26.45,0.2261,1.1252,6.45,170.26,0.119,NORMAL,5,False,1
2026-07-30 21:43:14,26.49,0.2347,1.0638,6.44,170.33,0.119,NORMAL,5,False,1
2026-07-30 21:43:14,26.73,0.2208,1.0799,6.43,171.71,0.119,NORMAL,5,False,1
2026-07-30 21:43:14,26.78,0.2302,1.0469,6.41,171.24,0.119,NORMAL,5,False,1
2026-07-30 21:43:14,26.82,0.2267,1.0231,6.4,170.77,0.119,NORMAL,5,False,1
2026-07-30 21:43:14,26.93,0.2072,0.6428,6.39,169.91,0.119,NORMAL,5,False,1
2026-07-30 21:43:14,27.0,0.1968,0.0012,6.37,170.37,0.019,NORMAL,5,False,1
2026-07-30 21:43:14,27.06,0.1942,0.0003,6.36,170.73,0.019,NORMAL,5,False,1
2026-07-30 21:43:14,27.1,0.1909,0.0025,6.55,169.98,0.046,NORMAL,5,False,1
2026-07-30 21:43:14,27.17,0.1977,0.0007,6.53,169.86,0.02,NORMAL,5,False,1
2026-07-30 21:43:14,27.2,0.2099,0.0004,6.52,169.08,0.02,NORMAL,5,False,1
2026-07-30 21:43:14,27.26,0.1954,0.0039,6.51,168.07,0.02,NORMAL,5,False,1
2026-07-30 21:43:14,27.32,0.1944,0.0037,6.5,168.35,0.019,NORMAL,5,False,1
2026-07-30 21:43:15,27.35,0.1952,0.0036,6.48,168.3,0.019,NORMAL,5,False,1
2026-07-30 21:43:15,27.38,0.2043,0.0928,6.47,168.62,0.019,NORMAL,5,False,1
2026-07-30 21:43:15,27.48,0.211,0.3049,6.46,170.12,0.019,NORMAL,5,False,1
2026-07-30 21:43:15,27.56,0.217,0.2582,6.45,171.65,0.019,NORMAL,5,False,1
2026-07-30 21:43:15,27.6,0.2116,0.2536,6.43,171.09,0.019,NORMAL,5,False,1
2026-07-30 21:43:15,27.68,0.2126,0.3029,6.42,170.86,0.019,NORMAL,5,False,1
2026-07-30 21:43:15,27.72,0.2126,0.2838,6.41,171.18,0.019,NORMAL,5,False,1
2026-07-30 21:43:15,27.76,0.2157,0.2469,6.4,172.59,0.019,NORMAL,5,False,1
2026-07-30 21:43:15,27.81,0.2123,0.2578,6.38,171.08,0.019,NORMAL,5,False,1
2026-07-30 21:43:15,27.87,0.2213,0.1685,6.37,172.81,0.019,NORMAL,5,False,1
2026-07-30 21:43:15,27.9,0.2256,0.1704,6.36,172.58,0.019,NORMAL,5,False,1
2026-07-30 21:43:15,27.95,0.2183,0.1749,6.35,171.47,0.019,NORMAL,5,False,1
2026-07-30 21:43:15,28.01,0.2117,0.0876,6.33,171.67,0.019,NORMAL,5,False,1
2026-07-30 21:43:15,28.04,0.2097,0.0813,6.32,172.02,0.019,NORMAL,5,False,1
2026-07-30 21:43:15,28.1,0.2062,0.0058,6.31,171.73,0.019,NORMAL,5,False,1
2026-07-30 21:43:15,28.16,0.1972,0.0084,6.3,171.61,0.019,NORMAL,5,False,1
2026-07-30 21:43:15,28.2,0.2106,0.0076,6.29,173.9,0.019,NORMAL,5,False,1
2026-07-30 21:43:15,28.28,0.2192,0.0058,6.27,172.49,0.019,NORMAL,5,False,1
2026-07-30 21:43:16,28.36,0.2287,0.0036,6.26,174.0,0.019,NORMAL,5,False,1
2026-07-30 21:43:16,28.4,0.2291,0.0028,6.25,174.35,0.019,NORMAL,5,False,1
2026-07-30 21:43:16,28.47,0.2162,0.0024,6.24,173.88,0.019,NORMAL,5,False,1
2026-07-30 21:43:16,28.55,0.25,0.0047,6.23,175.21,0.019,NORMAL,5,False,1
2026-07-30 21:43:16,28.62,0.2533,0.0028,6.21,176.05,0.019,NORMAL,5,False,1
2026-07-30 21:43:16,28.7,0.2639,0.0023,6.2,175.47,0.019,NORMAL,5,False,1
2026-07-30 21:43:16,28.76,0.2608,0.0051,6.19,175.55,0.019,NORMAL,5,False,1
2026-07-30 21:43:16,28.79,0.2579,0.0048,6.18,176.43,0.019,NORMAL,5,False,1
2026-07-30 21:43:16,28.85,0.2579,0.0046,6.17,176.17,0.019,NORMAL,5,False,1
2026-07-30 21:43:16,28.88,0.2644,0.0044,6.16,175.46,0.018,NORMAL,5,False,1
2026-07-30 21:43:16,28.91,0.2602,0.0048,6.15,175.64,0.018,NORMAL,5,False,1
2026-07-30 21:43:16,28.99,0.2619,0.0044,6.13,175.18,0.018,NORMAL,5,False,1
2026-07-30 21:43:16,29.1,0.2588,0.0065,6.12,176.45,0.018,NORMAL,5,False,1
2026-07-30 21:43:16,29.13,0.2651,0.0056,6.11,176.91,0.018,NORMAL,5,False,1
2026-07-30 21:43:16,29.29,0.2566,0.006,6.1,179.02,0.018,NORMAL,5,False,1
2026-07-30 21:43:17,29.35,0.2611,0.0048,6.09,179.68,0.018,NORMAL,5,False,1
2026-07-30 21:43:17,29.39,0.2789,0.0048,6.08,179.3,0.018,NORMAL,5,False,1
2026-07-30 21:43:17,29.49,0.2831,0.0055,6.07,179.59,0.018,NORMAL,5,False,1
2026-07-30 21:43:17,29.56,0.2628,0.0086,6.06,178.28,0.018,NORMAL,5,False,1
2026-07-30 21:43:17,29.61,0.2624,0.0073,6.04,178.34,0.018,NORMAL,5,False,1
2026-07-30 21:43:17,29.69,0.266,0.0042,6.03,-179.07,0.028,NORMAL,5,False,1
2026-07-30 21:43:17,29.75,0.2668,0.0057,6.02,-178.49,0.038,NORMAL,5,False,1
2026-07-30 21:43:17,29.79,0.2611,0.0057,6.01,179.89,0.018,NORMAL,5,False,1
2026-07-30 21:43:17,29.86,0.2541,0.0028,6.0,-179.28,0.028,NORMAL,5,False,1
2026-07-30 21:43:17,29.94,0.2731,0.0052,5.99,-177.29,0.038,NORMAL,5,False,1
2026-07-30 21:43:17,29.97,0.2791,0.0056,5.98,-176.48,0.048,NORMAL,5,False,1
2026-07-30 21:43:17,30.05,0.277,0.0059,5.97,-176.48,0.058,NORMAL,5,False,1
2026-07-30 21:43:17,30.08,0.2877,0.0054,5.96,-176.51,0.068,NORMAL,5,False,1
2026-07-30 21:43:17,30.11,0.2928,0.0031,5.95,-175.74,0.078,NORMAL,5,False,1
2026-07-30 21:43:17,30.17,0.2968,0.0163,5.94,-172.3,0.088,NORMAL,5,False,1
2026-07-30 21:43:17,30.24,0.3053,0.0106,5.92,-172.08,0.098,NORMAL,5,False,1
2026-07-30 21:43:17,30.27,0.3085,0.0156,5.91,-172.18,0.108,NORMAL,5,False,1
2026-07-30 21:43:17,30.32,0.3151,0.0159,5.9,-172.03,0.118,NORMAL,5,False,1
2026-07-30 21:43:18,30.35,0.3001,0.0062,5.89,-168.11,0.128,NORMAL,5,False,1
2026-07-30 21:43:18,30.47,0.3111,0.0027,5.88,-170.12,0.138,NORMAL,5,False,1
2026-07-30 21:43:18,30.54,0.3149,0.0019,5.87,-169.69,0.148,NORMAL,5,False,1
2026-07-30 21:43:18,30.58,0.3112,0.0012,5.86,-172.03,0.158,NORMAL,5,False,1
2026-07-30 21:43:18,30.62,0.3055,0.0015,5.86,-172.01,0.168,NORMAL,5,False,1
2026-07-30 21:43:18,30.67,0.3007,0.005,5.85,-174.47,0.178,NORMAL,5,False,1
2026-07-30 21:43:18,30.74,0.295,0.0054,5.85,-176.31,0.188,NORMAL,5,False,1
2026-07-30 21:43:18,30.77,0.2965,0.0045,5.84,-176.59,0.198,NORMAL,5,False,1
2026-07-30 21:43:18,30.82,0.2996,0.0052,5.84,-176.7,0.208,NORMAL,5,False,1
2026-07-30 21:43:18,30.85,0.2815,0.0051,5.83,-176.85,0.217,NORMAL,5,False,1
2026-07-30 21:43:18,30.88,0.2825,0.006,5.83,-177.3,0.217,NORMAL,5,False,1
2026-07-30 21:43:18,31.01,0.2844,0.0055,5.84,-177.12,0.218,NORMAL,5,False,1
2026-07-30 21:43:18,31.05,0.2943,0.0053,5.84,-179.56,0.218,NORMAL,5,False,1
2026-07-30 21:43:18,31.08,0.3067,0.0062,5.85,-178.55,0.218,NORMAL,5,False,1
2026-07-30 21:43:18,31.15,0.2963,0.0027,5.85,178.89,0.018,NORMAL,5,False,1
2026-07-30 21:43:18,31.24,0.2874,0.0036,5.84,-179.7,0.028,NORMAL,5,False,1
2026-07-30 21:43:18,31.27,0.2783,0.0047,5.84,-179.88,0.038,NORMAL,5,False,1
2026-07-30 21:43:18,31.33,0.2826,0.0041,5.84,-179.63,0.048,NORMAL,5,False,1
2026-07-30 21:43:19,31.36,0.2984,0.0068,5.85,-179.53,0.058,NORMAL,5,False,1
2026-07-30 21:43:19,31.39,0.2907,0.0086,5.84,179.48,0.018,NORMAL,5,False,1
2026-07-30 21:43:19,31.45,0.297,0.0029,5.84,-178.36,0.028,NORMAL,5,False,1
2026-07-30 21:43:19,31.54,0.2805,0.0031,5.84,-179.44,0.038,NORMAL,5,False,1
2026-07-30 21:43:19,31.57,0.2751,0.0045,5.84,-179.55,0.048,NORMAL,5,False,1
2026-07-30 21:43:19,31.63,0.2755,0.0054,5.84,-179.58,0.058,NORMAL,5,False,1
2026-07-30 21:43:19,31.66,0.2911,0.0022,5.84,178.01,0.018,NORMAL,5,False,1
2026-07-30 21:43:19,31.69,0.289,0.0014,5.83,178.16,0.017,NORMAL,5,False,1
2026-07-30 21:43:19,31.74,0.2883,0.0014,5.83,178.13,0.017,NORMAL,5,False,1
2026-07-30 21:43:19,31.77,0.2743,0.0041,5.82,178.4,0.017,NORMAL,5,False,1
2026-07-30 21:43:19,31.81,0.2751,0.0043,5.81,178.13,0.017,NORMAL,5,False,1
2026-07-30 21:43:19,31.86,0.2926,0.004,5.81,179.57,0.017,NORMAL,5,False,1
2026-07-30 21:43:19,31.88,0.2928,0.004,5.8,179.5,0.017,NORMAL,5,False,1
2026-07-30 21:43:19,31.95,0.2958,0.0027,5.82,-179.98,0.027,NORMAL,5,False,1
2026-07-30 21:43:19,32.03,0.2936,0.0023,5.82,179.89,0.017,NORMAL,5,False,1
2026-07-30 21:43:19,32.07,0.2839,0.0075,5.83,178.69,0.017,NORMAL,5,False,1
2026-07-30 21:43:19,32.11,0.2829,0.0069,5.82,179.03,0.017,NORMAL,5,False,1
2026-07-30 21:43:19,32.17,0.2816,0.0069,5.83,178.94,0.017,NORMAL,5,False,1
2026-07-30 21:43:19,32.21,0.2978,0.0038,5.83,179.63,0.017,NORMAL,5,False,1
2026-07-30 21:43:19,32.26,0.2982,0.0025,5.82,178.79,0.017,NORMAL,5,False,1
2026-07-30 21:43:19,32.32,0.2956,0.0042,5.82,179.42,0.017,NORMAL,5,False,1
2026-07-30 21:43:20,32.35,0.3028,0.0051,5.82,179.29,0.017,NORMAL,5,False,1
2026-07-30 21:43:20,32.38,0.3066,0.0046,5.82,179.35,0.017,NORMAL,5,False,1
2026-07-30 21:43:20,32.5,0.3105,0.0036,5.84,178.82,0.018,NORMAL,5,False,1
2026-07-30 21:43:20,32.55,0.2889,0.0063,5.83,178.67,0.017,NORMAL,5,False,1
2026-07-30 21:43:20,32.58,0.2894,0.0061,5.83,178.48,0.017,NORMAL,5,False,1
2026-07-30 21:43:20,32.65,0.2888,0.0075,5.83,179.87,0.017,NORMAL,5,False,1
2026-07-30 21:43:20,32.68,0.2854,0.0063,5.83,179.4,0.017,NORMAL,5,False,1
2026-07-30 21:43:20,32.72,0.2857,0.0068,5.82,179.27,0.017,NORMAL,5,False,1
2026-07-30 21:43:20,32.77,0.2934,0.002,5.82,178.58,0.017,NORMAL,5,False,1
2026-07-30 21:43:20,32.81,0.2954,0.0021,5.82,178.7,0.017,NORMAL,5,False,1
2026-07-30 21:43:20,32.84,0.2979,0.0082,5.82,178.2,0.017,NORMAL,5,False,1
2026-07-30 21:43:20,32.89,0.2958,0.0072,5.81,178.46,0.017,NORMAL,5,False,1
2026-07-30 21:43:20,32.97,0.2966,0.0041,5.81,178.96,0.017,NORMAL,5,False,1
2026-07-30 21:43:20,33.0,0.2963,0.0034,5.81,179.25,0.017,NORMAL,5,False,1
2026-07-30 21:43:20,33.08,0.296,0.006,5.82,179.23,0.017,NORMAL,5,False,1
2026-07-30 21:43:20,33.13,0.2959,0.0084,5.82,179.26,0.017,NORMAL,5,False,1
2026-07-30 21:43:20,33.15,0.3046,0.0063,5.82,179.68,0.017,NORMAL,5,False,1
2026-07-30 21:43:20,33.22,0.3025,0.0029,5.81,178.5,0.017,NORMAL,5,False,1
2026-07-30 21:43:20,33.25,0.3013,0.0033,5.81,178.57,0.017,NORMAL,5,False,1
2026-07-30 21:43:20,33.28,0.3038,0.0025,5.81,178.63,0.017,NORMAL,5,False,1
2026-07-30 21:43:20,33.33,0.3069,0.0042,5.81,177.92,0.017,NORMAL,5,False,1
2026-07-30 21:43:21,33.35,0.3052,0.0055,5.8,177.88,0.017,NORMAL,5,False,1
2026-07-30 21:43:21,33.43,0.2946,0.0028,5.81,178.23,0.017,NORMAL,5,False,1
2026-07-30 21:43:21,33.52,0.2943,0.003,5.81,180.0,0.017,NORMAL,5,False,1
2026-07-30 21:43:21,33.56,0.2951,0.0027,5.81,179.88,0.017,NORMAL,5,False,1
2026-07-30 21:43:21,33.59,0.2939,0.0029,5.81,179.96,0.017,NORMAL,5,False,1
2026-07-30 21:43:21,33.65,0.3,0.0038,5.81,177.48,0.017,NORMAL,5,False,1
2026-07-30 21:43:21,33.68,0.2972,0.0042,5.82,177.21,0.017,NORMAL,5,False,1
2026-07-30 21:43:21,33.72,0.3003,0.0054,5.82,179.47,0.017,NORMAL,5,False,1
2026-07-30 21:43:21,33.83,0.3006,0.0047,5.82,178.39,0.017,NORMAL,5,False,1
2026-07-30 21:43:21,33.86,0.3014,0.0045,5.82,177.9,0.017,NORMAL,5,False,1
2026-07-30 21:43:21,33.89,0.301,0.0043,5.81,177.92,0.017,NORMAL,5,False,1
2026-07-30 21:43:21,34.0,0.2996,0.0099,5.83,177.88,0.017,NORMAL,5,False,1
2026-07-30 21:43:21,34.04,0.2911,0.0066,5.83,178.38,0.017,NORMAL,5,False,1
2026-07-30 21:43:21,34.07,0.2912,0.0066,5.83,178.62,0.017,NORMAL,5,False,1
2026-07-30 21:43:21,34.15,0.3029,0.0042,5.84,178.09,0.018,NORMAL,5,False,1
2026-07-30 21:43:21,34.18,0.3042,0.0047,5.83,178.0,0.017,NORMAL,5,False,1
2026-07-30 21:43:21,34.21,0.2993,0.0049,5.83,179.27,0.017,NORMAL,5,False,1
2026-07-30 21:43:21,34.32,0.2869,0.0033,5.82,178.39,0.017,NORMAL,5,False,1
2026-07-30 21:43:22,34.36,0.2884,0.003,5.81,178.12,0.017,NORMAL,5,False,1
2026-07-30 21:43:22,34.39,0.2864,0.0031,5.81,178.29,0.017,NORMAL,5,False,1
2026-07-30 21:43:22,34.44,0.2959,0.0032,5.81,177.05,0.017,NORMAL,5,False,1
2026-07-30 21:43:22,34.51,0.2962,0.0035,5.82,176.85,0.017,NORMAL,5,False,1
2026-07-30 21:43:22,34.56,0.2959,0.0044,5.82,178.05,0.017,NORMAL,5,False,1
2026-07-30 21:43:22,34.64,0.297,0.0077,5.82,178.3,0.017,NORMAL,5,False,1
2026-07-30 21:43:22,34.68,0.3015,0.0083,5.83,177.69,0.017,NORMAL,5,False,1
2026-07-30 21:43:22,34.71,0.2893,0.0043,5.82,178.1,0.017,NORMAL,5,False,1
2026-07-30 21:43:22,34.82,0.301,0.0047,5.84,179.18,0.018,NORMAL,5,False,1
2026-07-30 21:43:22,34.85,0.3027,0.0041,5.83,178.33,0.017,NORMAL,5,False,1
2026-07-30 21:43:22,34.89,0.3033,0.0039,5.83,178.3,0.017,NORMAL,5,False,1
2026-07-30 21:43:22,34.94,0.1642,0.0014,6.01,178.02,0.045,NORMAL,5,False,1
2026-07-30 21:43:22,34.98,0.1621,0.0042,6.18,179.05,0.072,NORMAL,5,False,1
2026-07-30 21:43:22,35.06,0.0811,0.0069,6.37,177.36,0.099,NORMAL,5,False,1
2026-07-30 21:43:22,35.13,0.2672,0.0046,6.38,177.81,0.019,NORMAL,6,False,1
2026-07-30 21:43:22,35.17,0.2636,0.0038,6.38,177.03,0.019,NORMAL,6,False,1
2026-07-30 21:43:22,35.2,0.2617,0.0042,6.38,177.08,0.019,NORMAL,6,False,1
2026-07-30 21:43:22,35.25,0.2722,0.0069,6.37,177.62,0.019,NORMAL,6,False,1
2026-07-30 21:43:22,35.28,0.2755,0.0044,6.36,176.93,0.019,NORMAL,6,False,1
2026-07-30 21:43:22,35.31,0.2757,0.0049,6.35,177.03,0.019,NORMAL,6,False,1
2026-07-30 21:43:23,35.35,0.2844,0.0034,6.36,177.17,0.019,NORMAL,6,False,1
2026-07-30 21:43:23,35.38,0.282,0.0031,6.36,176.93,0.019,NORMAL,6,False,1
2026-07-30 21:43:23,35.42,0.2092,0.0054,6.35,177.72,0.019,NORMAL,6,False,1
2026-07-30 21:43:23,35.51,0.0411,0.0064,6.55,173.77,0.046,NORMAL,6,False,1
2026-07-30 21:43:23,35.56,0.0405,0.0072,6.73,174.81,0.074,NORMAL,6,False,1
2026-07-30 21:43:23,35.59,0.0399,0.0075,6.9,175.03,0.101,NORMAL,6,False,1
2026-07-30 21:43:23,35.66,0.235,0.0049,6.9,177.43,0.021,NORMAL,7,False,1
2026-07-30 21:43:23,35.7,0.235,0.0054,6.89,177.21,0.021,NORMAL,7,False,1
2026-07-30 21:43:23,35.73,0.2736,0.0018,6.89,176.99,0.021,NORMAL,7,False,1
2026-07-30 21:43:23,35.81,0.1663,0.0053,7.08,177.9,0.048,NORMAL,7,False,1
2026-07-30 21:43:23,35.84,0.1702,0.006,7.24,179.29,0.075,NORMAL,7,False,1
2026-07-30 21:43:23,35.87,0.1688,0.0059,7.41,179.26,0.102,NORMAL,7,False,1
2026-07-30 21:43:23,35.93,0.0332,0.0047,7.6,175.44,0.129,NORMAL,7,False,1
2026-07-30 21:43:23,36.02,0.219,0.0072,7.61,177.7,0.023,NORMAL,8,False,1
2026-07-30 21:43:23,36.06,0.2218,0.0066,7.61,177.52,0.023,NORMAL,8,False,1
2026-07-30 21:43:23,36.14,0.284,0.0045,7.62,177.99,0.023,NORMAL,8,False,1
2026-07-30 21:43:23,36.18,0.2805,0.0041,7.62,177.34,0.023,NORMAL,8,False,1
2026-07-30 21:43:23,36.21,0.2842,0.0039,7.61,177.37,0.023,NORMAL,8,False,1
2026-07-30 21:43:23,36.31,0.2882,0.0056,7.62,177.42,0.023,NORMAL,8,False,1
2026-07-30 21:43:23,36.34,0.2886,0.0072,7.61,177.73,0.023,NORMAL,8,False,1
2026-07-30 21:43:24,36.37,0.2877,0.0073,7.61,177.76,0.023,NORMAL,8,False,1
2026-07-30 21:43:24,36.42,0.2845,0.0044,7.61,177.16,0.023,NORMAL,8,False,1
2026-07-30 21:43:24,36.45,0.2829,0.0051,7.61,177.48,0.023,NORMAL,8,False,1
2026-07-30 21:43:24,36.53,0.284,0.0046,7.62,177.52,0.023,NORMAL,8,False,1
2026-07-30 21:43:24,36.6,0.2896,0.0031,7.62,177.46,0.023,NORMAL,8,False,1
2026-07-30 21:43:24,36.64,0.2867,0.003,7.62,177.35,0.023,NORMAL,8,False,1
2026-07-30 21:43:24,36.71,0.3,0.0036,7.61,177.38,0.023,NORMAL,8,False,1
2026-07-30 21:43:24,36.76,0.3045,0.0035,7.61,177.15,0.023,NORMAL,8,False,1
2026-07-30 21:43:24,36.79,0.3019,0.0036,7.6,177.07,0.023,NORMAL,8,False,1
2026-07-30 21:43:24,36.82,0.2975,0.0059,7.6,177.89,0.023,NORMAL,8,False,1
2026-07-30 21:43:24,36.9,0.2882,0.0039,7.61,177.24,0.023,NORMAL,8,False,1
2026-07-30 21:43:24,36.93,0.2938,0.0041,7.61,177.33,0.023,NORMAL,8,False,1
2026-07-30 21:43:24,37.0,0.2832,0.006,7.62,176.89,0.023,NORMAL,8,False,1
2026-07-30 21:43:24,37.1,0.292,0.0069,7.64,178.29,0.023,NORMAL,8,False,1
2026-07-30 21:43:24,37.14,0.2945,0.0075,7.64,178.81,0.023,NORMAL,8,False,1
2026-07-30 21:43:24,37.2,0.304,0.0072,7.64,178.1,0.023,NORMAL,8,False,1
2026-07-30 21:43:24,37.27,0.3039,0.0065,7.65,177.77,0.023,NORMAL,8,False,1
2026-07-30 21:43:24,37.3,0.286,0.0024,7.64,177.53,0.023,NORMAL,8,False,1
2026-07-30 21:43:25,37.4,0.2903,0.0031,7.66,177.05,0.023,NORMAL,8,False,1
2026-07-30 21:43:25,37.45,0.2876,0.0028,7.66,177.18,0.023,NORMAL,8,False,1
2026-07-30 21:43:25,37.49,0.2923,0.0042,7.66,176.99,0.023,NORMAL,8,False,1
2026-07-30 21:43:25,37.58,0.2883,0.0035,7.69,175.83,0.023,NORMAL,8,False,1
2026-07-30 21:43:25,37.63,0.2838,0.0039,7.68,176.01,0.023,NORMAL,8,False,1
2026-07-30 21:43:25,37.73,0.2826,0.0074,7.69,179.7,0.023,NORMAL,8,False,1
2026-07-30 21:43:25,37.79,0.2847,0.0077,7.71,177.53,0.023,NORMAL,8,False,1
2026-07-30 21:43:25,37.86,0.2892,0.0054,7.71,177.67,0.023,NORMAL,8,False,1
2026-07-30 21:43:25,37.9,0.2808,0.0015,7.71,-176.24,0.033,NORMAL,8,False,1
2026-07-30 21:43:25,37.99,0.2694,0.0066,7.73,-161.64,0.043,NORMAL,8,False,1
2026-07-30 21:43:25,38.04,0.2166,0.0065,7.73,-162.16,0.053,NORMAL,8,False,1
2026-07-30 21:43:25,38.07,0.2092,0.0012,7.72,-164.08,0.063,NORMAL,8,False,1
2026-07-30 21:43:25,38.1,0.2079,0.0377,7.71,-166.82,0.073,NORMAL,8,False,1
2026-07-30 21:43:25,38.15,0.193,0.0182,7.72,-168.31,0.083,NORMAL,8,False,1
2026-07-30 21:43:25,38.18,0.1947,0.0118,7.72,-167.51,0.093,NORMAL,8,False,1
2026-07-30 21:43:25,38.27,0.2655,0.0147,7.73,-171.13,0.103,NORMAL,8,False,1
2026-07-30 21:43:26,38.35,0.2665,0.012,7.75,-167.83,0.113,NORMAL,8,False,1
2026-07-30 21:43:26,38.39,0.2648,0.0228,7.75,-164.92,0.123,NORMAL,8,False,1
2026-07-30 21:43:26,38.42,0.249,0.045,7.73,5.29,0.023,NORMAL,8,False,1
2026-07-30 21:43:26,38.48,0.2551,0.0268,7.75,-168.97,0.033,NORMAL,8,False,1
2026-07-30 21:43:26,38.51,0.2875,0.0241,7.73,32.93,0.023,NORMAL,8,False,1
2026-07-30 21:43:26,38.6,0.2891,0.0071,7.75,-167.05,0.033,NORMAL,8,False,1
2026-07-30 21:43:26,38.65,0.2959,0.0143,7.73,-164.6,0.043,NORMAL,8,False,1
2026-07-30 21:43:26,38.69,0.2972,0.0143,7.75,-165.43,0.053,NORMAL,8,False,1
2026-07-30 21:43:26,38.72,0.2659,0.0191,7.75,-90.51,0.063,NORMAL,8,False,1
2026-07-30 21:43:26,38.85,0.2931,0.0223,7.76,-165.9,0.073,NORMAL,8,False,1
2026-07-30 21:43:26,38.89,0.226,0.0496,7.76,-166.25,0.083,NORMAL,8,False,1
2026-07-30 21:43:26,38.98,0.2567,0.0085,7.78,-170.84,0.093,NORMAL,8,False,1
2026-07-30 21:43:26,39.04,0.2664,0.0092,7.76,164.52,0.023,NORMAL,8,False,1
2026-07-30 21:43:26,39.08,0.2678,0.0094,7.76,164.25,0.023,NORMAL,8,False,1
2026-07-30 21:43:26,39.11,0.2305,0.0079,7.75,-167.0,0.033,NORMAL,8,False,1
2026-07-30 21:43:26,39.17,0.2634,0.0019,7.75,-169.06,0.043,NORMAL,8,False,1
2026-07-30 21:43:26,39.2,0.2666,0.0044,7.76,-176.43,0.053,NORMAL,8,False,1
2026-07-30 21:43:26,39.28,0.2935,0.0066,7.76,-178.9,0.063,NORMAL,8,False,1
2026-07-30 21:43:27,39.33,0.2877,0.0039,7.76,179.9,0.023,NORMAL,8,False,1
2026-07-30 21:43:27,39.41,0.2938,0.0071,7.76,178.42,0.023,NORMAL,8,False,1
2026-07-30 21:43:27,39.47,0.298,0.0051,7.78,177.07,0.023,NORMAL,8,False,1
2026-07-30 21:43:27,39.54,0.3079,0.006,7.78,177.23,0.023,NORMAL,8,False,1
2026-07-30 21:43:27,39.58,0.3061,0.0055,7.76,177.09,0.023,NORMAL,8,False,1
2026-07-30 21:43:27,39.61,0.2808,0.008,7.76,178.91,0.023,NORMAL,8,False,1
2026-07-30 21:43:27,39.66,0.2873,0.008,7.76,176.04,0.023,NORMAL,8,False,1
2026-07-30 21:43:27,39.69,0.2899,0.0059,7.76,177.64,0.023,NORMAL,8,False,1
2026-07-30 21:43:27,39.78,0.2705,0.0034,7.78,172.21,0.023,NORMAL,8,False,1
2026-07-30 21:43:27,39.82,0.2757,0.0042,7.78,172.51,0.023,NORMAL,8,False,1
2026-07-30 21:43:27,39.86,0.2753,0.0039,7.78,172.81,0.023,NORMAL,8,False,1
2026-07-30 21:43:27,39.92,0.2753,0.0084,7.78,175.12,0.023,NORMAL,8,False,1
2026-07-30 21:43:27,39.99,0.2772,0.0051,7.78,175.64,0.023,NORMAL,8,False,1
2026-07-30 21:43:27,40.02,0.2955,0.0028,7.76,176.01,0.023,NORMAL,8,False,1
2026-07-30 21:43:27,40.08,0.2973,0.0034,7.76,175.67,0.023,NORMAL,8,False,1
2026-07-30 21:43:27,40.13,0.2918,0.0032,7.76,174.74,0.023,NORMAL,8,False,1
2026-07-30 21:43:27,40.17,0.2961,0.0036,7.75,174.72,0.023,NORMAL,8,False,1
2026-07-30 21:43:27,40.21,0.2964,0.0054,7.75,176.23,0.023,NORMAL,8,False,1
2026-07-30 21:43:27,40.3,0.2944,0.0024,7.76,174.75,0.023,NORMAL,8,False,1
2026-07-30 21:43:27,40.34,0.3051,0.0017,7.76,175.01,0.023,NORMAL,8,False,1
2026-07-30 21:43:28,40.38,0.2895,0.0033,7.76,173.84,0.023,NORMAL,8,False,1
2026-07-30 21:43:28,40.51,0.2962,0.0055,7.78,174.08,0.023,NORMAL,8,False,1
2026-07-30 21:43:28,40.55,0.2887,0.0052,7.79,174.1,0.023,NORMAL,8,False,1
2026-07-30 21:43:28,40.6,0.3033,0.0037,7.78,173.37,0.023,NORMAL,8,False,1
2026-07-30 21:43:28,40.68,0.303,0.0007,7.79,174.28,0.023,NORMAL,8,False,1
2026-07-30 21:43:28,40.71,0.3051,0.0012,7.79,174.33,0.023,NORMAL,8,False,1
2026-07-30 21:43:28,40.79,0.2828,0.0065,7.79,174.69,0.023,NORMAL,8,False,1
2026-07-30 21:43:28,40.94,0.2936,0.0069,7.83,175.52,0.023,NORMAL,8,False,1
2026-07-30 21:43:28,41.0,0.2966,0.0032,7.83,174.3,0.023,NORMAL,8,False,1
2026-07-30 21:43:28,41.08,0.2778,0.0058,7.83,172.12,0.023,NORMAL,8,False,1
2026-07-30 21:43:28,41.14,0.288,0.0084,7.83,172.71,0.023,NORMAL,8,False,1
2026-07-30 21:43:28,41.22,0.2826,0.003,7.85,172.89,0.024,NORMAL,8,False,1
2026-07-30 21:43:28,41.27,0.2711,0.0105,7.85,172.03,0.024,NORMAL,8,False,1
2026-07-30 21:43:29,41.35,0.279,0.0054,7.85,171.48,0.024,NORMAL,8,False,1
2026-07-30 21:43:29,41.39,0.2874,0.0057,7.85,172.74,0.024,NORMAL,8,False,1
2026-07-30 21:43:29,41.42,0.2818,0.0069,7.85,171.96,0.024,NORMAL,8,False,1
2026-07-30 21:43:29,41.48,0.2684,0.0049,7.85,172.29,0.024,NORMAL,8,False,1
2026-07-30 21:43:29,41.52,0.2656,0.0045,7.85,173.16,0.024,NORMAL,8,False,1
2026-07-30 21:43:29,41.57,0.2915,0.0954,7.85,170.58,0.024,NORMAL,8,False,1
2026-07-30 21:43:29,41.62,0.2815,0.0387,7.83,171.11,0.023,NORMAL,8,False,1
2026-07-30 21:43:29,41.66,0.2806,0.0558,7.83,170.36,0.023,NORMAL,8,False,1
2026-07-30 21:43:29,41.74,0.2605,0.0073,7.85,179.0,0.024,NORMAL,8,False,1
2026-07-30 21:43:29,41.81,0.2806,0.0179,7.86,178.99,0.024,NORMAL,8,False,1
2026-07-30 21:43:29,41.86,0.2916,0.0191,7.85,178.84,0.024,NORMAL,8,False,1
2026-07-30 21:43:29,41.89,0.2852,0.0203,7.86,178.86,0.024,NORMAL,8,False,1
2026-07-30 21:43:29,41.95,0.2812,0.0235,7.86,178.57,0.024,NORMAL,8,False,1
2026-07-30 21:43:29,41.99,0.284,0.0185,7.86,-177.2,0.034,NORMAL,8,False,1
2026-07-30 21:43:29,42.07,0.2804,0.0166,7.86,-178.02,0.044,NORMAL,8,False,1
2026-07-30 21:43:29,42.12,0.2901,0.0144,7.86,179.3,0.024,NORMAL,8,False,1
2026-07-30 21:43:29,42.16,0.2813,0.0074,7.86,-179.03,0.034,NORMAL,8,False,1
2026-07-30 21:43:29,42.19,0.2634,0.0038,7.86,-178.33,0.044,NORMAL,8,False,1
2026-07-30 21:43:29,42.29,0.2903,0.0012,7.89,-178.66,0.054,NORMAL,8,False,1
2026-07-30 21:43:30,42.37,0.2792,0.0089,7.89,178.11,0.024,NORMAL,8,False,1
2026-07-30 21:43:30,42.4,0.2851,0.0078,7.89,179.7,0.024,NORMAL,8,False,1
2026-07-30 21:43:30,42.46,0.2836,0.0071,7.9,179.93,0.024,NORMAL,8,False,1
2026-07-30 21:43:30,42.5,0.2847,0.0062,7.89,179.92,0.024,NORMAL,8,False,1
2026-07-30 21:43:30,42.53,0.2786,0.0056,7.88,-177.57,0.034,NORMAL,8,False,1
2026-07-30 21:43:30,42.58,0.2718,0.0016,7.88,-178.82,0.044,NORMAL,8,False,1
2026-07-30 21:43:30,42.66,0.2822,0.0074,7.89,-178.77,0.054,NORMAL,8,False,1
2026-07-30 21:43:30,42.71,0.2891,0.0059,7.89,-178.17,0.064,NORMAL,8,False,1
2026-07-30 21:43:30,42.76,0.2843,0.0094,7.89,179.4,0.024,NORMAL,8,False,1
2026-07-30 21:43:30,42.87,0.2861,0.0066,7.9,-178.43,0.034,NORMAL,8,False,1
2026-07-30 21:43:30,42.91,0.2848,0.0088,7.72,-178.53,0.043,NORMAL,8,False,1
2026-07-30 21:43:30,42.98,0.2885,0.0036,7.54,179.78,0.023,NORMAL,8,False,1
2026-07-30 21:43:30,43.06,0.2878,0.0081,7.35,179.49,0.022,NORMAL,8,False,1
2026-07-30 21:43:30,43.09,0.2898,0.006,7.17,-179.42,0.032,NORMAL,8,False,1
2026-07-30 21:43:30,43.15,0.291,0.0055,6.99,179.96,0.021,NORMAL,8,False,1
2026-07-30 21:43:30,43.19,0.2954,0.0089,6.8,-179.52,0.03,NORMAL,8,False,1
2026-07-30 21:43:30,43.22,0.2919,0.0079,6.79,-178.77,0.04,NORMAL,8,False,1
2026-07-30 21:43:30,43.27,0.2921,0.0087,6.61,-178.54,0.05,NORMAL,8,False,1
2026-07-30 21:43:31,43.36,0.2811,0.0027,6.25,-178.59,0.059,NORMAL,8,False,1
2026-07-30 21:43:31,43.44,0.279,0.0046,5.89,-178.73,0.068,NORMAL,8,False,1
2026-07-30 21:43:31,43.51,0.2819,0.0195,5.71,179.8,0.017,NORMAL,8,False,1
2026-07-30 21:43:31,43.55,0.2857,0.0102,5.7,178.84,0.017,NORMAL,8,False,1
2026-07-30 21:43:31,43.6,0.2851,0.0124,5.51,178.16,0.017,NORMAL,8,False,1
2026-07-30 21:43:31,43.65,0.2852,0.0055,5.33,-178.76,0.026,NORMAL,8,False,1
2026-07-30 21:43:31,43.75,0.2835,0.0049,4.97,179.68,0.015,NORMAL,8,False,1
2026-07-30 21:43:31,43.79,0.2855,0.0013,4.96,-179.94,0.025,NORMAL,8,False,1
2026-07-30 21:43:31,43.83,0.2816,0.0013,4.78,-179.93,0.034,NORMAL,8,False,1
2026-07-30 21:43:31,43.86,0.2857,0.0039,4.77,179.44,0.014,NORMAL,8,False,1
2026-07-30 21:43:31,43.9,0.287,0.0075,4.59,179.61,0.014,NORMAL,8,False,1
2026-07-30 21:43:31,44.01,0.2792,0.0068,4.6,177.92,0.014,NORMAL,8,False,1
2026-07-30 21:43:31,44.05,0.2814,0.0127,4.59,178.67,0.014,NORMAL,8,False,1
2026-07-30 21:43:31,44.09,0.2925,0.013,4.59,179.56,0.014,NORMAL,8,False,1
2026-07-30 21:43:31,44.15,0.2698,0.0105,4.59,177.5,0.014,NORMAL,8,False,1
2026-07-30 21:43:31,44.24,0.2753,0.0161,4.59,178.17,0.014,NORMAL,8,False,1
2026-07-30 21:43:31,44.28,0.2722,0.0175,4.58,178.11,0.014,NORMAL,8,False,1
2026-07-30 21:43:31,44.33,0.2731,0.0148,4.58,178.08,0.014,NORMAL,8,False,1
2026-07-30 21:43:32,44.37,0.2864,0.0194,4.58,178.6,0.014,NORMAL,8,False,1
2026-07-30 21:43:32,44.4,0.2889,0.0206,4.58,178.56,0.014,NORMAL,8,False,1
2026-07-30 21:43:32,44.46,0.2874,0.0138,4.57,176.78,0.014,NORMAL,8,False,1
2026-07-30 21:43:32,44.56,0.2874,0.0193,4.58,178.61,0.014,NORMAL,8,False,1
2026-07-30 21:43:32,44.59,0.278,0.0188,4.58,177.19,0.014,NORMAL,8,False,1
2026-07-30 21:43:32,44.66,0.276,0.0084,4.59,179.01,0.014,NORMAL,8,False,1
2026-07-30 21:43:32,44.76,0.2827,0.0105,4.6,179.34,0.014,NORMAL,8,False,1
2026-07-30 21:43:32,44.79,0.2841,0.0083,4.59,179.3,0.014,NORMAL,8,False,1
2026-07-30 21:43:32,44.86,0.2766,0.0108,4.59,179.51,0.014,NORMAL,8,False,1
2026-07-30 21:43:32,44.95,0.2715,0.0189,4.59,178.32,0.014,NORMAL,8,False,1
2026-07-30 21:43:32,44.98,0.2707,0.0204,4.59,178.05,0.014,NORMAL,8,False,1
2026-07-30 21:43:32,45.05,0.2743,0.0097,4.59,178.28,0.014,NORMAL,8,False,1
2026-07-30 21:43:32,45.14,0.2763,0.0036,4.6,178.45,0.014,NORMAL,8,False,1
2026-07-30 21:43:32,45.23,0.2773,0.0036,4.24,178.25,0.013,NORMAL,8,False,1
2026-07-30 21:43:32,45.31,0.2768,0.0094,4.06,179.0,0.012,NORMAL,8,False,1
2026-07-30 21:43:33,45.36,0.286,0.0033,4.06,-177.69,0.022,NORMAL,8,False,1
2026-07-30 21:43:33,45.4,0.2848,0.0068,4.06,-178.25,0.032,NORMAL,8,False,1
2026-07-30 21:43:33,45.46,0.2865,0.0081,4.06,-178.66,0.042,NORMAL,8,False,1
2026-07-30 21:43:33,45.54,0.2785,0.0044,4.07,-177.6,0.052,NORMAL,8,False,1
2026-07-30 21:43:33,45.57,0.2826,0.0021,4.07,-176.38,0.062,NORMAL,8,False,1
2026-07-30 21:43:33,45.63,0.2842,0.002,4.07,-176.72,0.072,NORMAL,8,False,1
2026-07-30 21:43:33,45.66,0.2856,0.0096,4.07,-175.87,0.082,NORMAL,8,False,1
2026-07-30 21:43:33,45.69,0.2808,0.0089,4.06,-176.2,0.092,NORMAL,8,False,1
2026-07-30 21:43:33,45.81,0.267,0.0089,4.07,-176.56,0.102,NORMAL,8,False,1
2026-07-30 21:43:33,45.84,0.2816,0.0059,4.06,-177.57,0.112,NORMAL,8,False,1
2026-07-30 21:43:33,45.89,0.2797,0.008,4.05,-178.03,0.122,NORMAL,8,False,1
2026-07-30 21:43:33,45.97,0.28,0.0058,4.07,-176.22,0.132,NORMAL,8,False,1
2026-07-30 21:43:33,46.04,0.2785,0.0069,4.06,-177.47,0.142,NORMAL,8,False,1
2026-07-30 21:43:33,46.08,0.2823,0.0058,4.06,-176.63,0.152,NORMAL,8,False,1
2026-07-30 21:43:33,46.15,0.2793,0.0068,4.06,-177.26,0.162,NORMAL,8,False,1
2026-07-30 21:43:33,46.18,0.2901,0.0103,4.06,-177.66,0.172,NORMAL,8,False,1
2026-07-30 21:43:33,46.21,0.2845,0.0043,4.05,-176.21,0.182,NORMAL,8,False,1
2026-07-30 21:43:34,46.28,0.2666,0.0164,4.06,-176.8,0.192,NORMAL,8,False,1
2026-07-30 21:43:34,46.39,0.2847,0.0109,4.07,-177.64,0.202,NORMAL,8,False,1
2026-07-30 21:43:34,46.44,0.2857,0.0125,4.07,-178.02,0.212,NORMAL,8,False,1
2026-07-30 21:43:34,46.51,0.2788,0.0016,4.07,-176.81,0.212,NORMAL,8,False,1
2026-07-30 21:43:34,46.55,0.2822,0.0067,4.07,-175.16,0.212,NORMAL,8,False,1
2026-07-30 21:43:34,46.59,0.2839,0.0074,4.07,-175.22,0.212,NORMAL,8,False,1
2026-07-30 21:43:34,46.65,0.2754,0.0034,4.07,-172.94,0.212,NORMAL,8,False,1
2026-07-30 21:43:34,46.74,0.2862,0.0221,4.08,-175.25,0.212,NORMAL,8,False,1
2026-07-30 21:43:34,46.77,0.2801,0.0052,4.08,-175.08,0.212,NORMAL,8,False,1
2026-07-30 21:43:34,46.82,0.2847,0.0127,4.07,-175.45,0.212,NORMAL,8,False,1
2026-07-30 21:43:34,46.85,0.2854,0.0099,4.07,-176.86,0.212,NORMAL,8,False,1
2026-07-30 21:43:34,46.94,0.3032,0.0095,4.07,-176.9,0.212,NORMAL,8,False,1
2026-07-30 21:43:34,47.03,0.2914,0.0036,4.08,-175.59,0.212,NORMAL,8,False,1
2026-07-30 21:43:34,47.07,0.2789,0.0036,4.08,-175.64,0.212,NORMAL,8,False,1
2026-07-30 21:43:34,47.1,0.2782,0.0041,4.07,-175.69,0.212,NORMAL,8,False,1
2026-07-30 21:43:34,47.16,0.2811,0.0049,4.07,-179.57,0.212,NORMAL,8,False,1
2026-07-30 21:43:34,47.24,0.2934,0.0072,4.07,-177.68,0.212,NORMAL,8,False,1
2026-07-30 21:43:34,47.27,0.2938,0.0071,4.07,-177.47,0.212,NORMAL,8,False,1
2026-07-30 21:43:34,47.33,0.2947,0.0073,4.07,-177.35,0.212,NORMAL,8,False,1
2026-07-30 21:43:35,47.37,0.2927,0.0016,4.07,-177.59,0.212,NORMAL,8,False,1
2026-07-30 21:43:35,47.4,0.2873,0.0035,4.07,-178.18,0.212,NORMAL,8,False,1
2026-07-30 21:43:35,47.51,0.2689,0.0065,4.07,-175.84,0.212,NORMAL,8,False,1
2026-07-30 21:43:35,47.54,0.2729,0.0088,4.07,-175.69,0.212,NORMAL,8,False,1
2026-07-30 21:43:35,47.58,0.2769,0.0078,4.07,-175.7,0.212,NORMAL,8,False,1
2026-07-30 21:43:35,47.65,0.2752,0.0051,4.07,-175.92,0.212,NORMAL,8,False,1
2026-07-30 21:43:35,47.73,0.2739,0.0082,4.08,-176.77,0.212,NORMAL,8,False,1
2026-07-30 21:43:35,47.76,0.2818,0.0094,4.07,-175.81,0.212,NORMAL,8,False,1
2026-07-30 21:43:35,47.82,0.2912,0.0191,4.08,179.8,0.012,NORMAL,8,False,1
2026-07-30 21:43:35,47.85,0.2848,0.0125,4.08,179.73,0.012,NORMAL,8,False,1
2026-07-30 21:43:35,47.88,0.2852,0.0182,4.07,179.75,0.012,NORMAL,8,False,1
2026-07-30 21:43:35,47.93,0.2451,0.0103,4.07,-179.33,0.022,NORMAL,8,False,1
2026-07-30 21:43:35,48.0,0.2449,0.0079,4.07,-179.44,0.032,NORMAL,8,False,1
2026-07-30 21:43:35,48.03,0.2621,0.0078,4.07,-179.92,0.042,NORMAL,8,False,1
2026-07-30 21:43:35,48.13,0.2635,0.0079,4.07,-179.0,0.052,NORMAL,8,False,1
2026-07-30 21:43:35,48.17,0.259,0.0058,4.07,-178.36,0.062,NORMAL,8,False,1
2026-07-30 21:43:35,48.2,0.2595,0.0057,4.07,-179.26,0.072,NORMAL,8,False,1
2026-07-30 21:43:35,48.28,0.2746,0.0025,4.07,-177.47,0.082,NORMAL,8,False,1
2026-07-30 21:43:35,48.31,0.2741,0.0037,4.07,-177.54,0.092,NORMAL,8,False,1
2026-07-30 21:43:35,48.34,0.2862,0.0033,4.07,-176.16,0.102,NORMAL,8,False,1
2026-07-30 21:43:36,48.42,0.2875,0.0085,4.07,-175.19,0.112,NORMAL,8,False,1
2026-07-30 21:43:36,48.45,0.2853,0.0057,4.07,-176.18,0.122,NORMAL,8,False,1
2026-07-30 21:43:36,49.01,0.279,0.0034,4.14,176.67,0.012,NORMAL,8,False,1
2026-07-30 21:43:36,49.1,0.2755,0.0051,4.14,177.44,0.012,NORMAL,8,False,1
2026-07-30 21:43:36,49.15,0.2995,0.0035,4.14,174.57,0.012,NORMAL,8,False,1
2026-07-30 21:43:36,49.18,0.2958,0.0051,4.14,173.53,0.012,NORMAL,8,False,1
2026-07-30 21:43:36,49.26,0.294,0.0023,4.14,175.26,0.012,NORMAL,8,False,1
2026-07-30 21:43:36,49.3,0.2975,0.0012,4.14,175.44,0.012,NORMAL,8,False,1
2026-07-30 21:43:36,49.34,0.2946,0.0027,4.14,176.49,0.012,NORMAL,8,False,1
2026-07-30 21:43:37,49.41,0.2928,0.009,4.14,175.5,0.012,NORMAL,8,False,1
2026-07-30 21:43:37,49.43,0.3003,0.0089,4.14,175.03,0.012,NORMAL,8,False,1
2026-07-30 21:43:37,49.46,0.3017,0.0073,4.14,175.08,0.012,NORMAL,8,False,1
2026-07-30 21:43:37,49.58,0.2906,0.0075,4.15,175.96,0.012,NORMAL,8,False,1
2026-07-30 21:43:37,49.62,0.2992,0.0123,4.15,176.18,0.012,NORMAL,8,False,1
2026-07-30 21:43:37,49.67,0.2894,0.0059,4.14,175.68,0.012,NORMAL,8,False,1
2026-07-30 21:43:37,49.73,0.3017,0.0039,4.15,176.62,0.012,NORMAL,8,False,1
2026-07-30 21:43:37,49.77,0.2975,0.0031,4.15,175.56,0.012,NORMAL,8,False,1
2026-07-30 21:43:37,49.81,0.3019,0.0033,4.14,175.38,0.012,NORMAL,8,False,1
2026-07-30 21:43:37,49.89,0.3003,0.0046,4.15,175.02,0.012,NORMAL,8,False,1
2026-07-30 21:43:37,49.92,0.2932,0.0025,4.15,176.31,0.012,NORMAL,8,False,1
2026-07-30 21:43:37,49.95,0.2907,0.003,4.14,174.89,0.012,NORMAL,8,False,1
2026-07-30 21:43:37,50.02,0.2837,0.0014,4.15,175.2,0.012,NORMAL,8,False,1
2026-07-30 21:43:37,50.09,0.285,0.0015,4.15,174.93,0.012,NORMAL,8,False,1
2026-07-30 21:43:37,50.12,0.2957,0.0032,4.14,175.25,0.012,NORMAL,8,False,1
2026-07-30 21:43:37,50.21,0.3016,0.0026,4.16,176.27,0.012,NORMAL,8,False,1
2026-07-30 21:43:37,50.25,0.2953,0.0029,4.16,175.17,0.012,NORMAL,8,False,1
2026-07-30 21:43:37,50.28,0.2949,0.0026,4.16,174.97,0.012,NORMAL,8,False,1
2026-07-30 21:43:38,50.37,0.2818,0.0007,4.16,174.68,0.012,NORMAL,8,False,1
2026-07-30 21:43:38,50.4,0.2952,0.0041,4.16,174.98,0.012,NORMAL,8,False,1
2026-07-30 21:43:38,50.43,0.2982,0.0032,4.15,175.86,0.012,NORMAL,8,False,1
2026-07-30 21:43:38,50.51,0.2961,0.0047,4.16,176.46,0.012,NORMAL,8,False,1
2026-07-30 21:43:38,50.54,0.2915,0.0063,4.15,175.46,0.012,NORMAL,8,False,1
2026-07-30 21:43:38,50.62,0.277,0.0032,4.17,174.38,0.012,NORMAL,8,False,1
2026-07-30 21:43:38,50.71,0.2873,0.0037,4.16,174.46,0.012,NORMAL,8,False,1
2026-07-30 21:43:38,50.75,0.2848,0.0042,4.17,174.75,0.012,NORMAL,8,False,1
2026-07-30 21:43:38,50.78,0.2903,0.0038,4.17,174.65,0.012,NORMAL,8,False,1
2026-07-30 21:43:38,50.87,0.2869,0.002,4.17,175.09,0.012,NORMAL,8,False,1
2026-07-30 21:43:38,50.92,0.273,0.006,4.17,175.34,0.012,NORMAL,8,False,1
2026-07-30 21:43:38,50.95,0.281,0.0066,4.16,175.05,0.012,NORMAL,8,False,1
2026-07-30 21:43:38,51.01,0.3046,0.0015,4.15,175.2,0.012,NORMAL,8,False,1
2026-07-30 21:43:38,51.04,0.3049,0.0012,4.15,175.37,0.012,NORMAL,8,False,1
2026-07-30 21:43:38,51.07,0.304,0.0008,4.15,175.38,0.012,NORMAL,8,False,1
2026-07-30 21:43:38,51.2,0.2907,0.0053,4.16,174.61,0.012,NORMAL,8,False,1
2026-07-30 21:43:38,51.23,0.2977,0.0018,4.15,175.72,0.012,NORMAL,8,False,1
2026-07-30 21:43:38,51.28,0.2984,0.0026,4.16,175.47,0.012,NORMAL,8,False,1
2026-07-30 21:43:39,51.39,0.2783,0.0038,4.17,174.47,0.012,NORMAL,8,False,1
2026-07-30 21:43:39,51.43,0.2811,0.0034,4.17,174.73,0.012,NORMAL,8,False,1
2026-07-30 21:43:39,51.47,0.2803,0.0038,4.16,174.58,0.012,NORMAL,8,False,1
2026-07-30 21:43:39,51.53,0.2811,0.0016,4.17,174.68,0.012,NORMAL,8,False,1
2026-07-30 21:43:39,51.58,0.2778,0.0018,4.17,175.21,0.012,NORMAL,8,False,1
2026-07-30 21:43:39,51.62,0.282,0.0018,4.16,174.54,0.012,NORMAL,8,False,1
2026-07-30 21:43:39,51.7,0.2765,0.0026,4.16,174.64,0.012,NORMAL,8,False,1
2026-07-30 21:43:39,51.86,0.2792,0.0024,4.17,175.15,0.013,NORMAL,8,False,1
2026-07-30 21:43:39,51.91,0.2818,0.0056,4.17,175.01,0.013,NORMAL,8,False,1
2026-07-30 21:43:39,52.01,0.2878,0.0064,4.19,173.4,0.013,NORMAL,8,False,1
2026-07-30 21:43:39,52.06,0.2862,0.0105,4.19,173.13,0.013,NORMAL,8,False,1
2026-07-30 21:43:39,52.09,0.2894,0.0153,4.19,173.32,0.013,NORMAL,8,False,1
2026-07-30 21:43:39,52.16,0.2786,0.0078,4.18,175.56,0.013,NORMAL,8,False,1
2026-07-30 21:43:39,52.2,0.2863,0.0038,4.18,173.33,0.013,NORMAL,8,False,1
2026-07-30 21:43:39,52.29,0.2881,0.0015,4.18,175.19,0.013,NORMAL,8,False,1
2026-07-30 21:43:40,52.35,0.2886,0.0024,4.18,174.47,0.013,NORMAL,8,False,1
2026-07-30 21:43:40,52.39,0.2882,0.0026,4.18,174.29,0.013,NORMAL,8,False,1
2026-07-30 21:43:40,52.5,0.2828,0.0037,4.19,174.53,0.013,NORMAL,8,False,1
2026-07-30 21:43:40,52.57,0.2857,0.0026,4.2,176.16,0.013,NORMAL,8,False,1
2026-07-30 21:43:40,52.62,0.2783,0.0026,4.2,173.69,0.013,NORMAL,8,False,1
2026-07-30 21:43:40,52.69,0.2865,0.0057,4.2,174.49,0.013,NORMAL,8,False,1
2026-07-30 21:43:40,52.74,0.2855,0.0061,4.2,173.89,0.013,NORMAL,8,False,1
2026-07-30 21:43:40,52.77,0.2857,0.0062,4.19,173.86,0.013,NORMAL,8,False,1
2026-07-30 21:43:40,52.8,0.2503,0.0015,4.19,173.51,0.013,NORMAL,8,False,1
2026-07-30 21:43:40,52.85,0.2532,0.0021,4.18,175.36,0.013,NORMAL,8,False,1
2026-07-30 21:43:40,52.9,0.2541,0.0013,4.19,174.59,0.013,NORMAL,8,False,1
2026-07-30 21:43:40,52.94,0.2528,0.0038,4.18,174.51,0.013,NORMAL,8,False,1
2026-07-30 21:43:40,53.09,0.254,0.0042,4.2,174.73,0.013,NORMAL,8,False,1
2026-07-30 21:43:40,53.13,0.2585,0.0044,4.2,176.48,0.013,NORMAL,8,False,1
2026-07-30 21:43:40,53.19,0.2452,0.0025,4.2,174.23,0.013,NORMAL,8,False,1
2026-07-30 21:43:40,53.25,0.2594,0.0019,4.2,173.35,0.013,NORMAL,8,False,1
2026-07-30 21:43:40,53.3,0.2388,0.0015,4.01,172.75,0.012,NORMAL,8,False,1
2026-07-30 21:43:41,53.39,0.247,0.003,4.01,171.13,0.012,NORMAL,8,False,1
2026-07-30 21:43:41,53.49,0.2392,0.002,4.01,172.04,0.012,NORMAL,8,False,1
2026-07-30 21:43:41,53.53,0.2508,0.0034,3.82,171.27,0.011,NORMAL,8,False,1
2026-07-30 21:43:41,53.59,0.2568,0.0019,3.63,170.86,0.011,NORMAL,8,False,1
2026-07-30 21:43:41,53.66,0.2547,0.0027,3.44,169.99,0.01,NORMAL,8,False,1
2026-07-30 21:43:41,53.77,0.2535,0.0035,3.44,171.14,0.01,NORMAL,8,False,1
2026-07-30 21:43:41,53.81,0.2601,0.0045,3.45,170.72,0.01,NORMAL,8,False,1
2026-07-30 21:43:41,53.91,0.2484,0.001,3.44,170.72,0.01,NORMAL,8,False,1
2026-07-30 21:43:41,53.95,0.2504,0.0024,3.45,170.52,0.01,NORMAL,8,False,1
2026-07-30 21:43:41,54.0,0.2592,0.0039,3.26,170.73,0.01,NORMAL,8,False,1
2026-07-30 21:43:41,54.08,0.2607,0.0045,3.07,170.53,0.009,NORMAL,8,False,1
2026-07-30 21:43:41,54.11,0.2584,0.0019,2.87,170.99,0.009,NORMAL,8,False,1
2026-07-30 21:43:41,54.18,0.2557,0.0031,2.87,171.89,0.009,NORMAL,8,False,1
2026-07-30 21:43:41,54.24,0.2504,0.0035,2.87,171.71,0.009,NORMAL,8,False,1
2026-07-30 21:43:41,54.27,0.2494,0.0033,2.87,171.89,0.009,NORMAL,8,False,1
2026-07-30 21:43:42,54.37,0.2627,0.0038,2.87,171.62,0.009,NORMAL,8,False,1
2026-07-30 21:43:42,54.46,0.2627,0.0026,2.87,172.38,0.009,NORMAL,8,False,1
2026-07-30 21:43:42,54.51,0.2618,0.0041,2.88,171.47,0.009,NORMAL,8,False,1
2026-07-30 21:43:42,54.58,0.2609,0.0027,2.88,171.9,0.009,NORMAL,8,False,1
2026-07-30 21:43:42,54.68,0.2645,0.002,2.88,171.41,0.009,NORMAL,8,False,1
2026-07-30 21:43:42,54.73,0.2673,0.0031,2.69,171.59,0.008,NORMAL,8,False,1
2026-07-30 21:43:42,54.79,0.2491,0.002,2.31,171.78,0.007,NORMAL,8,False,1
2026-07-30 21:43:42,54.89,0.2516,0.0032,2.32,171.22,0.007,NORMAL,8,False,1
2026-07-30 21:43:42,54.93,0.2519,0.0032,2.31,171.44,0.007,NORMAL,8,False,1
2026-07-30 21:43:42,54.98,0.2492,0.003,2.31,170.28,0.007,NORMAL,8,False,1
2026-07-30 21:43:42,55.14,0.2468,0.0045,2.32,172.3,0.007,NORMAL,8,False,1
2026-07-30 21:43:42,55.17,0.2515,0.0038,2.32,170.35,0.007,NORMAL,8,False,1
2026-07-30 21:43:42,55.28,0.2552,0.002,2.32,172.41,0.007,NORMAL,8,False,1
2026-07-30 21:43:43,55.38,0.2569,0.0027,2.33,171.68,0.007,NORMAL,8,False,1
2026-07-30 21:43:43,55.42,0.2612,0.0024,2.33,171.33,0.007,NORMAL,8,False,1
2026-07-30 21:43:43,55.47,0.2474,0.0037,2.33,170.96,0.007,NORMAL,8,False,1
2026-07-30 21:43:43,55.52,0.2507,0.0033,2.33,171.3,0.007,NORMAL,8,False,1
2026-07-30 21:43:43,55.55,0.2512,0.0033,2.33,171.36,0.007,NORMAL,8,False,1
2026-07-30 21:43:43,55.57,0.2525,0.0034,2.33,171.39,0.007,NORMAL,8,False,1
2026-07-30 21:43:43,55.62,0.2562,0.004,2.32,171.63,0.007,NORMAL,8,False,1
2026-07-30 21:43:43,55.69,0.256,0.005,2.13,170.39,0.006,NORMAL,8,False,1
2026-07-30 21:43:43,55.78,0.2528,0.0033,2.13,171.72,0.006,NORMAL,8,False,1
2026-07-30 21:43:43,55.85,0.2491,0.0028,2.13,171.93,0.006,NORMAL,8,False,1
2026-07-30 21:43:43,55.9,0.2497,0.0028,2.14,171.8,0.006,NORMAL,8,False,1
2026-07-30 21:43:43,56.03,0.2432,0.0033,2.14,171.33,0.006,NORMAL,8,False,1
2026-07-30 21:43:43,56.09,0.2503,0.0035,2.14,171.02,0.006,NORMAL,8,False,1
2026-07-30 21:43:43,56.18,0.2535,0.0066,2.14,172.29,0.006,NORMAL,8,False,1
2026-07-30 21:43:43,56.21,0.2467,0.0076,2.14,172.41,0.006,NORMAL,8,False,1
2026-07-30 21:43:43,56.26,0.2475,0.0067,2.14,172.97,0.006,NORMAL,8,False,1
2026-07-30 21:43:43,56.29,0.2631,0.0046,2.13,171.91,0.006,NORMAL,8,False,1
2026-07-30 21:43:44,56.37,0.2551,0.0038,2.13,171.21,0.006,NORMAL,8,False,1
2026-07-30 21:43:44,56.44,0.2533,0.006,2.13,172.05,0.006,NORMAL,8,False,0
2026-07-30 21:43:44,56.47,0.2525,0.0058,2.13,172.13,0.006,NORMAL,8,False,0
2026-07-30 21:43:44,56.5,0.2417,0.0023,2.13,172.93,0.006,NORMAL,8,False,0
2026-07-30 21:43:44,56.57,0.2371,0.002,2.12,173.31,0.006,NORMAL,8,False,0
2026-07-30 21:43:44,56.67,0.2343,0.0027,2.12,172.02,0.006,NORMAL,8,False,0
2026-07-30 21:43:44,56.7,0.2386,0.0031,2.12,171.15,0.006,NORMAL,8,False,0
2026-07-30 21:43:44,56.77,0.2401,0.0033,2.12,170.82,0.006,NORMAL,8,False,0
2026-07-30 21:43:44,56.8,0.2445,0.0025,2.12,172.69,0.006,NORMAL,8,False,0
2026-07-30 21:43:44,56.86,0.2447,0.0023,2.12,172.18,0.006,NORMAL,8,False,0
2026-07-30 21:43:44,56.99,0.2501,0.0045,2.12,172.26,0.006,NORMAL,8,False,0
2026-07-30 21:43:44,57.06,0.2468,0.0028,2.12,172.33,0.006,NORMAL,8,False,0
2026-07-30 21:43:44,57.1,0.253,0.0032,1.93,172.32,0.006,NORMAL,8,False,0
2026-07-30 21:43:44,57.15,0.2522,0.0035,1.92,172.51,0.006,NORMAL,8,False,0
2026-07-30 21:43:44,57.19,0.2505,0.0034,1.92,171.91,0.006,NORMAL,8,False,0
2026-07-30 21:43:44,57.26,0.2626,0.0013,1.93,173.66,0.006,NORMAL,8,False,0
2026-07-30 21:43:44,57.32,0.2655,0.0009,1.92,174.17,0.006,NORMAL,8,False,0
2026-07-30 21:43:45,57.36,0.2669,0.0033,1.93,172.1,0.006,NORMAL,8,False,0
2026-07-30 21:43:45,57.4,0.2638,0.0028,1.93,172.2,0.006,NORMAL,8,False,0
2026-07-30 21:43:45,57.46,0.2618,0.0031,1.92,171.9,0.006,NORMAL,8,False,0
2026-07-30 21:43:45,57.55,0.2629,0.0053,1.92,171.77,0.006,NORMAL,8,False,0
2026-07-30 21:43:45,57.6,0.27,0.0022,1.92,173.77,0.006,NORMAL,8,False,0
2026-07-30 21:43:45,57.69,0.259,0.0015,1.93,172.39,0.006,NORMAL,8,False,0
2026-07-30 21:43:45,57.76,0.2823,0.0041,1.93,171.68,0.006,NORMAL,8,False,0
2026-07-30 21:43:45,57.81,0.2795,0.0038,1.93,172.4,0.006,NORMAL,8,False,0
2026-07-30 21:43:45,57.92,0.2722,0.0047,1.93,172.31,0.006,NORMAL,8,False,0
2026-07-30 21:43:45,57.97,0.2589,0.0034,1.93,172.02,0.006,NORMAL,8,False,0
2026-07-30 21:43:45,58.02,0.2647,0.0043,1.93,173.1,0.006,NORMAL,8,False,0
2026-07-30 21:43:45,58.12,0.2792,0.005,1.94,172.82,0.006,NORMAL,8,False,0
2026-07-30 21:43:45,58.17,0.2734,0.0037,1.94,173.68,0.006,NORMAL,8,False,0
2026-07-30 21:43:45,58.26,0.2744,0.0014,1.94,173.34,0.006,NORMAL,8,False,0
2026-07-30 21:43:45,58.33,0.2711,0.0029,1.94,172.77,0.006,NORMAL,8,False,0
2026-07-30 21:43:46,58.37,0.2687,0.0039,1.94,172.44,0.006,NORMAL,8,False,0
2026-07-30 21:43:46,58.4,0.2706,0.0035,1.94,173.76,0.006,NORMAL,8,False,0
2026-07-30 21:43:46,58.48,0.2669,0.0036,1.94,171.3,0.006,NORMAL,8,False,0
2026-07-30 21:43:46,58.56,0.2558,0.0009,1.94,172.74,0.006,NORMAL,8,False,0
2026-07-30 21:43:46,58.59,0.2558,0.0016,1.93,172.65,0.006,NORMAL,8,False,0
2026-07-30 21:43:46,58.64,0.2552,0.002,1.93,172.62,0.006,NORMAL,8,False,0
2026-07-30 21:43:46,58.68,0.24,0.0047,1.93,172.41,0.006,NORMAL,8,False,0
2026-07-30 21:43:46,58.71,0.2366,0.003,1.93,172.33,0.006,NORMAL,8,False,0
2026-07-30 21:43:46,58.82,0.254,0.004,1.93,172.16,0.006,NORMAL,8,False,0
2026-07-30 21:43:46,58.85,0.2653,0.005,1.93,173.11,0.006,NORMAL,8,False,0
2026-07-30 21:43:46,58.88,0.2664,0.0033,1.93,173.32,0.006,NORMAL,8,False,0
2026-07-30 21:43:46,58.97,0.2554,0.0042,1.93,173.27,0.006,NORMAL,8,False,0
2026-07-30 21:43:46,59.05,0.2635,0.0032,1.93,172.71,0.006,NORMAL,8,False,0
2026-07-30 21:43:46,59.09,0.2693,0.0037,1.93,173.18,0.006,NORMAL,8,False,0
2026-07-30 21:43:46,59.14,0.2678,0.0043,1.93,173.25,0.006,NORMAL,8,False,0
2026-07-30 21:43:46,59.18,0.2703,0.002,1.93,174.84,0.006,NORMAL,8,False,0
2026-07-30 21:43:46,59.21,0.2732,0.002,1.93,174.66,0.006,NORMAL,8,False,0
2026-07-30 21:43:46,59.25,0.2585,0.0016,1.92,172.57,0.006,NORMAL,8,False,0
2026-07-30 21:43:47,59.34,0.2719,0.0017,1.92,172.28,0.006,NORMAL,8,False,0
2026-07-30 21:43:47,59.38,0.2734,0.002,1.92,172.36,0.006,NORMAL,8,False,0
2026-07-30 21:43:47,59.45,0.2722,0.0038,1.92,172.44,0.006,NORMAL,8,False,0
2026-07-30 21:43:47,59.55,0.2704,0.0036,1.92,173.3,0.006,NORMAL,8,False,0
2026-07-30 21:43:47,59.59,0.2692,0.0028,1.92,173.15,0.006,NORMAL,8,False,0
2026-07-30 21:43:47,59.65,0.2755,0.0021,1.92,172.22,0.006,NORMAL,8,False,0
2026-07-30 21:43:47,59.74,0.2622,0.0023,1.92,172.35,0.006,NORMAL,8,False,0
2026-07-30 21:43:47,59.77,0.2629,0.0023,1.92,171.97,0.006,NORMAL,8,False,0
2026-07-30 21:43:47,59.84,0.2669,0.0022,1.92,171.72,0.006,NORMAL,8,False,0
2026-07-30 21:43:47,59.87,0.2727,0.0018,1.92,172.32,0.006,NORMAL,8,False,0
2026-07-30 21:43:47,59.95,0.2701,0.0028,1.92,172.8,0.006,NORMAL,8,False,0
2026-07-30 21:43:47,60.03,0.2681,0.0018,1.92,172.64,0.006,NORMAL,8,False,0
2026-07-30 21:43:47,60.07,0.2776,0.0016,1.92,173.52,0.006,NORMAL,8,False,0
2026-07-30 21:43:47,60.1,0.2767,0.0021,1.92,173.32,0.006,NORMAL,8,False,0
2026-07-30 21:43:47,60.17,0.2704,0.0045,1.92,173.91,0.006,NORMAL,8,False,0
2026-07-30 21:43:47,60.24,0.2732,0.0036,1.92,173.09,0.006,NORMAL,8,False,0
2026-07-30 21:43:47,60.27,0.2789,0.0027,1.93,172.62,0.006,NORMAL,8,False,0
2026-07-30 21:43:47,60.34,0.279,0.0028,1.93,172.65,0.006,NORMAL,8,False,0
2026-07-30 21:43:48,60.37,0.2344,0.0012,1.93,172.4,0.006,NORMAL,8,False,0
2026-07-30 21:43:48,60.4,0.2361,0.0016,1.92,172.48,0.006,NORMAL,8,False,0
2026-07-30 21:43:48,60.57,0.2356,0.0018,1.93,172.38,0.006,NORMAL,8,False,0
2026-07-30 21:43:48,60.61,0.2266,0.003,1.93,172.51,0.006,NORMAL,8,False,0
2026-07-30 21:43:48,60.65,0.2495,0.0042,1.93,174.29,0.006,NORMAL,8,False,0
2026-07-30 21:43:48,60.74,0.2507,0.0052,1.93,171.98,0.006,NORMAL,8,False,0
2026-07-30 21:43:48,60.84,0.2307,0.0041,1.93,171.22,0.006,NORMAL,8,False,0
2026-07-30 21:43:48,60.88,0.2322,0.003,1.93,171.02,0.006,NORMAL,8,False,0
2026-07-30 21:43:48,60.99,0.1188,0.0036,2.13,170.05,0.033,NORMAL,8,False,0
2026-07-30 21:43:48,61.04,0.1509,0.0036,2.32,171.51,0.06,NORMAL,8,False,0
2026-07-30 21:43:48,61.1,0.1502,0.0024,2.52,170.94,0.088,NORMAL,8,False,0
2026-07-30 21:43:48,61.21,0.2475,0.0052,2.52,172.14,0.008,NORMAL,9,False,0
2026-07-30 21:43:48,61.31,0.2596,0.0006,2.52,173.67,0.008,NORMAL,9,False,0
2026-07-30 21:43:49,61.36,0.2547,0.0025,2.52,173.18,0.008,NORMAL,9,False,0
2026-07-30 21:43:49,61.44,0.2549,0.0017,2.53,172.24,0.008,NORMAL,9,False,0
2026-07-30 21:43:49,61.48,0.26,0.0032,2.53,172.25,0.008,NORMAL,9,False,0
2026-07-30 21:43:49,61.51,0.2584,0.0033,2.52,172.3,0.008,NORMAL,9,False,0
2026-07-30 21:43:49,61.59,0.26,0.0015,2.53,173.04,0.008,NORMAL,9,False,0
2026-07-30 21:43:49,61.63,0.2519,0.0035,2.53,172.59,0.008,NORMAL,9,False,0
2026-07-30 21:43:49,61.67,0.2496,0.0034,2.53,172.13,0.008,NORMAL,9,False,0
2026-07-30 21:43:49,61.73,0.2461,0.0021,2.53,173.09,0.008,NORMAL,9,False,0
2026-07-30 21:43:49,61.76,0.2446,0.0025,2.53,172.77,0.008,NORMAL,9,False,0
2026-07-30 21:43:49,61.84,0.2526,0.0032,2.53,171.89,0.008,NORMAL,9,False,0
2026-07-30 21:43:49,61.94,0.2501,0.0032,2.54,173.5,0.008,NORMAL,9,False,0
2026-07-30 21:43:49,61.98,0.2492,0.0019,2.54,173.39,0.008,NORMAL,9,False,0
2026-07-30 21:43:49,62.01,0.2494,0.0019,2.53,173.38,0.008,NORMAL,9,False,0
2026-07-30 21:43:49,62.08,0.249,0.0018,2.54,173.32,0.008,NORMAL,9,False,0
2026-07-30 21:43:49,62.12,0.2523,0.0017,2.54,173.54,0.008,NORMAL,9,False,0
2026-07-30 21:43:49,62.15,0.2588,0.0019,2.53,172.62,0.008,NORMAL,9,False,0
2026-07-30 21:43:49,62.22,0.2541,0.0019,2.54,172.81,0.008,NORMAL,9,False,0
2026-07-30 21:43:49,62.26,0.2644,0.0019,2.54,172.69,0.008,NORMAL,9,False,0
2026-07-30 21:43:49,62.29,0.2651,0.0014,2.53,172.49,0.008,NORMAL,9,False,0
2026-07-30 21:43:50,62.41,0.2502,0.0034,2.54,172.52,0.008,NORMAL,9,False,0
2026-07-30 21:43:50,62.45,0.2682,0.0044,2.54,172.46,0.008,NORMAL,9,False,0
2026-07-30 21:43:50,62.48,0.2682,0.0034,2.53,172.53,0.008,NORMAL,9,False,0
2026-07-30 21:43:50,62.55,0.2569,0.0021,2.54,173.16,0.008,NORMAL,9,False,0
2026-07-30 21:43:50,62.58,0.2535,0.0018,2.54,172.65,0.008,NORMAL,9,False,0
2026-07-30 21:43:50,62.62,0.2504,0.0023,2.53,172.61,0.008,NORMAL,9,False,0
2026-07-30 21:43:50,62.69,0.2443,0.0039,2.54,172.84,0.008,NORMAL,9,False,0
2026-07-30 21:43:50,62.71,0.2511,0.0041,2.53,173.07,0.008,NORMAL,9,False,0
2026-07-30 21:43:50,62.74,0.2529,0.0029,2.53,173.23,0.008,NORMAL,9,False,0
2026-07-30 21:43:50,62.83,0.2513,0.0023,2.54,172.58,0.008,NORMAL,9,False,0
2026-07-30 21:43:50,62.9,0.2523,0.0026,2.54,172.66,0.008,NORMAL,9,False,0
2026-07-30 21:43:50,62.93,0.2476,0.0022,2.54,173.46,0.008,NORMAL,9,False,0
2026-07-30 21:43:50,63.02,0.2483,0.002,2.54,172.8,0.008,NORMAL,9,False,0
2026-07-30 21:43:50,63.06,0.2562,0.0012,2.54,173.81,0.008,NORMAL,9,False,0
2026-07-30 21:43:50,63.09,0.2559,0.0013,2.54,173.64,0.008,NORMAL,9,False,0
2026-07-30 21:43:50,63.15,0.2541,0.0041,2.54,172.16,0.008,NORMAL,9,False,0
2026-07-30 21:43:50,63.19,0.2588,0.0058,2.54,172.74,0.008,NORMAL,9,False,0
2026-07-30 21:43:50,63.23,0.2736,0.0029,2.54,173.11,0.008,NORMAL,9,False,0
2026-07-30 21:43:50,63.33,0.2492,0.0045,2.55,172.79,0.008,NORMAL,9,False,0
2026-07-30 21:43:51,63.37,0.2469,0.0035,2.55,172.45,0.008,NORMAL,9,False,0
2026-07-30 21:43:51,63.45,0.2521,0.0036,2.55,171.95,0.008,NORMAL,9,False,0
2026-07-30 21:43:51,63.53,0.2434,0.0044,2.55,171.31,0.008,NORMAL,9,False,0
2026-07-30 21:43:51,63.57,0.2464,0.0035,2.55,171.77,0.008,NORMAL,9,False,0
2026-07-30 21:43:51,63.6,0.2467,0.0034,2.55,171.92,0.008,NORMAL,9,False,0
2026-07-30 21:43:51,63.69,0.2662,0.0034,2.55,173.33,0.008,NORMAL,9,False,0
2026-07-30 21:43:51,63.73,0.2687,0.004,2.55,173.01,0.008,NORMAL,9,False,0
2026-07-30 21:43:51,63.76,0.2697,0.0038,2.55,172.55,0.008,NORMAL,9,False,0
2026-07-30 21:43:51,63.86,0.2665,0.0039,2.55,172.92,0.008,NORMAL,9,False,0
2026-07-30 21:43:51,63.9,0.2694,0.0045,2.55,173.59,0.008,NORMAL,9,False,0
2026-07-30 21:43:51,63.95,0.2739,0.0043,2.55,172.13,0.008,NORMAL,9,False,0
2026-07-30 21:43:51,64.09,0.2744,0.0019,2.56,172.92,0.008,NORMAL,9,False,0
2026-07-30 21:43:51,64.13,0.258,0.0039,2.55,172.59,0.008,NORMAL,9,False,0
2026-07-30 21:43:51,64.17,0.2623,0.004,2.55,172.65,0.008,NORMAL,9,False,0
2026-07-30 21:43:51,64.29,0.2745,0.0032,2.56,173.49,0.008,NORMAL,9,False,0
2026-07-30 21:43:51,64.33,0.2558,0.0033,2.56,172.06,0.008,NORMAL,9,False,0
2026-07-30 21:43:52,64.38,0.2534,0.004,2.56,172.87,0.008,NORMAL,9,False,0
2026-07-30 21:43:52,64.46,0.2637,0.0023,2.56,172.86,0.008,NORMAL,9,False,0
2026-07-30 21:43:52,64.5,0.2576,0.0022,2.56,172.42,0.008,NORMAL,9,False,0
2026-07-30 21:43:52,64.54,0.2827,0.001,2.56,172.44,0.008,NORMAL,9,False,0
2026-07-30 21:43:52,64.61,0.26,0.003,2.56,173.15,0.008,NORMAL,9,False,0
2026-07-30 21:43:52,64.7,0.2575,0.0029,2.56,173.43,0.008,NORMAL,9,False,0
2026-07-30 21:43:52,64.74,0.2068,0.002,2.56,173.17,0.008,NORMAL,9,False,0
2026-07-30 21:43:52,64.82,0.0433,0.0011,2.76,169.89,0.035,NORMAL,9,False,0
2026-07-30 21:43:52,64.87,0.0493,0.0029,2.96,169.97,0.062,NORMAL,9,False,0
2026-07-30 21:43:52,64.9,0.0511,0.0031,3.16,169.73,0.089,NORMAL,9,False,0
2026-07-30 21:43:52,64.96,0.2103,0.0023,2.96,171.97,0.009,NORMAL,10,False,0
2026-07-30 21:43:52,64.98,0.2142,0.0019,2.76,171.91,0.008,NORMAL,10,False,0
2026-07-30 21:43:52,65.02,0.2397,0.0035,2.76,173.74,0.008,NORMAL,10,False,0
2026-07-30 21:43:52,65.1,0.2404,0.0021,2.56,172.86,0.008,NORMAL,10,False,0
2026-07-30 21:43:52,65.13,0.2454,0.002,2.55,172.46,0.008,NORMAL,10,False,0
2026-07-30 21:43:52,65.21,0.2474,0.0018,2.56,172.52,0.008,NORMAL,10,False,0
2026-07-30 21:43:52,65.29,0.231,0.0042,2.57,171.34,0.008,NORMAL,10,False,0
2026-07-30 21:43:52,65.32,0.2366,0.0003,2.57,173.11,0.008,NORMAL,10,False,0
2026-07-30 21:43:53,65.37,0.2382,0.002,2.57,172.44,0.008,NORMAL,10,False,0
2026-07-30 21:43:53,65.43,0.2422,0.0014,2.57,172.1,0.008,NORMAL,10,False,0
2026-07-30 21:43:53,65.46,0.24,0.0014,2.57,172.05,0.008,NORMAL,10,False,0
2026-07-30 21:43:53,65.49,0.2397,0.0011,2.56,172.11,0.008,NORMAL,10,False,0
2026-07-30 21:43:53,65.55,0.0263,0.0013,2.56,169.48,0.034,NORMAL,10,False,0
2026-07-30 21:43:53,65.58,0.0223,0.0015,2.56,170.14,0.061,NORMAL,10,False,0
2026-07-30 21:43:53,65.61,0.0246,0.0004,2.56,170.17,0.088,NORMAL,10,False,0
2026-07-30 21:43:53,65.73,0.2387,0.0046,2.57,171.07,0.008,NORMAL,11,False,0
2026-07-30 21:43:53,65.77,0.239,0.0044,2.57,171.37,0.008,NORMAL,11,False,0
2026-07-30 21:43:53,65.8,0.2352,0.0054,2.56,170.82,0.008,NORMAL,11,False,0
2026-07-30 21:43:53,65.87,0.2382,0.0024,1.98,172.59,0.006,NORMAL,11,False,0
2026-07-30 21:43:53,65.91,0.2592,0.0012,1.98,172.82,0.006,NORMAL,11,False,0
2026-07-30 21:43:53,65.94,0.2579,0.0016,1.78,172.66,0.005,NORMAL,11,False,0
2026-07-30 21:43:53,66.0,0.2465,0.0025,1.78,171.87,0.005,NORMAL,11,False,0
2026-07-30 21:43:53,66.04,0.2442,0.0035,1.78,172.32,0.005,NORMAL,11,False,0
2026-07-30 21:43:53,66.1,0.2437,0.0026,1.78,173.62,0.005,NORMAL,11,False,0
2026-07-30 21:43:53,66.15,0.2437,0.0025,1.78,174.28,0.005,NORMAL,11,False,0
2026-07-30 21:43:53,66.24,0.2466,0.0008,1.78,174.29,0.005,NORMAL,11,False,0
2026-07-30 21:43:53,66.27,0.2428,0.0017,1.78,173.71,0.005,NORMAL,11,False,0
2026-07-30 21:43:54,66.36,0.2385,0.0003,1.78,173.23,0.005,NORMAL,11,False,0
2026-07-30 21:43:54,66.4,0.2419,0.0006,1.78,172.61,0.005,NORMAL,11,False,0
2026-07-30 21:43:54,66.43,0.242,0.0005,1.78,172.7,0.005,NORMAL,11,False,0
2026-07-30 21:43:54,66.48,0.2311,0.0032,1.78,172.37,0.005,NORMAL,11,False,0
2026-07-30 21:43:54,66.51,0.2409,0.0022,1.78,173.08,0.005,NORMAL,11,False,0
2026-07-30 21:43:54,66.59,0.2441,0.0043,1.78,172.3,0.005,NORMAL,11,False,0
2026-07-30 21:43:54,66.64,0.2396,0.0048,1.78,172.28,0.005,NORMAL,11,False,0
2026-07-30 21:43:54,66.68,0.2424,0.0055,1.78,172.05,0.005,NORMAL,11,False,0
2026-07-30 21:43:54,66.76,0.2409,0.0049,1.78,173.17,0.005,NORMAL,11,False,0
2026-07-30 21:43:54,66.83,0.2483,0.0018,1.78,173.37,0.005,NORMAL,11,False,0
2026-07-30 21:43:54,66.87,0.2465,0.0015,1.78,173.32,0.005,NORMAL,11,False,0
2026-07-30 21:43:54,66.92,0.236,0.0024,1.78,172.44,0.005,NORMAL,11,False,0
2026-07-30 21:43:54,67.01,0.2488,0.0041,1.78,172.33,0.005,NORMAL,11,False,0
2026-07-30 21:43:54,67.05,0.2495,0.003,1.78,171.96,0.005,NORMAL,11,False,0
2026-07-30 21:43:54,67.1,0.2518,0.0016,1.78,172.59,0.005,NORMAL,11,False,0
2026-07-30 21:43:54,67.2,0.2468,0.0046,1.78,172.22,0.005,NORMAL,11,False,0
2026-07-30 21:43:54,67.25,0.2569,0.0075,1.78,172.53,0.005,NORMAL,11,False,0
2026-07-30 21:43:55,67.3,0.2543,0.0037,1.78,173.03,0.005,NORMAL,11,False,0
2026-07-30 21:43:55,67.45,0.257,0.0037,1.78,173.75,0.005,NORMAL,11,False,0
2026-07-30 21:43:55,67.5,0.2541,0.0039,1.79,173.74,0.005,NORMAL,11,False,0
2026-07-30 21:43:55,67.6,0.2399,0.0046,1.79,171.45,0.005,NORMAL,11,False,0
2026-07-30 21:43:55,67.65,0.2387,0.0046,1.79,171.41,0.005,NORMAL,11,False,0
2026-07-30 21:43:55,67.68,0.2379,0.0047,1.78,171.55,0.005,NORMAL,11,False,0
2026-07-30 21:43:55,67.71,0.2561,0.0031,1.78,173.57,0.005,NORMAL,11,False,0
2026-07-30 21:43:55,67.77,0.2519,0.004,1.78,173.76,0.005,NORMAL,11,False,0
2026-07-30 21:43:55,67.8,0.2481,0.0037,1.78,172.6,0.005,NORMAL,11,False,0
2026-07-30 21:43:55,67.89,0.2368,0.0031,1.78,172.27,0.005,NORMAL,11,False,0
2026-07-30 21:43:55,67.95,0.2406,0.0048,1.78,171.79,0.005,NORMAL,11,False,0
2026-07-30 21:43:55,68.04,0.2357,0.0042,1.78,173.09,0.005,NORMAL,11,False,0
2026-07-30 21:43:55,68.1,0.2399,0.0059,1.78,172.68,0.005,NORMAL,11,False,0
2026-07-30 21:43:55,68.17,0.2367,0.0033,1.79,172.4,0.005,NORMAL,11,False,0
2026-07-30 21:43:55,68.2,0.229,0.0036,1.79,171.77,0.005,NORMAL,11,False,0
2026-07-30 21:43:55,68.29,0.2292,0.0048,1.79,172.39,0.005,NORMAL,11,False,0
2026-07-30 21:43:55,68.34,0.232,0.0048,1.78,172.22,0.005,NORMAL,11,False,0
2026-07-30 21:43:56,68.37,0.2325,0.0047,1.78,172.12,0.005,NORMAL,11,False,0
2026-07-30 21:43:56,68.4,0.2395,0.0036,1.78,170.22,0.005,NORMAL,11,False,0
2026-07-30 21:43:56,68.46,0.2349,0.0034,1.78,170.29,0.005,NORMAL,11,False,0
2026-07-30 21:43:56,68.49,0.2321,0.0029,1.78,172.35,0.005,NORMAL,11,False,0
2026-07-30 21:43:56,68.59,0.2236,0.0034,1.78,169.78,0.005,NORMAL,11,False,0
2026-07-30 21:43:56,68.67,0.2249,0.0038,1.79,170.97,0.005,NORMAL,11,False,0
2026-07-30 21:43:56,68.7,0.2369,0.005,1.79,170.42,0.005,NORMAL,11,False,0
2026-07-30 21:43:56,68.78,0.2309,0.0041,1.79,170.65,0.005,NORMAL,11,False,0
2026-07-30 21:43:56,68.83,0.2274,0.0022,1.78,171.49,0.005,NORMAL,11,False,0
2026-07-30 21:43:56,68.86,0.2284,0.0029,1.78,171.48,0.005,NORMAL,11,False,0
2026-07-30 21:43:56,68.9,0.2296,0.0061,1.78,171.79,0.005,NORMAL,11,False,0
2026-07-30 21:43:56,68.97,0.2278,0.0068,1.78,172.84,0.005,NORMAL,11,False,0
2026-07-30 21:43:56,69.0,0.2255,0.0019,1.78,172.77,0.005,NORMAL,11,False,0
2026-07-30 21:43:56,69.09,0.216,0.001,1.78,173.99,0.005,NORMAL,11,False,0
2026-07-30 21:43:56,69.2,0.2416,0.0014,1.79,172.54,0.005,NORMAL,11,False,0
2026-07-30 21:43:56,69.24,0.2339,0.0034,1.79,171.88,0.005,NORMAL,11,False,0
2026-07-30 21:43:56,69.28,0.2256,0.0032,1.79,173.05,0.005,NORMAL,11,False,1
2026-07-30 21:43:57,69.35,0.2292,0.0023,1.79,172.88,0.005,NORMAL,11,False,1
2026-07-30 21:43:57,69.39,0.2253,0.0035,1.78,172.46,0.005,NORMAL,11,False,1
2026-07-30 21:43:57,69.47,0.2027,0.0053,1.79,171.46,0.005,NORMAL,11,False,1
2026-07-30 21:43:57,69.55,0.213,0.0051,1.79,173.77,0.005,NORMAL,11,False,1
2026-07-30 21:43:57,69.58,0.2118,0.0034,1.79,173.56,0.005,NORMAL,11,False,1
2026-07-30 21:43:57,69.61,0.1954,0.007,1.79,174.23,0.005,NORMAL,11,False,1
2026-07-30 21:43:57,69.71,0.1949,0.0074,1.79,173.66,0.005,NORMAL,11,False,1
2026-07-30 21:43:57,69.8,0.1376,0.0069,1.99,174.07,0.033,NORMAL,11,False,1
2026-07-30 21:43:57,69.87,0.0309,0.1272,2.19,174.39,0.06,NORMAL,11,False,1
2026-07-30 21:43:57,69.97,0.0319,0.1471,2.39,175.03,0.087,NORMAL,11,False,1
2026-07-30 21:43:57,70.02,0.0306,0.1698,2.59,173.91,0.114,NORMAL,11,False,1
2026-07-30 21:43:57,70.09,0.1704,0.2082,2.79,174.87,0.142,NORMAL,11,False,1
2026-07-30 21:43:57,70.19,0.1965,0.4607,2.8,173.27,0.008,NORMAL,12,False,1
2026-07-30 21:43:57,70.23,0.2279,0.4711,2.8,175.35,0.008,NORMAL,12,False,1
2026-07-30 21:43:57,70.27,0.2318,0.746,2.79,169.92,0.108,NORMAL,12,False,1
2026-07-30 21:43:57,70.32,0.235,0.7408,2.79,168.46,0.108,NORMAL,12,False,1
2026-07-30 21:43:58,70.37,0.2375,0.7461,2.79,169.16,0.108,NORMAL,12,False,1
2026-07-30 21:43:58,70.42,0.2287,0.9437,2.79,169.65,0.108,NORMAL,12,False,1
2026-07-30 21:43:58,70.49,0.2351,0.9157,2.79,170.7,0.108,NORMAL,12,False,1
2026-07-30 21:43:58,70.53,0.2395,0.904,2.79,172.54,0.108,NORMAL,12,False,1
2026-07-30 21:43:58,70.58,0.2236,0.8039,2.79,171.33,0.108,NORMAL,12,False,1
2026-07-30 21:43:58,70.63,0.2214,0.8004,2.79,171.46,0.108,NORMAL,12,False,1
2026-07-30 21:43:58,70.65,0.2209,0.8054,2.78,171.27,0.108,NORMAL,12,False,1
2026-07-30 21:43:58,70.69,0.2187,0.6893,2.78,171.77,0.108,NORMAL,12,False,1
2026-07-30 21:43:58,70.75,0.2105,0.6788,2.78,171.04,0.108,NORMAL,12,False,1
2026-07-30 21:43:58,70.78,0.1647,0.5898,2.98,172.18,0.036,NORMAL,12,False,1
2026-07-30 21:43:58,70.87,0.0752,0.4827,3.17,171.1,0.063,NORMAL,12,False,1
2026-07-30 21:43:58,70.99,0.0425,0.3735,3.37,170.16,0.09,NORMAL,12,False,1
2026-07-30 21:43:58,71.04,0.0361,0.3998,3.57,172.52,0.117,NORMAL,12,False,1
2026-07-30 21:43:58,71.08,0.0213,0.3576,3.76,174.94,0.145,NORMAL,12,False,1
2026-07-30 21:43:58,71.15,0.0195,0.3593,3.97,174.83,0.172,NORMAL,12,False,1
2026-07-30 21:43:58,71.17,0.0248,0.2633,4.16,175.54,0.199,NORMAL,12,False,1
2026-07-30 21:43:58,71.27,0.0507,0.1786,4.36,176.45,0.226,NORMAL,12,False,1
2026-07-30 21:43:58,71.33,0.0488,0.1712,4.55,178.33,0.254,NORMAL,12,False,1
2026-07-30 21:43:59,71.37,0.0598,0.0315,4.75,-179.12,0.291,NORMAL,12,False,1
2026-07-30 21:43:59,71.47,0.0875,0.0072,4.96,-170.73,0.328,MILD FATIGUE,12,False,1
2026-07-30 21:43:59,71.53,0.0822,0.0055,5.17,-172.18,0.366,MILD FATIGUE,12,False,1
2026-07-30 21:43:59,71.61,0.0768,0.006,5.37,-172.98,0.403,MILD FATIGUE,12,False,1
2026-07-30 21:43:59,71.67,0.0828,0.0446,5.58,-167.99,0.44,MILD FATIGUE,12,False,1
2026-07-30 21:43:59,71.75,0.088,0.0138,5.78,-166.99,0.477,MILD FATIGUE,12,False,1
2026-07-30 21:43:59,71.78,0.076,0.0847,5.96,-169.77,0.488,MILD FATIGUE,12,False,1
2026-07-30 21:43:59,71.82,0.0713,0.0682,6.16,-168.49,0.498,MILD FATIGUE,12,False,1
2026-07-30 21:43:59,71.89,0.0644,0.0668,6.36,-171.75,0.509,DROWSY,12,False,1
2026-07-30 21:43:59,71.94,0.0602,0.0482,6.56,-170.73,0.52,DROWSY,12,False,1
2026-07-30 21:43:59,71.99,0.0567,0.0163,6.77,-174.74,0.53,DROWSY,12,False,1
2026-07-30 21:43:59,72.06,0.0692,0.055,6.96,-174.85,0.541,DROWSY,12,False,1
2026-07-30 21:43:59,72.1,0.0626,0.0343,7.16,-174.62,0.551,DROWSY,12,False,1
2026-07-30 21:43:59,72.2,0.0454,0.0515,7.39,176.52,0.422,MILD FATIGUE,12,False,1
2026-07-30 21:43:59,72.29,0.0414,0.0095,7.57,-176.56,0.433,MILD FATIGUE,12,False,1
2026-07-30 21:44:00,72.37,0.0493,0.0305,7.78,-176.36,0.443,MILD FATIGUE,12,False,1
2026-07-30 21:44:00,72.41,0.0465,0.0357,7.98,-176.54,0.454,MILD FATIGUE,12,False,1
2026-07-30 21:44:00,72.48,0.0484,0.0798,8.18,-179.78,0.465,MILD FATIGUE,12,False,1
2026-07-30 21:44:00,72.56,0.285,0.0058,8.2,-176.12,0.075,NORMAL,13,False,1
2026-07-30 21:44:00,72.6,0.2884,0.0057,8.2,-177.92,0.085,NORMAL,13,False,1
2026-07-30 21:44:00,72.68,0.3267,0.0547,8.2,-178.44,0.095,NORMAL,13,False,1
2026-07-30 21:44:00,72.75,0.3457,0.1318,8.2,179.47,0.025,NORMAL,13,False,1
2026-07-30 21:44:00,72.8,0.3487,0.1167,8.2,-179.8,0.035,NORMAL,13,False,1
2026-07-30 21:44:00,72.94,0.3022,0.2362,8.22,178.26,0.025,NORMAL,13,False,1
2026-07-30 21:44:00,72.99,0.2748,0.2703,8.22,176.44,0.025,NORMAL,13,False,1
2026-07-30 21:44:00,73.03,0.2881,0.3057,8.2,177.49,0.025,NORMAL,13,False,1
2026-07-30 21:44:00,73.13,0.2624,0.3061,8.22,173.62,0.025,NORMAL,13,False,1
2026-07-30 21:44:00,73.19,0.257,0.4535,8.22,170.76,0.025,NORMAL,13,False,1
2026-07-30 21:44:00,73.24,0.2645,0.419,8.23,171.62,0.025,NORMAL,13,False,1
2026-07-30 21:44:01,73.37,0.2821,0.5993,8.25,173.3,0.025,NORMAL,13,False,1
2026-07-30 21:44:01,73.46,0.2852,0.6502,8.25,172.18,0.125,NORMAL,13,False,1
2026-07-30 21:44:01,73.5,0.2765,0.6578,8.23,172.26,0.125,NORMAL,13,False,1
2026-07-30 21:44:01,73.57,0.2711,0.6506,8.25,172.54,0.125,NORMAL,13,False,1
2026-07-30 21:44:01,73.65,0.2667,0.5691,8.27,173.52,0.025,NORMAL,13,False,1
2026-07-30 21:44:01,73.68,0.2782,0.5522,8.25,174.74,0.025,NORMAL,13,False,1
2026-07-30 21:44:01,73.77,0.2903,0.4713,8.25,174.31,0.025,NORMAL,13,False,1
2026-07-30 21:44:01,73.85,0.2615,0.4575,8.27,175.77,0.025,NORMAL,13,False,1
2026-07-30 21:44:01,73.89,0.2671,0.4416,8.27,175.99,0.025,NORMAL,13,False,1
2026-07-30 21:44:01,73.95,0.2726,0.4498,8.27,176.09,0.025,NORMAL,13,False,1
2026-07-30 21:44:01,73.98,0.2338,0.387,8.25,177.85,0.025,NORMAL,13,False,1
2026-07-30 21:44:01,74.03,0.244,0.382,8.25,177.18,0.025,NORMAL,13,False,1
2026-07-30 21:44:01,74.08,0.2515,0.3976,8.25,177.72,0.025,NORMAL,13,False,1
2026-07-30 21:44:01,74.14,0.2543,0.4123,8.25,176.67,0.025,NORMAL,13,False,1
2026-07-30 21:44:01,74.22,0.2638,0.3893,8.25,176.64,0.025,NORMAL,13,False,1
2026-07-30 21:44:01,74.3,0.2619,0.3918,8.27,176.53,0.025,NORMAL,13,False,1
2026-07-30 21:44:02,74.41,0.2604,0.345,8.3,177.27,0.025,NORMAL,13,False,1
2026-07-30 21:44:02,74.45,0.2584,0.2151,8.28,174.79,0.025,NORMAL,13,False,1
2026-07-30 21:44:02,74.5,0.2568,0.2198,8.28,176.0,0.025,NORMAL,13,False,1
2026-07-30 21:44:02,74.55,0.2583,0.2469,8.27,175.23,0.025,NORMAL,13,False,1
2026-07-30 21:44:02,74.58,0.2534,0.2367,8.27,175.85,0.025,NORMAL,13,False,1
2026-07-30 21:44:02,74.64,0.261,0.3275,8.27,172.19,0.025,NORMAL,13,False,1
2026-07-30 21:44:02,74.75,0.2593,0.3147,8.27,173.94,0.025,NORMAL,13,False,1
2026-07-30 21:44:02,74.78,0.2518,0.3067,8.27,174.16,0.025,NORMAL,13,False,1
2026-07-30 21:44:02,74.89,0.2412,0.3366,8.28,174.24,0.025,NORMAL,13,False,1
2026-07-30 21:44:02,74.94,0.2534,0.3223,8.27,173.8,0.025,NORMAL,13,False,1
2026-07-30 21:44:02,74.97,0.2607,0.3132,8.27,173.81,0.025,NORMAL,13,False,1
2026-07-30 21:44:02,75.04,0.2619,0.3201,8.27,174.06,0.025,NORMAL,13,False,1
2026-07-30 21:44:02,75.07,0.2533,0.2953,8.27,175.18,0.025,NORMAL,13,False,1
2026-07-30 21:44:02,75.1,0.2491,0.2878,8.25,174.98,0.025,NORMAL,13,False,1
2026-07-30 21:44:02,75.17,0.2454,0.2236,8.25,174.72,0.025,NORMAL,13,False,1
2026-07-30 21:44:02,75.25,0.2279,0.1616,8.25,174.98,0.025,NORMAL,13,False,1
2026-07-30 21:44:02,75.29,0.221,0.1781,8.23,175.16,0.025,NORMAL,13,False,1
2026-07-30 21:44:03,75.38,0.2407,0.0073,8.25,173.18,0.025,NORMAL,13,False,1
2026-07-30 21:44:03,75.47,0.238,0.0015,8.27,172.72,0.025,NORMAL,13,False,1
2026-07-30 21:44:03,75.51,0.2364,0.0013,8.25,173.39,0.025,NORMAL,13,False,1
2026-07-30 21:44:03,75.59,0.2444,0.2403,8.27,170.5,0.025,NORMAL,13,False,1
2026-07-30 21:44:03,75.63,0.2314,0.2718,8.27,172.89,0.025,NORMAL,13,False,1
2026-07-30 21:44:03,75.68,0.2355,0.2679,8.27,173.33,0.025,NORMAL,13,False,1
2026-07-30 21:44:03,75.91,0.221,0.1984,8.32,173.59,0.025,NORMAL,13,False,1
2026-07-30 21:44:03,75.96,0.1658,0.0799,8.5,170.49,0.052,NORMAL,13,False,1
2026-07-30 21:44:03,76.0,0.1778,0.047,8.7,172.95,0.079,NORMAL,13,False,1
2026-07-30 21:44:03,76.12,0.1809,0.0549,8.92,172.89,0.107,NORMAL,13,False,1
2026-07-30 21:44:03,76.17,0.051,0.0074,9.13,170.15,0.134,NORMAL,13,False,1
2026-07-30 21:44:03,76.27,0.0262,0.007,9.35,171.63,0.161,NORMAL,13,False,1
2026-07-30 21:44:04,76.36,0.0335,0.0035,9.55,177.89,0.189,NORMAL,13,False,1
2026-07-30 21:44:04,76.44,0.1184,0.0701,9.78,-170.75,0.226,NORMAL,13,False,1
2026-07-30 21:44:04,76.48,0.1245,0.1154,9.96,-172.23,0.263,NORMAL,13,False,1
2026-07-30 21:44:04,76.58,0.2684,0.0315,9.98,-166.22,0.06,NORMAL,14,False,1
2026-07-30 21:44:04,76.62,0.2233,0.0191,9.98,-164.7,0.07,NORMAL,14,False,1
2026-07-30 21:44:04,76.67,0.0958,0.0032,10.18,-161.97,0.107,NORMAL,14,False,1
2026-07-30 21:44:04,76.75,0.108,0.0105,10.39,-158.57,0.144,NORMAL,14,False,1
2026-07-30 21:44:04,76.83,0.0976,0.0179,10.61,-157.04,0.182,NORMAL,14,False,1
2026-07-30 21:44:04,76.87,0.1029,0.0182,10.82,-156.44,0.219,NORMAL,14,False,1
2026-07-30 21:44:04,77.03,0.086,0.0062,11.02,-161.87,0.256,NORMAL,14,False,1
2026-07-30 21:44:04,77.07,0.0964,0.0106,11.25,-162.0,0.294,NORMAL,14,False,1
2026-07-30 21:44:04,77.1,0.0954,0.0108,11.45,-161.44,0.331,MILD FATIGUE,14,False,1
2026-07-30 21:44:04,77.18,0.1077,0.0169,11.66,-165.09,0.368,MILD FATIGUE,14,False,1
2026-07-30 21:44:04,77.23,0.0786,0.0048,11.84,-170.27,0.406,MILD FATIGUE,14,False,1
2026-07-30 21:44:04,77.27,0.0837,0.0038,12.07,-167.88,0.443,MILD FATIGUE,14,False,1
2026-07-30 21:44:04,77.34,0.0822,0.0042,12.27,-171.89,0.48,MILD FATIGUE,14,False,1
2026-07-30 21:44:05,77.39,0.088,0.0034,12.47,-168.25,0.517,DROWSY,14,False,1
2026-07-30 21:44:05,77.43,0.0833,0.0034,12.68,-166.55,0.555,DROWSY,14,False,1
2026-07-30 21:44:05,77.52,0.0998,0.0015,12.88,-163.03,0.592,DROWSY,14,False,1
2026-07-30 21:44:05,77.62,0.1003,0.0032,13.11,-162.49,0.629,DROWSY,14,False,1
2026-07-30 21:44:05,77.67,0.1084,0.0057,13.32,-164.86,0.64,DROWSY,14,False,1
2026-07-30 21:44:05,77.74,0.0987,0.0027,13.52,-165.22,0.641,DROWSY,14,False,1
2026-07-30 21:44:05,77.78,0.0934,0.0112,13.73,-162.89,0.641,DROWSY,14,False,1
2026-07-30 21:44:05,77.82,0.0969,0.0095,13.93,-163.41,0.642,DROWSY,14,False,1
2026-07-30 21:44:05,77.88,0.0868,0.0044,14.17,-169.33,0.643,DROWSY,14,False,1
2026-07-30 21:44:05,77.92,0.0848,0.0131,14.34,-165.71,0.643,DROWSY,14,False,1
2026-07-30 21:44:05,77.96,0.0806,0.0026,14.55,-169.75,0.644,DROWSY,14,False,1
2026-07-30 21:44:05,78.07,0.2863,0.0302,14.58,-169.4,0.244,NORMAL,15,False,1
2026-07-30 21:44:05,78.1,0.2831,0.0077,14.55,-168.86,0.244,NORMAL,15,False,1
2026-07-30 21:44:05,78.21,0.2944,0.0017,14.61,-173.51,0.244,NORMAL,15,False,1
2026-07-30 21:44:05,78.3,0.2801,0.0062,14.61,-176.62,0.244,NORMAL,15,False,1
2026-07-30 21:44:05,78.34,0.26,0.0041,14.61,179.25,0.044,NORMAL,15,False,1
2026-07-30 21:44:06,78.38,0.2713,0.0031,14.61,-178.83,0.054,NORMAL,15,False,1
2026-07-30 21:44:06,78.45,0.266,0.0019,14.61,175.52,0.044,NORMAL,15,False,1
2026-07-30 21:44:06,78.5,0.2707,0.0007,14.61,177.97,0.044,NORMAL,15,False,1
2026-07-30 21:44:06,78.55,0.2533,0.0043,14.58,172.56,0.044,NORMAL,15,False,1
2026-07-30 21:44:06,78.64,0.2694,0.0084,14.55,175.82,0.044,NORMAL,15,False,1
2026-07-30 21:44:06,78.68,0.273,0.0044,14.52,176.45,0.044,NORMAL,15,False,1
2026-07-30 21:44:06,78.71,0.2716,0.0051,14.49,175.03,0.043,NORMAL,15,False,1
2026-07-30 21:44:06,78.84,0.3298,0.0066,14.46,176.56,0.043,NORMAL,15,False,1
2026-07-30 21:44:06,78.87,0.3288,0.0026,14.43,176.38,0.043,NORMAL,15,False,1
2026-07-30 21:44:06,78.91,0.3294,0.003,14.4,177.08,0.043,NORMAL,15,False,1
2026-07-30 21:44:06,78.99,0.3526,0.0051,14.37,175.99,0.043,NORMAL,15,False,1
2026-07-30 21:44:06,79.04,0.3331,0.0018,14.37,176.45,0.043,NORMAL,15,False,1
2026-07-30 21:44:06,79.08,0.341,0.0037,14.34,177.12,0.043,NORMAL,15,False,1
2026-07-30 21:44:06,79.18,0.3357,0.0033,14.37,175.87,0.043,NORMAL,15,False,1
2026-07-30 21:44:06,79.23,0.3602,0.0041,14.37,176.87,0.043,NORMAL,15,False,1
2026-07-30 21:44:06,79.28,0.3581,0.0032,14.37,176.24,0.043,NORMAL,15,False,1
2026-07-30 21:44:07,79.38,0.3516,0.0033,14.4,177.36,0.043,NORMAL,15,False,1
2026-07-30 21:44:07,79.48,0.3171,0.004,14.46,175.88,0.043,NORMAL,15,False,1
2026-07-30 21:44:07,79.53,0.2716,0.002,14.43,173.59,0.043,NORMAL,15,False,1
2026-07-30 21:44:07,79.63,0.2474,0.0023,14.46,173.77,0.043,NORMAL,15,False,1
2026-07-30 21:44:07,79.68,0.2467,0.0052,14.46,174.64,0.043,NORMAL,15,False,1
2026-07-30 21:44:07,79.73,0.2667,0.0037,14.43,174.59,0.043,NORMAL,15,False,1
2026-07-30 21:44:07,79.83,0.2657,0.0029,14.49,174.43,0.043,NORMAL,15,False,1
2026-07-30 21:44:07,79.87,0.2699,0.0032,14.46,174.83,0.043,NORMAL,15,False,1
2026-07-30 21:44:07,79.9,0.2693,0.003,14.46,175.05,0.043,NORMAL,15,False,1
2026-07-30 21:44:07,79.96,0.2613,0.004,14.49,173.33,0.043,NORMAL,15,False,1
2026-07-30 21:44:07,79.99,0.2634,0.0039,14.46,173.22,0.043,NORMAL,15,False,1
2026-07-30 21:44:07,80.07,0.2708,0.0063,14.46,175.16,0.043,NORMAL,15,False,1
2026-07-30 21:44:07,80.15,0.2514,0.0038,14.49,173.82,0.043,NORMAL,15,False,1
2026-07-30 21:44:07,80.18,0.2492,0.0041,14.46,174.37,0.043,NORMAL,15,False,1
2026-07-30 21:44:07,80.21,0.2645,0.0023,14.46,175.2,0.043,NORMAL,15,False,1
2026-07-30 21:44:07,80.3,0.2604,0.0038,14.49,175.27,0.043,NORMAL,15,False,1
2026-07-30 21:44:07,80.33,0.258,0.0032,14.46,175.22,0.043,NORMAL,15,False,1
2026-07-30 21:44:08,80.36,0.2572,0.0035,14.43,174.88,0.043,NORMAL,15,False,1
2026-07-30 21:44:08,80.42,0.2605,0.0039,14.46,174.27,0.043,NORMAL,15,False,1
2026-07-30 21:44:08,80.45,0.2647,0.0024,14.46,174.95,0.043,NORMAL,15,False,1
2026-07-30 21:44:08,80.48,0.2651,0.0022,14.43,174.82,0.043,NORMAL,15,False,1
2026-07-30 21:44:08,80.59,0.2573,0.0025,14.46,175.23,0.043,NORMAL,15,False,1
2026-07-30 21:44:08,80.64,0.2579,0.005,14.46,175.61,0.043,NORMAL,15,False,1
2026-07-30 21:44:08,80.67,0.2593,0.0026,14.43,174.25,0.043,NORMAL,15,False,1
2026-07-30 21:44:08,80.76,0.2639,0.0015,14.46,174.57,0.043,NORMAL,15,False,1
2026-07-30 21:44:08,80.81,0.2637,0.0015,14.46,174.22,0.043,NORMAL,15,False,1
2026-07-30 21:44:08,80.84,0.2641,0.0011,14.43,174.11,0.043,NORMAL,15,False,1
2026-07-30 21:44:08,80.97,0.2573,0.0031,14.49,174.43,0.043,NORMAL,15,False,1
2026-07-30 21:44:08,81.0,0.2623,0.0031,14.46,176.62,0.043,NORMAL,15,False,1
2026-07-30 21:44:08,81.03,0.2703,0.0035,14.46,175.12,0.043,NORMAL,15,False,1
2026-07-30 21:44:08,81.1,0.2777,0.0024,14.49,176.06,0.043,NORMAL,15,False,0
2026-07-30 21:44:08,81.17,0.275,0.0022,14.46,175.54,0.043,NORMAL,15,False,0
2026-07-30 21:44:08,81.2,0.2762,0.0022,14.46,175.56,0.043,NORMAL,15,False,0
2026-07-30 21:44:08,81.29,0.2747,0.002,14.49,178.63,0.043,NORMAL,15,False,0
2026-07-30 21:44:08,81.33,0.3341,0.0054,14.46,-179.79,0.053,NORMAL,15,False,0
2026-07-30 21:44:09,81.41,0.3598,0.0036,14.46,179.03,0.043,NORMAL,15,False,0
2026-07-30 21:44:09,81.46,0.3681,0.0028,14.46,177.3,0.043,NORMAL,15,False,0
2026-07-30 21:44:09,81.5,0.372,0.0033,14.46,177.23,0.043,NORMAL,15,False,0
2026-07-30 21:44:09,81.53,0.3631,0.0025,14.46,176.58,0.043,NORMAL,15,False,0
2026-07-30 21:44:09,81.6,0.3583,0.0024,14.46,177.12,0.043,NORMAL,15,False,0
2026-07-30 21:44:09,81.64,0.3711,0.0013,14.46,176.84,0.043,NORMAL,15,False,0
2026-07-30 21:44:09,81.72,0.3649,0.0027,14.46,176.84,0.043,NORMAL,15,False,0
2026-07-30 21:44:09,81.8,0.3587,0.0009,14.43,176.79,0.043,NORMAL,15,False,0
2026-07-30 21:44:09,81.85,0.3651,0.0028,14.4,175.93,0.043,NORMAL,15,False,0
2026-07-30 21:44:09,81.91,0.3583,0.0058,14.43,172.36,0.043,NORMAL,15,False,0
2026-07-30 21:44:09,82.02,0.3477,0.0057,14.43,169.55,0.043,NORMAL,15,False,0
2026-07-30 21:44:09,82.07,0.3513,0.0099,14.43,172.96,0.043,NORMAL,15,False,0
2026-07-30 21:44:09,82.11,0.3581,0.0063,14.43,173.89,0.043,NORMAL,15,False,0
2026-07-30 21:44:09,82.22,0.3788,0.0051,14.46,175.9,0.043,NORMAL,15,False,0
2026-07-30 21:44:09,82.25,0.365,0.0076,14.43,175.64,0.043,NORMAL,15,False,0
2026-07-30 21:44:10,82.29,0.3588,0.0058,14.43,173.78,0.043,NORMAL,15,False,0
2026-07-30 21:44:10,82.45,0.3596,0.005,14.46,174.01,0.043,NORMAL,15,False,0
2026-07-30 21:44:10,82.48,0.3656,0.0061,14.43,173.77,0.043,NORMAL,15,False,0
2026-07-30 21:44:10,82.52,0.3601,0.0053,14.43,174.39,0.043,NORMAL,15,False,0
2026-07-30 21:44:10,82.6,0.369,0.0073,14.43,175.7,0.043,NORMAL,15,False,0
2026-07-30 21:44:10,82.64,0.3683,0.0073,14.43,175.8,0.043,NORMAL,15,False,0
2026-07-30 21:44:10,82.68,0.3625,0.0057,14.4,178.78,0.043,NORMAL,15,False,0
2026-07-30 21:44:10,82.73,0.3571,0.0084,14.4,178.62,0.043,NORMAL,15,False,0
2026-07-30 21:44:10,82.77,0.3578,0.0095,14.4,178.53,0.043,NORMAL,15,False,0
2026-07-30 21:44:10,82.8,0.3585,0.009,14.4,178.4,0.043,NORMAL,15,False,0
2026-07-30 21:44:10,82.86,0.3608,0.01,14.43,178.54,0.043,NORMAL,15,False,0
2026-07-30 21:44:10,82.94,0.3602,0.0082,14.43,175.99,0.043,NORMAL,15,False,0
2026-07-30 21:44:10,82.99,0.3609,0.0026,14.43,176.94,0.043,NORMAL,15,False,0
2026-07-30 21:44:10,83.07,0.3622,0.0034,14.4,175.99,0.043,NORMAL,15,False,0
2026-07-30 21:44:10,83.1,0.3786,0.0082,14.4,174.71,0.043,NORMAL,15,False,0
2026-07-30 21:44:10,83.18,0.3605,0.0082,14.4,172.62,0.043,NORMAL,15,False,0
2026-07-30 21:44:10,83.25,0.3799,0.0055,14.4,172.69,0.043,NORMAL,15,False,0
2026-07-30 21:44:10,83.29,0.3731,0.0057,14.4,172.64,0.043,NORMAL,15,False,0
2026-07-30 21:44:10,83.33,0.3581,0.0068,14.4,171.58,0.043,NORMAL,15,False,0
2026-07-30 21:44:11,83.43,0.1792,0.006,14.6,168.99,0.07,NORMAL,15,False,0
2026-07-30 21:44:11,83.47,0.1906,0.0037,14.78,170.42,0.098,NORMAL,15,False,0
2026-07-30 21:44:11,83.57,0.2307,0.005,14.81,170.82,0.044,NORMAL,16,False,0
2026-07-30 21:44:11,83.65,0.3273,0.0057,14.81,172.77,0.044,NORMAL,16,False,0
2026-07-30 21:44:11,83.69,0.3489,0.0072,14.81,172.41,0.044,NORMAL,16,False,0
2026-07-30 21:44:11,83.79,0.3512,0.0086,14.81,170.86,0.044,NORMAL,16,False,0
2026-07-30 21:44:11,83.85,0.3538,0.0091,14.81,170.71,0.044,NORMAL,16,False,0
2026-07-30 21:44:11,83.89,0.3433,0.0103,14.78,170.05,0.044,NORMAL,16,False,0
2026-07-30 21:44:11,83.99,0.329,0.0095,14.81,175.65,0.044,NORMAL,16,False,0
2026-07-30 21:44:11,84.06,0.3161,0.0069,14.81,170.56,0.044,NORMAL,16,False,0
2026-07-30 21:44:11,84.1,0.1248,0.0059,15.01,167.34,0.072,NORMAL,16,False,0
2026-07-30 21:44:11,84.18,0.2877,0.0053,15.04,173.01,0.045,NORMAL,16,False,0
2026-07-30 21:44:11,84.31,0.338,0.0073,15.07,174.55,0.045,NORMAL,16,False,0
2026-07-30 21:44:12,84.35,0.3405,0.0092,15.04,174.19,0.045,NORMAL,16,False,0
2026-07-30 21:44:12,84.4,0.3475,0.0042,15.04,174.16,0.045,NORMAL,16,False,0
2026-07-30 21:44:12,84.49,0.353,0.0063,15.04,173.67,0.045,NORMAL,16,False,0
2026-07-30 21:44:12,84.53,0.3592,0.0074,15.04,174.44,0.045,NORMAL,16,False,0
2026-07-30 21:44:12,84.58,0.351,0.0088,15.01,174.85,0.045,NORMAL,16,False,0
2026-07-30 21:44:12,84.65,0.3519,0.0094,15.01,174.46,0.045,NORMAL,16,False,0
2026-07-30 21:44:12,84.68,0.3451,0.0095,15.01,174.03,0.045,NORMAL,16,False,0
2026-07-30 21:44:12,84.78,0.3293,0.0083,15.01,173.93,0.045,NORMAL,16,False,0
2026-07-30 21:44:12,84.87,0.347,0.0082,15.01,174.02,0.045,NORMAL,16,False,0
2026-07-30 21:44:12,84.96,0.3395,0.0083,15.04,172.85,0.045,NORMAL,16,False,0
2026-07-30 21:44:12,85.01,0.3471,0.0104,15.04,173.24,0.045,NORMAL,16,False,0
2026-07-30 21:44:12,85.1,0.3454,0.0099,15.01,172.81,0.045,NORMAL,16,False,0
2026-07-30 21:44:12,85.15,0.3266,0.012,15.01,171.97,0.045,NORMAL,16,False,0
2026-07-30 21:44:12,85.2,0.3498,0.0131,15.01,173.21,0.045,NORMAL,16,False,0
2026-07-30 21:44:12,85.33,0.3416,0.0239,15.01,173.17,0.045,NORMAL,16,False,0
2026-07-30 21:44:13,85.36,0.3202,0.0497,14.98,172.86,0.045,NORMAL,16,False,0
2026-07-30 21:44:13,85.39,0.359,0.0237,14.98,171.51,0.045,NORMAL,16,False,0
2026-07-30 21:44:13,85.45,0.3539,0.0156,14.98,172.25,0.045,NORMAL,16,False,0
2026-07-30 21:44:13,85.49,0.1979,0.0144,14.98,171.27,0.045,NORMAL,16,False,0
2026-07-30 21:44:13,85.58,0.1567,0.0197,15.24,170.87,0.072,NORMAL,16,False,0
2026-07-30 21:44:13,85.66,0.1564,0.0163,15.45,171.17,0.1,NORMAL,16,False,0
2026-07-30 21:44:13,85.71,0.3074,0.012,15.45,173.26,0.046,NORMAL,17,False,0
2026-07-30 21:44:13,85.77,0.3349,0.0115,15.42,172.73,0.046,NORMAL,17,False,0
2026-07-30 21:44:13,85.83,0.3348,0.0109,15.42,173.23,0.046,NORMAL,17,False,0
2026-07-30 21:44:13,85.87,0.3377,0.0105,15.42,172.89,0.046,NORMAL,17,False,0
2026-07-30 21:44:13,85.9,0.3275,0.01,15.38,173.49,0.046,NORMAL,17,False,0
2026-07-30 21:44:13,85.95,0.329,0.011,15.38,173.71,0.046,NORMAL,17,False,0
2026-07-30 21:44:13,85.99,0.3283,0.0077,15.35,172.16,0.046,NORMAL,17,False,0
2026-07-30 21:44:13,86.06,0.3416,0.0123,15.35,172.85,0.046,NORMAL,17,False,0
2026-07-30 21:44:13,86.17,0.3383,0.0139,15.35,173.76,0.046,NORMAL,17,False,0
2026-07-30 21:44:13,86.21,0.34,0.015,15.38,174.05,0.046,NORMAL,17,False,0
2026-07-30 21:44:13,86.27,0.3282,0.0121,15.38,176.83,0.046,NORMAL,17,False,0
2026-07-30 21:44:13,86.33,0.3359,0.0141,15.38,177.58,0.046,NORMAL,17,False,0
2026-07-30 21:44:14,86.36,0.3305,0.013,15.35,177.67,0.046,NORMAL,17,False,0
2026-07-30 21:44:14,86.4,0.3518,0.0143,15.35,179.22,0.046,NORMAL,17,False,0
2026-07-30 21:44:14,86.45,0.3524,0.0136,15.35,178.64,0.046,NORMAL,17,False,0
2026-07-30 21:44:14,86.48,0.3675,0.0158,15.35,-179.97,0.056,NORMAL,17,False,0
2026-07-30 21:44:14,86.5,0.3682,0.0431,15.35,179.36,0.046,NORMAL,17,False,0
2026-07-30 21:44:14,86.55,0.3693,0.0431,15.32,179.34,0.046,NORMAL,17,False,0
2026-07-30 21:44:14,86.62,0.3524,0.066,15.32,-178.95,0.056,NORMAL,17,False,0
2026-07-30 21:44:14,86.65,0.3484,0.0502,15.29,179.97,0.046,NORMAL,17,False,0
2026-07-30 21:44:14,86.71,0.3668,0.0141,15.32,178.89,0.046,NORMAL,17,False,0
2026-07-30 21:44:14,86.74,0.3653,0.038,15.29,178.85,0.046,NORMAL,17,False,0
2026-07-30 21:44:14,86.77,0.3644,0.0363,15.29,179.6,0.046,NORMAL,17,False,0
2026-07-30 21:44:14,86.84,0.3616,0.0318,15.29,179.56,0.046,NORMAL,17,False,0
2026-07-30 21:44:14,86.88,0.3673,0.0167,15.29,179.6,0.046,NORMAL,17,False,0
2026-07-30 21:44:14,86.91,0.3645,0.0526,15.26,178.65,0.046,NORMAL,17,False,0
2026-07-30 21:44:14,86.98,0.3641,0.012,15.23,175.49,0.046,NORMAL,17,False,0
2026-07-30 21:44:14,87.05,0.3652,0.0384,15.23,178.18,0.046,NORMAL,17,False,0
2026-07-30 21:44:14,87.15,0.3633,0.047,15.26,176.56,0.046,NORMAL,17,False,0
2026-07-30 21:44:14,87.23,0.3639,0.0164,15.29,176.77,0.046,NORMAL,17,False,0
2026-07-30 21:44:14,87.27,0.3703,0.0092,15.29,176.41,0.046,NORMAL,17,False,0
2026-07-30 21:44:14,87.3,0.3705,0.0119,15.26,175.89,0.046,NORMAL,17,False,0
2026-07-30 21:44:15,87.37,0.3581,0.0948,15.29,177.79,0.046,NORMAL,17,False,0
2026-07-30 21:44:15,87.46,0.3305,0.2709,15.29,174.68,0.046,NORMAL,17,False,0
2026-07-30 21:44:15,87.49,0.3311,0.2819,15.29,175.22,0.046,NORMAL,17,False,0
2026-07-30 21:44:15,87.55,0.3301,0.2883,15.26,175.21,0.046,NORMAL,17,False,0
2026-07-30 21:44:15,87.72,0.308,0.3602,15.32,-179.5,0.056,NORMAL,17,False,0
2026-07-30 21:44:15,87.76,0.3577,0.2809,15.29,176.54,0.046,NORMAL,17,False,0
2026-07-30 21:44:15,87.9,0.3393,0.0595,15.32,174.24,0.046,NORMAL,17,False,0
2026-07-30 21:44:15,87.95,0.3485,0.0065,15.32,175.28,0.046,NORMAL,17,False,0
2026-07-30 21:44:15,87.99,0.3375,0.0061,15.32,175.45,0.046,NORMAL,17,False,0
2026-07-30 21:44:15,88.1,0.3259,0.0065,15.32,177.31,0.046,NORMAL,17,False,0
2026-07-30 21:44:15,88.16,0.3459,0.009,15.32,172.91,0.046,NORMAL,17,False,0
2026-07-30 21:44:15,88.21,0.3523,0.0056,15.32,173.65,0.046,NORMAL,17,False,0
2026-07-30 21:44:15,88.32,0.3645,0.0104,15.32,174.27,0.046,NORMAL,17,False,0
2026-07-30 21:44:16,88.36,0.3663,0.0064,15.32,174.13,0.046,NORMAL,17,False,0
2026-07-30 21:44:16,88.4,0.3698,0.0048,15.32,173.66,0.046,NORMAL,17,False,0
2026-07-30 21:44:16,88.47,0.354,0.266,15.32,172.54,0.046,NORMAL,17,False,0
2026-07-30 21:44:16,88.56,0.3453,0.429,15.32,174.19,0.046,NORMAL,17,False,0
2026-07-30 21:44:16,88.6,0.3522,0.4304,15.35,174.02,0.046,NORMAL,17,False,0
2026-07-30 21:44:16,88.68,0.3276,0.4081,15.38,177.37,0.046,NORMAL,17,False,0
2026-07-30 21:44:16,88.75,0.3503,0.2161,15.38,175.01,0.046,NORMAL,17,False,0
2026-07-30 21:44:16,88.79,0.3474,0.2001,15.35,173.76,0.046,NORMAL,17,False,0
2026-07-30 21:44:16,88.84,0.347,0.1982,15.35,174.13,0.046,NORMAL,17,False,0
2026-07-30 21:44:16,88.88,0.3618,0.0073,15.35,176.9,0.046,NORMAL,17,False,0
2026-07-30 21:44:16,88.91,0.3616,0.0057,15.35,174.9,0.046,NORMAL,17,False,0
2026-07-30 21:44:16,88.96,0.3532,0.0091,15.32,175.63,0.046,NORMAL,17,False,0
2026-07-30 21:44:16,89.05,0.379,0.0038,15.32,175.77,0.046,NORMAL,17,False,0
2026-07-30 21:44:16,89.13,0.3782,0.0055,15.35,175.91,0.046,NORMAL,17,False,0
2026-07-30 21:44:16,89.2,0.3467,0.0059,15.38,174.84,0.046,NORMAL,17,False,0
2026-07-30 21:44:16,89.25,0.3493,0.0054,15.38,174.42,0.046,NORMAL,17,False,0
2026-07-30 21:44:16,89.29,0.3657,0.0098,15.38,174.16,0.046,NORMAL,17,False,0
2026-07-30 21:44:16,89.34,0.3589,0.0097,15.35,174.56,0.046,NORMAL,17,False,0
2026-07-30 21:44:17,89.38,0.3632,0.0113,15.35,175.97,0.046,NORMAL,17,False,0
2026-07-30 21:44:17,89.41,0.3684,0.0124,15.35,175.73,0.046,NORMAL,17,False,0
2026-07-30 21:44:17,89.47,0.3447,0.0109,15.35,175.77,0.046,NORMAL,17,False,0
2026-07-30 21:44:17,89.55,0.3538,0.0047,15.32,176.4,0.046,NORMAL,17,False,0
2026-07-30 21:44:17,89.59,0.3735,0.0043,15.32,177.62,0.046,NORMAL,17,False,0
2026-07-30 21:44:17,89.69,0.3752,0.0108,15.35,175.66,0.046,NORMAL,17,False,0
2026-07-30 21:44:17,89.74,0.2948,0.0065,15.32,175.32,0.046,NORMAL,17,False,0
2026-07-30 21:44:17,89.77,0.2931,0.0062,15.35,175.59,0.046,NORMAL,17,False,0
2026-07-30 21:44:17,89.85,0.265,0.0057,15.35,173.4,0.046,NORMAL,17,False,0
2026-07-30 21:44:17,89.93,0.2829,0.0086,15.35,174.06,0.046,NORMAL,17,False,0
2026-07-30 21:44:17,89.97,0.2896,0.0099,15.35,174.47,0.046,NORMAL,17,False,0
2026-07-30 21:44:17,90.02,0.2888,0.0099,15.32,174.38,0.046,NORMAL,17,False,0
2026-07-30 21:44:17,90.05,0.3013,0.007,15.32,174.42,0.046,NORMAL,17,False,0
2026-07-30 21:44:17,90.08,0.3141,0.0058,15.32,172.81,0.046,NORMAL,17,False,0
2026-07-30 21:44:17,90.14,0.2871,0.0094,15.32,174.4,0.046,NORMAL,17,False,0
2026-07-30 21:44:17,90.24,0.2564,0.004,15.32,173.29,0.046,NORMAL,17,False,0
2026-07-30 21:44:17,90.27,0.2507,0.0041,15.35,172.52,0.046,NORMAL,17,False,0
2026-07-30 21:44:18,90.35,0.0941,0.0087,15.56,170.12,0.073,NORMAL,17,False,0
2026-07-30 21:44:18,90.45,0.2441,0.0076,15.59,174.55,0.047,NORMAL,17,False,0
2026-07-30 21:44:18,90.48,0.2477,0.0081,15.56,174.3,0.047,NORMAL,17,False,0
2026-07-30 21:44:18,90.53,0.2502,0.0083,15.52,173.81,0.047,NORMAL,17,False,0
2026-07-30 21:44:18,90.57,0.3,0.0053,15.52,179.89,0.047,NORMAL,17,False,0
2026-07-30 21:44:18,90.62,0.3045,0.0039,15.52,176.92,0.047,NORMAL,17,False,0
2026-07-30 21:44:18,90.69,0.3415,0.0052,15.52,177.37,0.047,NORMAL,17,False,0
2026-07-30 21:44:18,90.74,0.3365,0.0054,15.49,176.2,0.046,NORMAL,17,False,0
2026-07-30 21:44:18,90.87,0.3634,0.0038,15.52,174.68,0.047,NORMAL,17,False,0
2026-07-30 21:44:18,90.96,0.3522,0.0053,15.52,173.84,0.047,NORMAL,17,False,0
2026-07-30 21:44:18,91.04,0.3441,0.0015,15.32,175.47,0.046,NORMAL,17,False,0
2026-07-30 21:44:18,91.09,0.3431,0.0017,15.12,175.91,0.045,NORMAL,17,False,0
2026-07-30 21:44:18,91.19,0.3455,0.0049,14.92,174.3,0.045,NORMAL,17,False,0
2026-07-30 21:44:18,91.23,0.3516,0.0036,14.92,176.56,0.045,NORMAL,17,False,0
2026-07-30 21:44:18,91.29,0.3385,0.0056,14.89,175.53,0.045,NORMAL,17,False,0
2026-07-30 21:44:19,91.39,0.3441,0.0027,14.92,175.38,0.045,NORMAL,17,False,0
2026-07-30 21:44:19,91.44,0.3466,0.0021,14.89,175.28,0.045,NORMAL,17,False,0
2026-07-30 21:44:19,91.48,0.3535,0.0067,14.92,175.13,0.045,NORMAL,17,False,0
2026-07-30 21:44:19,91.61,0.3404,0.0035,14.95,174.65,0.045,NORMAL,17,False,0
2026-07-30 21:44:19,91.65,0.34,0.0079,14.95,175.22,0.045,NORMAL,17,False,0
2026-07-30 21:44:19,91.7,0.3502,0.0082,14.95,175.18,0.045,NORMAL,17,False,0
2026-07-30 21:44:19,91.77,0.3357,0.0049,14.98,174.63,0.045,NORMAL,17,False,0
2026-07-30 21:44:19,91.8,0.3393,0.006,14.95,174.68,0.045,NORMAL,17,False,0
2026-07-30 21:44:19,91.83,0.3219,0.0043,14.92,174.71,0.045,NORMAL,17,False,0
2026-07-30 21:44:19,91.89,0.3244,0.0058,14.92,174.02,0.045,NORMAL,17,False,0
2026-07-30 21:44:19,91.93,0.3512,0.0124,14.89,171.75,0.045,NORMAL,17,False,0
2026-07-30 21:44:19,91.96,0.3601,0.0109,14.89,171.6,0.045,NORMAL,17,False,0
2026-07-30 21:44:19,92.03,0.3567,0.0111,14.92,171.51,0.045,NORMAL,17,False,0
2026-07-30 21:44:19,92.1,0.3813,0.0185,14.92,169.67,0.045,NORMAL,17,False,0
2026-07-30 21:44:19,92.13,0.4049,0.0128,14.92,171.14,0.045,NORMAL,17,False,0
2026-07-30 21:44:19,92.22,0.3802,0.014,14.95,172.42,0.045,NORMAL,17,False,0
2026-07-30 21:44:19,92.26,0.3718,0.0162,14.95,172.21,0.045,NORMAL,17,False,0
2026-07-30 21:44:19,92.29,0.3719,0.0146,14.92,172.38,0.045,NORMAL,17,False,0
2026-07-30 21:44:20,92.35,0.37,0.0076,14.92,174.94,0.045,NORMAL,17,False,0
2026-07-30 21:44:20,92.43,0.3656,0.0086,14.92,177.34,0.045,NORMAL,17,False,0
2026-07-30 21:44:20,92.46,0.3674,0.0075,14.92,177.49,0.045,NORMAL,17,False,0
2026-07-30 21:44:20,92.52,0.3612,0.0059,14.92,177.98,0.045,NORMAL,17,False,0
2026-07-30 21:44:20,92.57,0.3487,0.0066,14.92,178.27,0.045,NORMAL,17,False,0
2026-07-30 21:44:20,92.66,0.3599,0.0074,14.95,-178.77,0.055,NORMAL,17,False,0
2026-07-30 21:44:20,92.74,0.3445,0.0026,14.98,-177.44,0.065,NORMAL,17,False,0
2026-07-30 21:44:20,92.77,0.3407,0.0065,14.98,-176.63,0.075,NORMAL,17,False,0
2026-07-30 21:44:20,92.82,0.3413,0.0044,14.95,-177.32,0.085,NORMAL,17,False,0
2026-07-30 21:44:20,92.88,0.121,0.0081,15.15,-179.15,0.122,NORMAL,17,False,0
2026-07-30 21:44:20,92.91,0.1328,0.007,15.35,-178.82,0.159,NORMAL,17,False,0
2026-07-30 21:44:20,92.94,0.2122,0.0084,15.35,-179.85,0.116,NORMAL,18,False,0
2026-07-30 21:44:20,93.02,0.2591,0.0048,15.35,-178.5,0.126,NORMAL,18,False,0
2026-07-30 21:44:20,93.06,0.2617,0.0038,15.35,-179.07,0.136,NORMAL,18,False,0
2026-07-30 21:44:20,93.1,0.2622,0.0037,15.35,-179.09,0.146,NORMAL,18,False,0
2026-07-30 21:44:20,93.23,0.2866,0.0053,15.42,177.41,0.046,NORMAL,18,False,0
2026-07-30 21:44:20,93.27,0.2745,0.0063,15.38,178.89,0.046,NORMAL,18,False,0
2026-07-30 21:44:20,93.31,0.2759,0.0061,15.35,179.45,0.046,NORMAL,18,False,0
2026-07-30 21:44:21,93.38,0.2957,0.0053,15.38,178.62,0.046,NORMAL,18,False,0
2026-07-30 21:44:21,93.43,0.2888,0.0066,15.35,-179.56,0.056,NORMAL,18,False,0
2026-07-30 21:44:21,93.46,0.3009,0.0066,15.35,-179.55,0.066,NORMAL,18,False,0
2026-07-30 21:44:21,93.52,0.2893,0.0035,15.32,178.3,0.046,NORMAL,18,False,0
2026-07-30 21:44:21,93.55,0.2936,0.0041,15.32,177.79,0.046,NORMAL,18,False,0
2026-07-30 21:44:21,93.58,0.2938,0.0043,15.32,177.81,0.046,NORMAL,18,False,0
2026-07-30 21:44:21,93.65,0.2765,0.0073,15.32,174.87,0.046,NORMAL,18,False,0
2026-07-30 21:44:21,93.73,0.2778,0.007,15.32,174.76,0.046,NORMAL,18,False,0
2026-07-30 21:44:21,93.76,0.2789,0.0042,15.32,174.56,0.046,NORMAL,18,False,0
2026-07-30 21:44:21,93.84,0.2851,0.0046,15.32,175.09,0.046,NORMAL,18,False,0
2026-07-30 21:44:21,93.88,0.2788,0.0039,15.32,175.45,0.046,NORMAL,18,False,0
2026-07-30 21:44:21,93.91,0.2802,0.0042,15.32,175.22,0.046,NORMAL,18,False,0
2026-07-30 21:44:21,94.01,0.2661,0.0025,15.32,173.75,0.046,NORMAL,18,False,0
2026-07-30 21:44:21,94.05,0.2661,0.0023,15.29,174.05,0.046,NORMAL,18,False,0
2026-07-30 21:44:21,94.09,0.2624,0.0028,15.26,175.73,0.046,NORMAL,18,False,0
2026-07-30 21:44:21,94.17,0.2268,0.004,15.32,175.97,0.046,NORMAL,18,False,0
2026-07-30 21:44:21,94.21,0.0346,0.008,15.49,173.09,0.073,NORMAL,18,False,0
2026-07-30 21:44:21,94.31,0.0317,0.0071,15.69,173.54,0.1,NORMAL,18,False,0
2026-07-30 21:44:22,94.41,0.0272,0.0065,15.93,173.13,0.128,NORMAL,18,False,0
2026-07-30 21:44:22,94.45,0.0271,0.0019,16.1,175.78,0.155,NORMAL,18,False,0
2026-07-30 21:44:22,94.5,0.0281,0.0022,16.3,175.37,0.182,NORMAL,18,False,0
2026-07-30 21:44:22,94.62,0.0441,0.0067,16.57,-179.44,0.22,NORMAL,18,False,0
2026-07-30 21:44:22,94.66,0.0425,0.0063,16.73,-177.2,0.257,NORMAL,18,False,0
2026-07-30 21:44:22,94.69,0.0448,0.0056,16.9,-177.84,0.294,NORMAL,18,False,0
2026-07-30 21:44:22,94.75,0.0509,0.0098,17.14,-175.68,0.331,MILD FATIGUE,18,False,0
2026-07-30 21:44:22,94.78,0.0518,0.0157,17.3,-176.29,0.369,MILD FATIGUE,18,False,0
2026-07-30 21:44:22,94.82,0.1274,0.0078,17.47,-174.26,0.406,MILD FATIGUE,18,False,0
2026-07-30 21:44:22,94.96,0.2883,0.005,16.97,-175.71,0.121,NORMAL,19,False,0
2026-07-30 21:44:22,94.99,0.2872,0.0043,16.97,-175.08,0.131,NORMAL,19,False,0
2026-07-30 21:44:22,95.04,0.2851,0.0045,16.97,-176.37,0.141,NORMAL,19,False,0
2026-07-30 21:44:22,95.13,0.2956,0.0055,17.0,-175.85,0.151,NORMAL,19,False,0
2026-07-30 21:44:22,95.18,0.2928,0.0056,16.97,-175.46,0.161,NORMAL,19,False,0
2026-07-30 21:44:22,95.21,0.2943,0.0058,16.97,-175.25,0.171,NORMAL,19,False,0
2026-07-30 21:44:22,95.27,0.2938,0.0092,16.94,-176.18,0.181,NORMAL,19,False,0
2026-07-30 21:44:22,95.31,0.286,0.0152,16.94,-176.49,0.191,NORMAL,19,False,0
2026-07-30 21:44:22,95.34,0.2973,0.0057,16.94,-176.16,0.201,NORMAL,19,False,0
2026-07-30 21:44:23,95.4,0.294,0.0054,16.94,-175.81,0.211,NORMAL,19,False,0
2026-07-30 21:44:23,95.48,0.2856,0.0063,16.97,-175.71,0.221,NORMAL,19,False,0
2026-07-30 21:44:23,95.52,0.2802,0.008,16.97,-176.75,0.231,NORMAL,19,False,0
2026-07-30 21:44:23,95.61,0.2988,0.0067,16.6,-176.66,0.24,NORMAL,19,False,0
2026-07-30 21:44:23,95.65,0.2908,0.0049,16.4,-177.39,0.249,NORMAL,19,False,0
2026-07-30 21:44:23,95.71,0.2928,0.005,16.36,-175.06,0.249,NORMAL,19,False,0
2026-07-30 21:44:23,95.76,0.2963,0.0045,16.36,-175.55,0.249,NORMAL,19,False,0
2026-07-30 21:44:23,95.79,0.2947,0.0045,16.36,-175.74,0.249,NORMAL,19,False,0
2026-07-30 21:44:23,95.82,0.2892,0.0032,16.36,-178.01,0.249,NORMAL,19,False,0
2026-07-30 21:44:23,95.9,0.2942,0.0052,16.36,-177.29,0.249,NORMAL,19,False,1
2026-07-30 21:44:23,95.94,0.294,0.005,16.36,-176.55,0.249,NORMAL,19,False,1
2026-07-30 21:44:23,96.01,0.2922,0.0043,16.4,-176.78,0.249,NORMAL,19,False,1
2026-07-30 21:44:23,96.09,0.2821,0.0059,16.4,-178.67,0.249,NORMAL,19,False,1
2026-07-30 21:44:23,96.12,0.2899,0.006,16.4,-179.08,0.249,NORMAL,19,False,1
2026-07-30 21:44:23,96.15,0.2934,0.0071,16.4,-178.61,0.249,NORMAL,19,False,1
2026-07-30 21:44:23,96.23,0.2947,0.0082,16.36,-179.35,0.249,NORMAL,19,False,1
2026-07-30 21:44:23,96.26,0.2815,0.0072,16.36,-178.15,0.249,NORMAL,19,False,1
2026-07-30 21:44:23,96.3,0.279,0.0073,16.36,-178.15,0.249,NORMAL,19,False,1
2026-07-30 21:44:24,96.39,0.2708,0.0052,16.36,-179.36,0.249,NORMAL,19,False,1
2026-07-30 21:44:24,96.44,0.045,0.0034,16.6,179.28,0.076,NORMAL,19,False,1
2026-07-30 21:44:24,96.49,0.1127,0.0046,16.8,179.93,0.104,NORMAL,19,False,1
2026-07-30 21:44:24,96.63,0.2814,0.0052,16.84,178.25,0.051,NORMAL,20,False,1
2026-07-30 21:44:24,96.67,0.2823,0.0057,16.84,176.94,0.051,NORMAL,20,False,1
2026-07-30 21:44:24,96.7,0.285,0.0053,16.84,177.27,0.051,NORMAL,20,False,1
2026-07-30 21:44:24,96.78,0.3022,0.0048,16.84,175.43,0.051,NORMAL,20,False,1
2026-07-30 21:44:24,96.83,0.2936,0.0078,16.8,173.63,0.05,NORMAL,20,False,1
2026-07-30 21:44:24,96.9,0.2586,0.0033,16.84,174.36,0.051,NORMAL,20,False,1
2026-07-30 21:44:24,96.98,0.2637,0.0011,16.84,173.82,0.051,NORMAL,20,False,1
2026-07-30 21:44:24,97.03,0.2502,0.0033,16.84,174.29,0.051,NORMAL,20,False,1
2026-07-30 21:44:24,97.1,0.2551,0.0086,16.87,174.57,0.051,NORMAL,20,False,1
2026-07-30 21:44:24,97.21,0.2448,0.0034,16.87,175.92,0.051,NORMAL,20,False,1
2026-07-30 21:44:24,97.31,0.2522,0.003,16.9,175.64,0.051,NORMAL,20,False,1
2026-07-30 21:44:25,97.39,0.2728,0.0109,16.87,176.93,0.051,NORMAL,20,False,1
2026-07-30 21:44:25,97.48,0.2738,0.0254,16.87,176.47,0.051,NORMAL,20,False,1
2026-07-30 21:44:25,97.51,0.2631,0.0051,16.87,169.75,0.051,NORMAL,20,False,1
2026-07-30 21:44:25,97.6,0.2705,0.0043,16.84,167.68,0.051,NORMAL,20,False,1
2026-07-30 21:44:25,97.65,0.2623,0.0058,16.87,166.6,0.051,NORMAL,20,False,1
2026-07-30 21:44:25,97.68,0.2586,0.007,16.87,166.19,0.051,NORMAL,20,False,1
2026-07-30 21:44:25,97.72,0.2605,0.0099,16.87,163.95,0.051,NORMAL,20,False,1
2026-07-30 21:44:25,97.78,0.2567,0.0076,16.87,164.77,0.051,NORMAL,20,False,1
2026-07-30 21:44:25,97.81,0.243,0.0051,16.87,164.43,0.051,NORMAL,20,False,1
2026-07-30 21:44:25,97.88,0.0515,0.0049,17.04,164.34,0.078,NORMAL,20,False,1
2026-07-30 21:44:25,97.95,0.0553,0.0045,17.28,164.12,0.105,NORMAL,20,False,1
2026-07-30 21:44:25,97.99,0.0145,0.0043,17.44,164.59,0.132,NORMAL,20,False,1
2026-07-30 21:44:25,98.09,0.0269,0.0064,17.65,167.24,0.16,NORMAL,20,False,1
2026-07-30 21:44:25,98.14,0.0345,0.0062,17.85,167.4,0.187,NORMAL,20,False,1
2026-07-30 21:44:25,98.16,0.0326,0.0076,18.02,166.15,0.214,NORMAL,20,False,1
2026-07-30 21:44:25,98.2,0.0435,0.0013,18.22,167.24,0.241,NORMAL,20,False,1
2026-07-30 21:44:25,98.24,0.0376,0.0039,18.42,167.83,0.269,NORMAL,20,False,1
2026-07-30 21:44:25,98.28,0.0367,0.0045,18.59,167.79,0.296,NORMAL,20,False,1
2026-07-30 21:44:26,98.31,0.0323,0.0034,18.79,169.88,0.323,MILD FATIGUE,20,False,1
2026-07-30 21:44:26,98.43,0.0484,0.0043,19.07,-179.19,0.361,MILD FATIGUE,20,False,1
2026-07-30 21:44:26,98.46,0.0446,0.0098,19.27,-178.99,0.398,MILD FATIGUE,20,False,1
2026-07-30 21:44:26,98.5,0.0967,0.0385,19.47,-170.55,0.435,MILD FATIGUE,20,False,1
2026-07-30 21:44:26,98.57,0.0943,0.0352,19.64,-170.86,0.472,MILD FATIGUE,20,False,1
2026-07-30 21:44:26,98.61,0.1697,0.0275,19.84,-165.34,0.51,DROWSY,20,False,1
2026-07-30 21:44:26,98.69,0.1135,0.0025,20.04,-163.28,0.52,DROWSY,20,False,1
2026-07-30 21:44:26,98.76,0.1066,0.0084,20.24,-161.19,0.531,DROWSY,20,False,1
2026-07-30 21:44:26,98.8,0.1072,0.0269,20.45,-163.44,0.541,DROWSY,20,False,1
2026-07-30 21:44:26,98.88,0.0787,0.0994,20.69,-166.19,0.552,DROWSY,20,False,1
2026-07-30 21:44:26,98.94,0.0747,0.0643,20.89,-166.28,0.563,DROWSY,20,False,1
2026-07-30 21:44:26,99.02,0.0669,0.0101,21.14,-171.15,0.573,DROWSY,20,False,1
2026-07-30 21:44:26,99.09,0.052,0.012,21.3,-172.4,0.584,DROWSY,20,False,1
2026-07-30 21:44:26,99.16,0.0479,0.0093,21.5,-173.45,0.595,DROWSY,20,False,1
2026-07-30 21:44:26,99.2,0.0519,0.0079,21.66,-173.61,0.605,DROWSY,20,False,1
2026-07-30 21:44:26,99.28,0.0558,0.0643,21.95,-172.7,0.616,DROWSY,20,False,1
2026-07-30 21:44:27,99.35,0.059,0.1062,22.11,-174.49,0.626,DROWSY,20,False,1
2026-07-30 21:44:27,99.39,0.08,0.0089,22.31,-168.83,0.637,DROWSY,20,False,1
2026-07-30 21:44:27,99.48,0.2857,0.056,22.36,-165.96,0.247,NORMAL,21,False,1
2026-07-30 21:44:27,99.55,0.2725,0.0482,22.36,-165.69,0.257,NORMAL,21,False,1
2026-07-30 21:44:27,99.58,0.2832,0.0466,22.31,-166.1,0.267,NORMAL,21,False,1
2026-07-30 21:44:27,99.66,0.2732,0.0142,22.36,-169.24,0.267,NORMAL,21,False,1
2026-07-30 21:44:27,99.74,0.0528,0.0205,22.56,-173.34,0.294,NORMAL,21,False,1
2026-07-30 21:44:27,99.78,0.038,0.0142,22.72,-175.63,0.321,MILD FATIGUE,21,False,1
2026-07-30 21:44:27,99.87,0.1709,0.0013,22.72,-173.92,0.348,MILD FATIGUE,21,False,1
2026-07-30 21:44:27,99.97,0.145,0.0009,22.56,-174.17,0.374,MILD FATIGUE,21,False,1
2026-07-30 21:44:27,100.01,0.2933,0.0135,22.52,179.91,0.068,NORMAL,22,False,1
2026-07-30 21:44:27,100.08,0.2961,0.0053,22.31,175.17,0.067,NORMAL,22,False,1
2026-07-30 21:44:27,100.18,0.2659,0.0057,22.11,172.44,0.066,NORMAL,22,False,1
2026-07-30 21:44:27,100.23,0.2734,0.0076,22.11,172.51,0.066,NORMAL,22,False,1
2026-07-30 21:44:27,100.28,0.268,0.0086,22.15,171.7,0.066,NORMAL,22,False,1
2026-07-30 21:44:28,100.43,0.2708,0.0046,22.24,165.12,0.067,NORMAL,22,False,1
2026-07-30 21:44:28,100.48,0.2403,0.0072,22.2,163.56,0.067,NORMAL,22,False,1
2026-07-30 21:44:28,100.52,0.2298,0.0071,22.2,163.25,0.067,NORMAL,22,False,1
2026-07-30 21:44:28,100.61,0.2364,0.0092,22.24,163.36,0.067,NORMAL,22,False,1
2026-07-30 21:44:28,100.65,0.2231,0.0112,22.24,164.09,0.067,NORMAL,22,False,1
2026-07-30 21:44:28,100.69,0.2184,0.1543,22.29,164.05,0.067,NORMAL,22,False,1
2026-07-30 21:44:28,100.76,0.2128,0.1646,22.29,164.15,0.067,NORMAL,22,False,1
2026-07-30 21:44:28,100.8,0.2154,0.1583,22.09,164.05,0.066,NORMAL,22,False,1
2026-07-30 21:44:28,100.83,0.0697,0.2534,22.24,164.08,0.093,NORMAL,22,False,1
2026-07-30 21:44:28,100.91,0.1917,0.2837,22.24,168.87,0.12,NORMAL,22,False,1
2026-07-30 21:44:28,100.99,0.2322,0.2545,22.04,170.67,0.066,NORMAL,23,False,1
2026-07-30 21:44:28,101.07,0.2357,0.2428,21.84,171.75,0.066,NORMAL,23,False,1
2026-07-30 21:44:28,101.14,0.2343,0.2371,21.63,171.73,0.065,NORMAL,23,False,1
2026-07-30 21:44:28,101.18,0.2336,0.2377,21.27,171.91,0.064,NORMAL,23,False,1
2026-07-30 21:44:28,101.21,0.2293,0.2371,21.22,173.03,0.064,NORMAL,23,False,1
2026-07-30 21:44:28,101.26,0.2296,0.231,21.18,172.45,0.064,NORMAL,23,False,1
2026-07-30 21:44:28,101.3,0.2236,0.2493,20.98,173.6,0.063,NORMAL,23,False,1
2026-07-30 21:44:28,101.33,0.228,0.2417,20.77,173.83,0.062,NORMAL,23,False,1
2026-07-30 21:44:29,101.39,0.2205,0.2681,20.57,173.58,0.062,NORMAL,23,False,1
2026-07-30 21:44:29,101.43,0.2343,0.2683,20.53,175.35,0.062,NORMAL,23,False,1
2026-07-30 21:44:29,101.51,0.2386,0.2536,20.33,173.91,0.061,NORMAL,23,False,1
2026-07-30 21:44:29,101.58,0.2394,0.4767,20.12,174.31,0.06,NORMAL,23,False,1
2026-07-30 21:44:29,101.66,0.2441,0.5571,19.92,174.9,0.06,NORMAL,23,False,1
2026-07-30 21:44:29,101.71,0.2466,0.5636,19.72,175.0,0.059,NORMAL,23,False,1
2026-07-30 21:44:29,101.76,0.2559,0.5662,19.51,174.74,0.059,NORMAL,23,False,1
2026-07-30 21:44:29,101.87,0.218,0.5569,19.14,173.99,0.057,NORMAL,23,False,1
2026-07-30 21:44:29,101.91,0.2193,0.5294,18.94,175.16,0.057,NORMAL,23,False,1
2026-07-30 21:44:29,101.97,0.2167,0.5071,18.74,175.83,0.056,NORMAL,23,False,1
2026-07-30 21:44:29,102.06,0.2126,0.5465,18.37,176.27,0.055,NORMAL,23,False,1
2026-07-30 21:44:29,102.1,0.2057,0.543,18.16,176.25,0.054,NORMAL,23,False,1
2026-07-30 21:44:29,102.2,0.2533,0.6128,18.13,175.09,0.154,NORMAL,23,False,1
2026-07-30 21:44:29,102.25,0.26,0.641,17.92,175.39,0.154,NORMAL,23,False,1
2026-07-30 21:44:29,102.29,0.2473,0.6109,17.89,174.59,0.154,NORMAL,23,False,1
2026-07-30 21:44:30,102.36,0.2493,0.6044,17.68,174.94,0.153,NORMAL,23,False,1
2026-07-30 21:44:30,102.39,0.2526,0.7329,17.48,174.5,0.152,NORMAL,23,False,1
2026-07-30 21:44:30,102.43,0.2498,0.7324,17.28,174.59,0.152,NORMAL,23,False,1
2026-07-30 21:44:30,102.49,0.2604,0.7063,17.07,173.87,0.151,NORMAL,23,False,1
2026-07-30 21:44:30,102.56,0.2293,0.6927,17.04,173.34,0.151,NORMAL,23,False,1
2026-07-30 21:44:30,102.58,0.2343,0.6736,17.04,174.88,0.151,NORMAL,23,False,1
2026-07-30 21:44:30,102.63,0.229,0.6648,17.04,174.36,0.151,NORMAL,23,False,1
2026-07-30 21:44:30,102.71,0.2289,0.5843,17.04,175.57,0.051,NORMAL,23,False,1
2026-07-30 21:44:30,102.74,0.2208,0.5643,17.0,176.14,0.051,NORMAL,23,False,1
2026-07-30 21:44:30,102.82,0.261,0.5425,17.04,175.3,0.051,NORMAL,23,False,1
2026-07-30 21:44:30,102.86,0.2781,0.4876,17.0,173.99,0.051,NORMAL,23,False,1
2026-07-30 21:44:30,102.89,0.2713,0.4794,16.97,175.78,0.051,NORMAL,23,False,1
2026-07-30 21:44:30,103.0,0.0435,0.3474,17.21,174.9,0.078,NORMAL,23,False,1
2026-07-30 21:44:30,103.06,0.0337,0.2699,17.41,175.96,0.106,NORMAL,23,False,1
2026-07-30 21:44:30,103.1,0.0318,0.2745,17.58,174.6,0.133,NORMAL,23,False,1
2026-07-30 21:44:30,103.21,0.0441,0.3131,17.81,172.93,0.16,NORMAL,23,False,1
2026-07-30 21:44:30,103.25,0.0728,0.3057,18.02,172.87,0.187,NORMAL,23,False,1
2026-07-30 21:44:31,103.36,0.0669,0.5491,18.18,170.68,0.215,NORMAL,23,False,1
2026-07-30 21:44:31,103.46,0.0816,0.6701,18.38,172.34,0.342,MILD FATIGUE,23,False,1
2026-07-30 21:44:31,103.55,0.0769,0.5983,18.62,174.72,0.269,NORMAL,23,False,1
2026-07-30 21:44:31,103.59,0.0654,0.5793,18.83,174.37,0.296,NORMAL,23,False,1
2026-07-30 21:44:31,103.7,0.0457,0.5247,19.07,177.73,0.324,MILD FATIGUE,23,False,1
2026-07-30 21:44:31,103.76,0.0469,0.5197,19.23,179.24,0.351,MILD FATIGUE,23,False,1
2026-07-30 21:44:31,103.79,0.0441,0.5018,19.43,179.22,0.378,MILD FATIGUE,23,False,1
2026-07-30 21:44:31,103.86,0.0542,0.3781,19.64,176.47,0.406,MILD FATIGUE,23,False,1
2026-07-30 21:44:31,103.95,0.0976,0.2538,19.84,177.9,0.433,MILD FATIGUE,23,False,1
2026-07-30 21:44:31,103.98,0.1235,0.2429,20.04,177.66,0.46,MILD FATIGUE,23,False,1
2026-07-30 21:44:31,104.14,0.1376,0.2012,20.33,178.7,0.461,MILD FATIGUE,23,False,1
2026-07-30 21:44:31,104.18,0.1186,0.2348,20.53,-178.55,0.472,MILD FATIGUE,23,False,1
2026-07-30 21:44:31,104.22,0.1664,0.2223,20.69,-177.49,0.482,MILD FATIGUE,23,False,1
2026-07-30 21:44:31,104.28,0.2285,0.0932,20.69,-175.94,0.092,NORMAL,24,False,1
2026-07-30 21:44:32,104.35,0.3104,0.009,20.69,-178.05,0.102,NORMAL,24,False,1
2026-07-30 21:44:32,104.39,0.2997,0.0324,20.65,-177.48,0.112,NORMAL,24,False,1
2026-07-30 21:44:32,104.45,0.2942,0.0029,20.65,-176.31,0.122,NORMAL,24,False,1
2026-07-30 21:44:32,104.54,0.2216,0.0036,20.69,-177.66,0.132,NORMAL,24,False,1
2026-07-30 21:44:32,104.57,0.2228,0.002,20.69,-176.16,0.142,NORMAL,24,False,1
2026-07-30 21:44:32,104.63,0.2224,0.0028,20.69,-176.78,0.152,NORMAL,24,False,1
2026-07-30 21:44:32,104.7,0.2033,0.0053,20.69,-178.1,0.162,NORMAL,24,False,1
2026-07-30 21:44:32,104.73,0.2113,0.0046,20.65,-177.6,0.172,NORMAL,24,False,1
2026-07-30 21:44:32,104.8,0.1896,0.0061,20.89,179.0,0.089,NORMAL,24,False,1
2026-07-30 21:44:32,104.84,0.1106,0.0092,21.05,174.75,0.116,NORMAL,24,False,1
2026-07-30 21:44:32,104.88,0.1052,0.0068,21.21,178.98,0.144,NORMAL,24,False,1
2026-07-30 21:44:32,104.94,0.105,0.0057,21.41,178.09,0.171,NORMAL,24,False,1
2026-07-30 21:44:32,104.98,0.0352,0.0066,21.66,176.78,0.198,NORMAL,24,False,1
2026-07-30 21:44:32,105.01,0.0379,0.0051,21.82,179.51,0.225,NORMAL,24,False,1
2026-07-30 21:44:32,105.07,0.0425,0.0042,22.02,178.54,0.253,NORMAL,24,False,1
2026-07-30 21:44:32,105.13,0.0386,0.0059,22.27,-179.54,0.29,NORMAL,24,False,1
2026-07-30 21:44:32,105.21,0.0418,0.0056,22.47,-177.57,0.327,MILD FATIGUE,24,False,1
2026-07-30 21:44:32,105.31,0.0569,0.0036,22.72,-172.0,0.365,MILD FATIGUE,24,False,1
2026-07-30 21:44:33,105.36,0.058,0.0021,22.87,-171.1,0.402,MILD FATIGUE,24,False,1
2026-07-30 21:44:33,105.4,0.0554,0.0026,23.08,-170.52,0.439,MILD FATIGUE,24,False,1
2026-07-30 21:44:33,105.48,0.0608,0.0044,23.28,-169.99,0.477,MILD FATIGUE,24,False,1
2026-07-30 21:44:33,105.54,0.0588,0.0464,23.48,-170.75,0.514,DROWSY,24,False,1
2026-07-30 21:44:33,105.58,0.0609,0.0407,23.64,-170.06,0.551,DROWSY,24,False,1
2026-07-30 21:44:33,105.68,0.0609,0.0044,23.94,-171.75,0.562,DROWSY,24,False,1
2026-07-30 21:44:33,105.74,0.1354,0.0053,24.09,-174.33,0.572,DROWSY,24,False,1
2026-07-30 21:44:33,105.78,0.1519,0.0057,24.24,-172.92,0.583,DROWSY,24,False,1
2026-07-30 21:44:33,105.91,0.2701,0.0065,24.24,-176.78,0.193,NORMAL,25,False,1
2026-07-30 21:44:33,105.95,0.2995,0.0025,24.19,-177.79,0.203,NORMAL,25,False,1
2026-07-30 21:44:33,106.0,0.3095,0.003,23.99,-176.7,0.212,NORMAL,25,False,1
2026-07-30 21:44:33,106.08,0.3276,0.0056,23.79,-177.85,0.221,NORMAL,25,False,1
2026-07-30 21:44:33,106.12,0.3259,0.0048,23.59,179.87,0.071,NORMAL,25,False,1
2026-07-30 21:44:33,106.16,0.3087,0.0033,23.54,177.7,0.071,NORMAL,25,False,1
2026-07-30 21:44:33,106.26,0.2988,0.002,23.34,177.42,0.07,NORMAL,25,False,1
2026-07-30 21:44:33,106.34,0.2927,0.0036,23.14,171.74,0.069,NORMAL,25,False,1
2026-07-30 21:44:34,106.38,0.3035,0.0049,22.94,173.82,0.069,NORMAL,25,False,1
2026-07-30 21:44:34,106.49,0.2857,0.0047,22.58,170.34,0.068,NORMAL,25,False,1
2026-07-30 21:44:34,106.6,0.2796,0.0049,22.58,168.27,0.068,NORMAL,25,False,1
2026-07-30 21:44:34,106.65,0.2755,0.0026,22.58,167.02,0.068,NORMAL,25,False,1
2026-07-30 21:44:34,106.76,0.269,0.0023,22.22,167.44,0.067,NORMAL,25,False,1
2026-07-30 21:44:34,106.81,0.2758,0.0079,22.18,167.47,0.067,NORMAL,25,False,1
2026-07-30 21:44:34,106.86,0.2774,0.003,21.98,166.62,0.066,NORMAL,25,False,1
2026-07-30 21:44:34,106.98,0.2633,0.0013,21.77,167.69,0.065,NORMAL,25,False,1
2026-07-30 21:44:34,107.03,0.2671,0.0026,21.73,167.76,0.065,NORMAL,25,False,1
2026-07-30 21:44:34,107.07,0.2627,0.0025,21.37,167.67,0.064,NORMAL,25,False,1
2026-07-30 21:44:34,107.16,0.2712,0.0038,21.17,168.85,0.064,NORMAL,25,False,1
2026-07-30 21:44:34,107.19,0.2584,0.0069,20.97,167.62,0.063,NORMAL,25,False,1
2026-07-30 21:44:34,107.29,0.2609,0.0035,20.61,167.85,0.062,NORMAL,25,False,1
2026-07-30 21:44:35,107.38,0.2594,0.0024,20.4,168.36,0.061,NORMAL,25,False,1
2026-07-30 21:44:35,107.41,0.2516,0.003,20.2,168.36,0.061,NORMAL,25,False,1
2026-07-30 21:44:35,107.46,0.2334,0.0049,20.0,167.6,0.06,NORMAL,25,False,1
2026-07-30 21:44:35,107.52,0.2562,0.0021,19.96,167.95,0.06,NORMAL,25,False,1
2026-07-30 21:44:35,107.55,0.2572,0.002,19.76,168.44,0.059,NORMAL,25,False,1
2026-07-30 21:44:35,107.58,0.2571,0.0019,19.72,168.46,0.059,NORMAL,25,False,1
2026-07-30 21:44:35,107.65,0.2352,0.003,19.52,167.51,0.059,NORMAL,25,False,1
2026-07-30 21:44:35,107.67,0.2339,0.0029,19.32,168.02,0.058,NORMAL,25,False,1
2026-07-30 21:44:35,107.71,0.2332,0.0029,19.28,168.03,0.058,NORMAL,25,False,1
2026-07-30 21:44:35,107.83,0.2472,0.0015,18.75,169.66,0.056,NORMAL,25,False,1
2026-07-30 21:44:35,107.87,0.2384,0.0018,18.71,169.55,0.056,NORMAL,25,False,1
2026-07-30 21:44:35,107.92,0.2348,0.0015,18.51,169.24,0.056,NORMAL,25,False,1
2026-07-30 21:44:35,107.99,0.2532,0.0048,18.15,168.52,0.054,NORMAL,25,False,1
2026-07-30 21:44:35,108.04,0.247,0.0032,18.11,170.22,0.054,NORMAL,25,False,1
2026-07-30 21:44:35,108.07,0.2476,0.0059,18.07,170.89,0.054,NORMAL,25,False,1
2026-07-30 21:44:35,108.13,0.228,0.0031,18.11,170.76,0.054,NORMAL,25,False,1
2026-07-30 21:44:35,108.18,0.2275,0.002,18.07,171.25,0.054,NORMAL,25,False,1
2026-07-30 21:44:35,108.22,0.2249,0.0034,18.07,171.55,0.054,NORMAL,25,False,1
2026-07-30 21:44:36,108.32,0.2206,0.0026,18.07,172.96,0.054,NORMAL,25,False,1
2026-07-30 21:44:36,108.4,0.224,0.0017,18.11,173.78,0.054,NORMAL,25,False,1
2026-07-30 21:44:36,108.45,0.23,0.0039,18.07,173.01,0.054,NORMAL,25,False,1
2026-07-30 21:44:36,108.53,0.2158,0.0077,18.11,174.37,0.054,NORMAL,25,False,1
2026-07-30 21:44:36,108.57,0.2186,0.0046,18.11,175.1,0.054,NORMAL,25,False,1
2026-07-30 21:44:36,108.6,0.2201,0.0051,18.07,175.21,0.054,NORMAL,25,False,1
2026-07-30 21:44:36,108.66,0.214,0.0036,18.07,173.85,0.054,NORMAL,25,False,1
2026-07-30 21:44:36,108.69,0.214,0.0033,18.07,174.93,0.054,NORMAL,25,False,1
2026-07-30 21:44:36,108.72,0.205,0.0053,18.07,175.27,0.054,NORMAL,25,False,1
2026-07-30 21:44:36,108.81,0.209,0.0072,18.04,176.25,0.054,NORMAL,25,False,1
2026-07-30 21:44:36,108.85,0.2182,0.0046,18.04,175.84,0.054,NORMAL,25,False,1
2026-07-30 21:44:36,108.95,0.2048,0.0077,18.07,177.68,0.054,NORMAL,25,False,1
2026-07-30 21:44:36,109.03,0.2051,0.0037,18.07,178.91,0.054,NORMAL,25,False,1
2026-07-30 21:44:36,109.07,0.2088,0.0033,18.07,177.91,0.054,NORMAL,25,False,1
2026-07-30 21:44:36,109.1,0.2083,0.0045,18.07,178.17,0.054,NORMAL,25,False,1
2026-07-30 21:44:36,109.16,0.1545,0.0033,18.24,178.51,0.081,NORMAL,25,False,1
2026-07-30 21:44:36,109.21,0.1594,0.0053,18.44,179.62,0.109,NORMAL,25,False,1
2026-07-30 21:44:36,109.24,0.1339,0.0062,18.64,179.54,0.136,NORMAL,25,False,1
2026-07-30 21:44:36,109.31,0.1955,0.0029,18.64,-178.88,0.066,NORMAL,26,False,1
2026-07-30 21:44:37,109.35,0.1972,0.0022,18.6,-178.38,0.076,NORMAL,26,False,1
2026-07-30 21:44:37,109.4,0.2002,0.0024,18.6,-178.7,0.086,NORMAL,26,False,1
2026-07-30 21:44:37,109.53,0.2144,0.0038,18.6,-178.44,0.096,NORMAL,26,False,1
2026-07-30 21:44:37,109.57,0.2177,0.0043,18.6,-177.72,0.106,NORMAL,26,False,1
2026-07-30 21:44:37,109.62,0.1875,0.0045,18.76,-176.34,0.143,NORMAL,26,False,1
2026-07-30 21:44:37,109.71,0.1096,0.0037,19.0,-176.99,0.18,NORMAL,26,False,1
2026-07-30 21:44:37,109.74,0.1084,0.0038,19.2,-176.32,0.218,NORMAL,26,False,1
2026-07-30 21:44:37,109.77,0.1083,0.0039,19.36,-176.56,0.255,NORMAL,26,False,1
2026-07-30 21:44:37,109.83,0.0755,0.0055,19.52,-176.61,0.292,NORMAL,26,False,1
2026-07-30 21:44:37,109.87,0.0729,0.0058,19.72,-175.94,0.329,MILD FATIGUE,26,False,1
2026-07-30 21:44:37,109.9,0.0743,0.0057,19.92,-175.96,0.366,MILD FATIGUE,26,False,1
2026-07-30 21:44:37,109.96,0.0932,0.0077,20.12,-176.55,0.404,MILD FATIGUE,26,False,1
2026-07-30 21:44:37,110.07,0.154,0.0081,20.36,-176.29,0.441,MILD FATIGUE,26,False,1
2026-07-30 21:44:37,110.1,0.1669,0.0079,20.56,-175.92,0.478,MILD FATIGUE,26,False,1
2026-07-30 21:44:37,110.19,0.1861,0.0054,20.8,-176.15,0.516,DROWSY,26,False,1
2026-07-30 21:44:37,110.23,0.1901,0.0045,21.0,-176.32,0.553,DROWSY,26,False,1
2026-07-30 21:44:37,110.26,0.1884,0.0047,21.16,-176.42,0.59,DROWSY,26,False,1
2026-07-30 21:44:37,110.33,0.2026,0.008,21.2,-178.31,0.254,NORMAL,27,False,1
2026-07-30 21:44:38,110.36,0.1994,0.0077,21.2,-178.01,0.264,NORMAL,27,False,1
2026-07-30 21:44:38,110.39,0.2012,0.008,21.16,-178.35,0.263,NORMAL,27,False,1
2026-07-30 21:44:38,110.45,0.1889,0.0077,21.4,-176.69,0.291,NORMAL,27,False,1
2026-07-30 21:44:38,110.48,0.1849,0.0077,21.56,-177.46,0.318,MILD FATIGUE,27,False,1
2026-07-30 21:44:38,110.57,0.1548,0.0071,21.76,-176.83,0.345,MILD FATIGUE,27,False,1
2026-07-30 21:44:38,110.65,0.1139,0.0029,22.0,-177.64,0.373,MILD FATIGUE,27,False,1
2026-07-30 21:44:38,110.7,0.1064,0.0043,22.2,-176.63,0.4,MILD FATIGUE,27,False,1
2026-07-30 21:44:38,110.74,0.1039,0.0041,22.36,-176.88,0.427,MILD FATIGUE,27,False,1
2026-07-30 21:44:38,110.82,0.0984,0.0077,22.6,-176.49,0.454,MILD FATIGUE,27,False,1
2026-07-30 21:44:38,110.87,0.0965,0.0069,22.8,-176.19,0.482,MILD FATIGUE,27,False,1
2026-07-30 21:44:38,110.91,0.1027,0.0092,22.95,-175.84,0.509,DROWSY,27,False,1
2026-07-30 21:44:38,111.0,0.1307,0.0068,23.2,-176.55,0.536,DROWSY,27,False,1
2026-07-30 21:44:38,111.03,0.1339,0.0071,23.4,-176.39,0.564,DROWSY,27,False,1
2026-07-30 21:44:38,111.07,0.1358,0.007,23.55,-176.26,0.591,DROWSY,27,False,1
2026-07-30 21:44:38,111.21,0.141,0.007,23.85,-177.43,0.618,DROWSY,27,False,1
2026-07-30 21:44:38,111.25,0.1286,0.0063,24.0,-177.18,0.645,DROWSY,27,False,1
2026-07-30 21:44:38,111.3,0.1153,0.0064,24.2,-176.59,0.673,DROWSY,27,False,1
2026-07-30 21:44:39,111.38,0.1209,0.0065,24.4,-176.88,0.673,DROWSY,27,False,1
2026-07-30 21:44:39,111.41,0.155,0.0059,24.6,-177.62,0.674,DROWSY,27,False,1
2026-07-30 21:44:39,111.44,0.1514,0.006,24.75,-177.13,0.674,DROWSY,27,False,1
2026-07-30 21:44:39,111.51,0.129,0.007,25.0,-176.52,0.675,DROWSY,27,False,1
2026-07-30 21:44:39,111.55,0.1297,0.0081,25.2,-176.61,0.676,DROWSY,27,False,1
2026-07-30 21:44:39,111.59,0.1312,0.0079,25.35,-176.55,0.676,DROWSY,27,False,1
2026-07-30 21:44:39,111.76,0.128,0.0146,25.65,-176.34,0.677,DROWSY,27,False,1
2026-07-30 21:44:39,111.83,0.0699,0.0218,25.85,-175.41,0.678,DROWSY,27,False,1
2026-07-30 21:44:39,111.9,0.0926,0.0364,26.05,-175.96,0.678,DROWSY,27,False,1
2026-07-30 21:44:39,111.98,0.0964,0.0472,26.25,-174.99,0.679,DROWSY,27,False,1
2026-07-30 21:44:39,112.02,0.1354,0.0042,26.45,-177.08,0.679,DROWSY,27,False,1
2026-07-30 21:44:39,112.09,0.1799,0.0046,26.65,-176.1,0.68,DROWSY,27,False,1
2026-07-30 21:44:39,112.2,0.1469,0.005,26.85,-176.45,0.681,DROWSY,27,False,1
2026-07-30 21:44:39,112.25,0.1507,0.0049,27.05,-176.59,0.681,DROWSY,27,False,1
2026-07-30 21:44:39,112.29,0.1439,0.0063,27.25,-175.89,0.682,DROWSY,27,False,1
2026-07-30 21:44:40,112.39,0.1338,0.0064,27.45,-175.94,0.682,DROWSY,27,False,1
2026-07-30 21:44:40,112.45,0.1211,0.0073,27.6,-176.66,0.683,DROWSY,27,False,1
2026-07-30 21:44:40,112.54,0.0902,0.0057,27.91,-177.33,0.684,DROWSY,27,False,1
2026-07-30 21:44:40,112.63,0.0633,0.0061,28.11,-176.52,0.684,DROWSY,27,False,1
2026-07-30 21:44:40,112.68,0.0641,0.0054,28.31,-176.11,0.685,DROWSY,27,False,1
2026-07-30 21:44:40,112.73,0.0516,0.0054,28.51,-176.28,0.686,DROWSY,27,False,1
2026-07-30 21:44:40,112.85,0.0497,0.0071,28.83,-175.74,0.686,DROWSY,27,False,1
2026-07-30 21:44:40,112.9,0.0489,0.0069,29.03,-175.71,0.687,DROWSY,27,False,1
2026-07-30 21:44:40,112.95,0.0504,0.0049,29.23,-176.05,0.688,DROWSY,27,False,1
2026-07-30 21:44:40,113.06,0.0499,0.0163,29.44,-175.08,0.688,DROWSY,27,False,1
2026-07-30 21:44:40,113.09,0.0598,0.0061,29.64,-170.51,0.689,DROWSY,27,False,1
2026-07-30 21:44:40,113.19,0.073,0.0454,29.9,-165.56,0.69,DROWSY,27,False,1
2026-07-30 21:44:41,113.35,0.153,0.0739,30.22,-163.5,0.691,DROWSY,27,False,1
2026-07-30 21:44:41,113.39,0.2225,0.0911,30.16,-158.61,0.29,NORMAL,28,False,1
2026-07-30 21:44:41,113.48,0.1762,0.0528,30.02,-141.66,0.317,MILD FATIGUE,28,False,1
2026-07-30 21:44:41,113.56,0.1725,0.0121,30.16,-144.83,0.344,MILD FATIGUE,28,False,1
2026-07-30 21:44:41,113.6,0.1637,0.0058,30.36,-131.95,0.371,MILD FATIGUE,28,False,1
2026-07-30 21:44:41,113.68,0.1868,0.003,30.57,-130.38,0.398,MILD FATIGUE,28,False,1
2026-07-30 21:44:41,113.75,0.1891,0.0079,30.77,-130.07,0.426,MILD FATIGUE,28,False,1
2026-07-30 21:44:41,113.79,0.1921,0.0088,30.71,-130.99,0.292,NORMAL,29,False,1
2026-07-30 21:44:41,113.83,0.2376,0.0133,30.71,-134.51,0.292,NORMAL,29,False,1
2026-07-30 21:44:41,113.91,0,0,0,0,0,NORMAL,29,False,1
2026-07-30 21:44:41,113.98,0,0,0,0,0,NORMAL,29,False,1
2026-07-30 21:44:41,114.08,0,0,0,0,0,NORMAL,29,False,1
2026-07-30 21:44:41,114.12,0,0,0,0,0,NORMAL,29,False,1
2026-07-30 21:44:41,114.16,0,0,0,0,0,NORMAL,29,False,1
2026-07-30 21:44:42,114.38,0,0,0,0,0,NORMAL,29,False,1
2026-07-30 21:44:42,114.42,0,0,0,0,0,NORMAL,29,False,1
2026-07-30 21:44:42,114.46,0,0,0,0,0,NORMAL,29,False,1
2026-07-30 21:44:42,114.51,0,0,0,0,0,NORMAL,29,False,1
2026-07-30 21:44:42,114.54,0,0,0,0,0,NORMAL,29,False,1
2026-07-30 21:44:42,114.59,0,0,0,0,0,NORMAL,29,False,1
2026-07-30 21:44:42,114.68,0,0,0,0,0,NORMAL,29,False,1
2026-07-30 21:44:42,114.73,0,0,0,0,0,NORMAL,29,False,1
2026-07-30 21:44:42,114.78,0,0,0,0,0,NORMAL,29,False,1
2026-07-30 21:44:42,114.83,0,0,0,0,0,NORMAL,29,False,1
2026-07-30 21:44:42,114.87,0,0,0,0,0,NORMAL,29,False,1
2026-07-30 21:44:42,114.92,0,0,0,0,0,NORMAL,29,False,1
2026-07-30 21:44:42,114.98,0,0,0,0,0,NORMAL,29,False,1
2026-07-30 21:44:42,115.02,0,0,0,0,0,NORMAL,29,False,1
2026-07-30 21:44:42,115.07,0,0,0,0,0,NORMAL,29,False,1
2026-07-30 21:44:42,115.11,0,0,0,0,0,NORMAL,29,False,1
2026-07-30 21:44:42,115.2,0,0,0,0,0,NORMAL,29,False,1
2026-07-30 21:44:42,115.25,0,0,0,0,0,NORMAL,29,False,1
2026-07-30 21:44:42,115.29,0,0,0,0,0,NORMAL,29,False,1
2026-07-30 21:44:42,115.34,0,0,0,0,0,NORMAL,29,False,1
2026-07-30 21:44:43,115.39,0,0,0,0,0,NORMAL,29,False,1
2026-07-30 21:44:43,115.48,0.2267,0.0278,32.06,-139.96,0.296,NORMAL,29,False,1
2026-07-30 21:44:43,115.59,0.1918,0.0367,32.13,-144.85,0.323,MILD FATIGUE,29,False,1
2026-07-30 21:44:43,115.83,0.2139,0.0153,32.12,-162.85,0.296,NORMAL,29,False,1
2026-07-30 21:44:43,115.87,0.2155,0.007,32.12,-167.93,0.296,NORMAL,29,False,1
2026-07-30 21:44:43,115.95,0.228,0.0179,32.12,-160.74,0.296,NORMAL,29,False,1
2026-07-30 21:44:43,116.04,0.2277,0.0054,32.19,-162.98,0.297,NORMAL,29,False,1
2026-07-30 21:44:43,116.13,0.1447,0.1101,32.4,-167.64,0.324,MILD FATIGUE,29,False,1
2026-07-30 21:44:43,116.22,0.2614,0.0527,32.47,-165.06,0.297,NORMAL,29,False,1
2026-07-30 21:44:44,116.43,0.152,0.008,32.9,-149.34,0.325,MILD FATIGUE,29,False,1
2026-07-30 21:44:44,116.46,0.1244,0.0038,33.12,-150.9,0.353,MILD FATIGUE,29,False,1
2026-07-30 21:44:44,116.56,0.1211,0.0043,33.48,-150.7,0.38,MILD FATIGUE,29,False,1
2026-07-30 21:44:44,116.6,0.1252,0.0528,33.62,-150.99,0.408,MILD FATIGUE,29,False,1
2026-07-30 21:44:44,116.67,0.0999,0.0171,33.91,-153.12,0.435,MILD FATIGUE,29,False,1
2026-07-30 21:44:44,116.72,0.102,0.0143,34.13,-154.36,0.462,MILD FATIGUE,29,False,1
2026-07-30 21:44:44,116.76,0.1027,0.013,34.35,-153.72,0.49,MILD FATIGUE,29,False,1
2026-07-30 21:44:44,116.85,0.1052,0.0058,34.64,-157.65,0.517,DROWSY,29,False,1
2026-07-30 21:44:44,116.98,0.0911,0.0447,35.01,-157.66,0.545,DROWSY,29,False,1
2026-07-30 21:44:44,117.13,0.0941,0.0044,35.23,-158.82,0.572,DROWSY,29,False,1
2026-07-30 21:44:44,117.16,0.0876,0.0149,35.45,-158.43,0.6,DROWSY,29,False,1
2026-07-30 21:44:44,117.23,0.0949,0.0063,35.67,-160.93,0.627,DROWSY,29,False,1
2026-07-30 21:44:44,117.27,0.0848,0.0028,35.81,-160.5,0.654,DROWSY,29,False,1
2026-07-30 21:44:44,117.3,0.0945,0.0071,36.03,-160.9,0.681,DROWSY,29,False,1
2026-07-30 21:44:45,117.4,0.0936,0.0232,36.32,-159.36,0.709,DROWSY,29,False,1
2026-07-30 21:44:45,117.45,0.0946,0.0048,36.46,-160.48,0.709,DROWSY,29,False,1
2026-07-30 21:44:45,117.49,0.0923,0.0042,36.68,-160.39,0.71,DROWSY,29,False,1
2026-07-30 21:44:45,117.63,0.0872,0.0199,36.98,-160.28,0.711,DROWSY,29,False,1
2026-07-30 21:44:45,117.68,0.1021,0.0058,37.12,-160.55,0.711,DROWSY,29,False,1
2026-07-30 21:44:45,117.72,0.1067,0.0089,37.34,-160.02,0.712,DROWSY,29,False,1
2026-07-30 21:44:45,117.79,0.081,0.0422,37.55,-158.87,0.713,DROWSY,29,False,1
2026-07-30 21:44:45,117.85,0.0815,0.0026,37.69,-160.98,0.713,DROWSY,29,False,1
2026-07-30 21:44:45,117.9,0.0833,0.0321,37.83,-160.88,0.713,DROWSY,29,False,1
2026-07-30 21:44:45,117.97,0.0899,0.0065,38.13,-162.28,0.714,DROWSY,29,False,1
2026-07-30 21:44:45,118.06,0.0912,0.0033,38.34,-161.52,0.715,DROWSY,29,False,1
2026-07-30 21:44:45,118.1,0.0914,0.0035,38.48,-160.99,0.715,DROWSY,29,False,1
2026-07-30 21:44:45,118.19,0.0935,0.0034,38.78,-161.05,0.716,DROWSY,29,False,1
2026-07-30 21:44:45,118.29,0.103,0.0026,39.0,-161.67,0.717,DROWSY,29,False,1
2026-07-30 21:44:45,118.33,0.0991,0.0012,39.22,-162.54,0.718,DROWSY,29,False,1
2026-07-30 21:44:46,118.43,0.1626,0.0109,39.52,-163.65,0.719,DROWSY,29,False,1
2026-07-30 21:44:46,118.47,0.1731,0.001,39.74,-165.67,0.719,DROWSY,29,False,1
2026-07-30 21:44:46,118.51,0.1746,0.0025,39.87,-164.88,0.72,DROWSY,29,False,1
2026-07-30 21:44:46,118.58,0.1697,0.0011,40.09,-164.17,0.72,DROWSY,29,False,1
2026-07-30 21:44:46,118.65,0.189,0.004,40.31,-163.97,0.721,DROWSY,29,False,1
2026-07-30 21:44:46,118.69,0.1998,0.004,40.31,-164.04,0.321,MILD FATIGUE,30,False,1
2026-07-30 21:44:46,118.76,0.1841,0.0016,40.52,-164.99,0.348,MILD FATIGUE,30,False,1
2026-07-30 21:44:46,118.85,0.2021,0.0025,40.61,-164.76,0.322,MILD FATIGUE,30,False,1
2026-07-30 21:44:46,118.94,0.2116,0.0028,40.7,-164.45,0.322,MILD FATIGUE,30,False,1
2026-07-30 21:44:46,119.03,0.2101,0.0016,40.7,-164.63,0.322,MILD FATIGUE,30,False,1
2026-07-30 21:44:46,119.07,0.2056,0.0035,40.7,-164.11,0.322,MILD FATIGUE,30,False,1
2026-07-30 21:44:46,119.1,0.2013,0.0046,40.61,-163.81,0.322,MILD FATIGUE,30,False,1
2026-07-30 21:44:46,119.17,0.1478,0.0022,40.83,-163.96,0.349,MILD FATIGUE,30,False,1
2026-07-30 21:44:46,119.24,0.0802,0.0035,41.05,-163.87,0.376,MILD FATIGUE,30,False,1
2026-07-30 21:44:46,119.28,0.0815,0.0214,41.27,-164.3,0.404,MILD FATIGUE,30,False,1
2026-07-30 21:44:47,119.35,0.1966,0.0109,41.36,-160.87,0.324,MILD FATIGUE,31,False,1
2026-07-30 21:44:47,119.45,0.3259,0.0153,41.45,-167.02,0.324,MILD FATIGUE,31,False,1
2026-07-30 21:44:47,119.49,0.3316,0.017,41.45,-168.29,0.324,MILD FATIGUE,31,False,1
2026-07-30 21:44:47,119.59,0.3284,0.0075,41.54,-171.02,0.325,MILD FATIGUE,31,False,1
2026-07-30 21:44:47,119.64,0.3117,0.0034,41.45,-173.85,0.324,MILD FATIGUE,31,False,1
2026-07-30 21:44:47,119.68,0.326,0.0041,41.36,-174.43,0.324,MILD FATIGUE,31,False,1
2026-07-30 21:44:47,119.75,0.2976,0.004,41.45,-174.66,0.324,MILD FATIGUE,31,False,1
2026-07-30 21:44:47,119.83,0.2814,0.0063,41.45,-177.69,0.324,MILD FATIGUE,31,False,1
2026-07-30 21:44:47,119.86,0.2841,0.005,41.45,-179.93,0.324,MILD FATIGUE,31,False,1
2026-07-30 21:44:47,119.92,0.287,0.0053,41.36,179.92,0.124,NORMAL,31,False,1
2026-07-30 21:44:47,119.95,0.2947,0.0045,41.36,179.55,0.124,NORMAL,31,False,1
2026-07-30 21:44:47,119.98,0.3052,0.0049,41.36,179.0,0.124,NORMAL,31,False,1
2026-07-30 21:44:47,120.04,0.3027,0.0049,41.36,178.83,0.124,NORMAL,31,False,1
2026-07-30 21:44:47,120.11,0.2822,0.0039,41.45,178.01,0.124,NORMAL,31,False,1
2026-07-30 21:44:47,120.14,0.2936,0.0038,41.36,-179.89,0.134,NORMAL,31,False,1
2026-07-30 21:44:47,120.22,0.2903,0.0042,41.36,178.66,0.124,NORMAL,31,False,1
2026-07-30 21:44:47,120.25,0.2778,0.0037,41.36,177.93,0.124,NORMAL,31,False,1
2026-07-30 21:44:47,120.28,0.2763,0.0031,41.36,177.41,0.124,NORMAL,31,False,1
2026-07-30 21:44:47,120.34,0.2754,0.0043,41.27,177.14,0.124,NORMAL,31,False,1
2026-07-30 21:44:48,120.38,0.2861,0.0023,41.05,178.15,0.123,NORMAL,31,False,1
2026-07-30 21:44:48,120.41,0.2732,0.0025,40.96,177.74,0.123,NORMAL,31,False,1
2026-07-30 21:44:48,120.47,0.2851,0.002,40.96,177.1,0.123,NORMAL,31,False,1
2026-07-30 21:44:48,120.54,0.2756,0.0044,41.05,176.85,0.123,NORMAL,31,False,1
2026-07-30 21:44:48,120.63,0.2794,0.0039,41.14,177.56,0.123,NORMAL,31,False,1
2026-07-30 21:44:48,120.72,0.2662,0.1692,41.14,177.21,0.123,NORMAL,31,False,1
2026-07-30 21:44:48,120.77,0.2728,0.2676,41.14,176.99,0.123,NORMAL,31,False,1
2026-07-30 21:44:48,120.82,0.2791,0.2772,41.05,178.56,0.123,NORMAL,31,False,1
2026-07-30 21:44:48,120.92,0.2871,0.2004,41.05,179.41,0.123,NORMAL,31,False,1
2026-07-30 21:44:48,120.96,0.2706,0.1855,41.05,178.62,0.123,NORMAL,31,False,1
2026-07-30 21:44:48,120.99,0.2726,0.1833,40.96,178.77,0.123,NORMAL,31,False,1
2026-07-30 21:44:48,121.1,0.2759,0.2442,41.05,177.1,0.123,NORMAL,31,False,1
2026-07-30 21:44:48,121.14,0.2797,0.1998,40.96,178.5,0.123,NORMAL,31,False,1
2026-07-30 21:44:48,121.18,0.2824,0.1984,40.87,178.39,0.123,NORMAL,31,False,1
2026-07-30 21:44:49,121.39,0.2542,0.1136,41.05,176.23,0.123,NORMAL,31,False,1
2026-07-30 21:44:49,121.44,0.2731,0.0257,41.14,176.68,0.123,NORMAL,31,False,1
2026-07-30 21:44:49,121.49,0.2702,0.0155,41.14,176.46,0.123,NORMAL,31,False,1
2026-07-30 21:44:49,121.61,0.2704,0.0181,41.05,175.96,0.123,NORMAL,31,False,1
2026-07-30 21:44:49,121.65,0.2728,0.0044,41.14,175.91,0.123,NORMAL,31,False,1
2026-07-30 21:44:49,121.69,0.2699,0.005,41.05,175.09,0.123,NORMAL,31,False,1
2026-07-30 21:44:49,121.78,0.2786,0.0014,41.14,175.56,0.123,NORMAL,31,False,1
2026-07-30 21:44:49,121.82,0.2841,0.0012,41.14,176.26,0.123,NORMAL,31,False,1
2026-07-30 21:44:49,121.86,0.2784,0.0028,41.14,176.19,0.123,NORMAL,31,False,1
2026-07-30 21:44:49,121.91,0.2712,0.0025,41.14,175.94,0.123,NORMAL,31,False,1
2026-07-30 21:44:49,122.0,0.2658,0.0008,41.23,175.74,0.124,NORMAL,31,False,1
2026-07-30 21:44:49,122.05,0.2718,0.003,41.23,177.3,0.124,NORMAL,31,False,1
2026-07-30 21:44:49,122.13,0.2741,0.0018,41.23,175.53,0.124,NORMAL,31,False,1
2026-07-30 21:44:49,122.17,0.2794,0.0023,41.23,175.99,0.124,NORMAL,31,False,1
2026-07-30 21:44:49,122.2,0.2783,0.0022,41.14,176.06,0.123,NORMAL,31,False,1
2026-07-30 21:44:49,122.26,0.2837,0.0026,41.23,175.77,0.124,NORMAL,31,False,1
2026-07-30 21:44:49,122.29,0.2725,0.0019,41.23,175.16,0.124,NORMAL,31,False,1
2026-07-30 21:44:49,122.33,0.2719,0.0018,41.14,175.51,0.123,NORMAL,31,False,1
2026-07-30 21:44:50,122.39,0.2885,0.0032,41.14,176.17,0.123,NORMAL,31,False,1
2026-07-30 21:44:50,122.42,0.2826,0.0028,41.05,175.89,0.123,NORMAL,31,False,1
2026-07-30 21:44:50,122.5,0.2768,0.0026,41.14,175.73,0.123,NORMAL,31,False,1
2026-07-30 21:44:50,122.58,0.2759,0.0049,41.23,176.12,0.124,NORMAL,31,False,1
2026-07-30 21:44:50,122.62,0.2785,0.0033,41.14,175.32,0.123,NORMAL,31,False,1
2026-07-30 21:44:50,122.66,0.2754,0.0039,41.05,175.08,0.123,NORMAL,31,False,1
2026-07-30 21:44:50,122.72,0.2659,0.0051,41.05,175.86,0.123,NORMAL,31,False,1
2026-07-30 21:44:50,122.75,0.2611,0.0038,41.05,174.86,0.123,NORMAL,31,False,1
2026-07-30 21:44:50,122.78,0.2592,0.004,41.05,174.94,0.123,NORMAL,31,False,1
2026-07-30 21:44:50,122.84,0.2524,0.0031,41.05,177.24,0.123,NORMAL,31,False,1
2026-07-30 21:44:50,122.87,0.2564,0.0034,40.96,178.47,0.123,NORMAL,31,False,1
2026-07-30 21:44:50,122.9,0.2586,0.0039,40.74,178.04,0.122,NORMAL,31,False,1
2026-07-30 21:44:50,123.04,0.2591,0.0014,40.7,-175.92,0.132,NORMAL,31,False,1
2026-07-30 21:44:50,123.08,0.2589,0.0021,40.7,-178.23,0.142,NORMAL,31,False,1
2026-07-30 21:44:50,123.11,0.2565,0.003,40.7,-178.24,0.152,NORMAL,31,False,1
2026-07-30 21:44:50,123.18,0.2683,0.0034,40.61,-174.52,0.162,NORMAL,31,False,1
2026-07-30 21:44:50,123.22,0.2567,0.006,40.52,-173.01,0.172,NORMAL,31,False,1
2026-07-30 21:44:50,123.25,0.2551,0.0055,40.52,-173.42,0.182,NORMAL,31,False,1
2026-07-30 21:44:51,123.38,0.2865,0.0057,40.61,-166.8,0.192,NORMAL,31,False,1
2026-07-30 21:44:51,123.42,0.299,0.0033,40.61,-167.5,0.202,NORMAL,31,False,1
2026-07-30 21:44:51,123.45,0.303,0.0036,40.61,-166.79,0.212,NORMAL,31,False,1
2026-07-30 21:44:51,123.5,0.2788,0.0032,40.61,-172.77,0.222,NORMAL,31,False,1
2026-07-30 21:44:51,123.59,0.2811,0.0059,40.79,-170.16,0.232,NORMAL,31,False,1
2026-07-30 21:44:51,123.63,0.3166,0.0108,40.7,-169.81,0.242,NORMAL,31,False,1
2026-07-30 21:44:51,123.71,0.3276,0.0066,40.7,-168.35,0.252,NORMAL,31,False,1
2026-07-30 21:44:51,123.75,0.3228,0.0075,40.7,-168.03,0.262,NORMAL,31,False,1
2026-07-30 21:44:51,123.78,0.3252,0.0069,40.7,-167.96,0.272,NORMAL,31,False,1
2026-07-30 21:44:51,123.84,0.3277,0.0034,40.7,-166.26,0.282,NORMAL,31,False,1
2026-07-30 21:44:51,123.87,0.3429,0.0019,40.61,-166.42,0.292,NORMAL,31,False,1
2026-07-30 21:44:51,123.9,0.3361,0.0027,40.61,-166.71,0.302,MILD FATIGUE,31,False,1
2026-07-30 21:44:51,123.96,0.3193,0.0078,40.61,-165.04,0.312,MILD FATIGUE,31,False,1
2026-07-30 21:44:51,123.99,0.3157,0.0059,40.52,-166.32,0.322,MILD FATIGUE,31,False,1
2026-07-30 21:44:51,124.08,0.3088,0.0093,40.61,-167.19,0.322,MILD FATIGUE,31,False,1
2026-07-30 21:44:51,124.17,0.3374,0.0098,40.61,-167.71,0.322,MILD FATIGUE,31,False,1
2026-07-30 21:44:51,124.22,0.3379,0.007,40.48,-166.16,0.321,MILD FATIGUE,31,False,1
2026-07-30 21:44:51,124.25,0.3565,0.0098,40.39,-167.5,0.321,MILD FATIGUE,31,False,1
2026-07-30 21:44:52,124.35,0.3317,0.0123,40.17,-165.71,0.321,MILD FATIGUE,31,False,1
2026-07-30 21:44:52,124.4,0.3308,0.0113,40.09,-165.63,0.32,MILD FATIGUE,31,False,1
2026-07-30 21:44:52,124.44,0.3455,0.0125,39.87,-165.19,0.32,MILD FATIGUE,31,False,1
2026-07-30 21:44:52,124.54,0.3608,0.0181,39.52,-163.59,0.319,MILD FATIGUE,31,False,1
2026-07-30 21:44:52,124.58,0.3466,0.0209,39.43,-164.36,0.318,MILD FATIGUE,31,False,1
2026-07-30 21:44:52,124.63,0.3609,0.0137,39.22,-167.99,0.318,MILD FATIGUE,31,False,1
2026-07-30 21:44:52,124.87,0.3532,0.0223,38.46,-170.79,0.315,MILD FATIGUE,31,False,1
2026-07-30 21:44:52,124.91,0.3476,0.0024,38.38,-171.91,0.315,MILD FATIGUE,31,False,1
2026-07-30 21:44:52,124.94,0.3393,0.0034,38.29,-172.7,0.315,MILD FATIGUE,31,False,1
2026-07-30 21:44:52,125.0,0.3407,0.0023,38.38,-171.68,0.315,MILD FATIGUE,31,False,1
2026-07-30 21:44:52,125.03,0.3547,0.0052,38.29,-171.84,0.315,MILD FATIGUE,31,False,1
2026-07-30 21:44:52,125.06,0.344,0.0068,38.29,-172.28,0.315,MILD FATIGUE,31,False,1
2026-07-30 21:44:52,125.12,0.3459,0.0083,38.21,-173.63,0.315,MILD FATIGUE,31,False,1
2026-07-30 21:44:52,125.15,0.3334,0.007,38.21,-174.02,0.315,MILD FATIGUE,31,False,1
2026-07-30 21:44:52,125.21,0.3486,0.0042,38.21,-173.21,0.315,MILD FATIGUE,31,False,1
2026-07-30 21:44:52,125.27,0.3448,0.0042,38.29,-173.07,0.315,MILD FATIGUE,31,False,1
2026-07-30 21:44:53,125.35,0.3383,0.0039,38.38,-173.82,0.315,MILD FATIGUE,31,False,1
2026-07-30 21:44:53,125.38,0.3195,0.0025,38.29,-174.31,0.315,MILD FATIGUE,31,False,1
2026-07-30 21:44:53,125.46,0.3327,0.0052,38.29,-174.32,0.315,MILD FATIGUE,31,False,1
2026-07-30 21:44:53,125.5,0.3265,0.0032,38.29,-174.62,0.315,MILD FATIGUE,31,False,1
2026-07-30 21:44:53,125.54,0.3335,0.0033,38.29,-174.49,0.315,MILD FATIGUE,31,False,1
2026-07-30 21:44:53,125.6,0.321,0.0058,38.21,-176.06,0.315,MILD FATIGUE,31,False,1
2026-07-30 21:44:53,125.63,0.33,0.0055,38.21,-177.02,0.315,MILD FATIGUE,31,False,1
2026-07-30 21:44:53,125.66,0.3266,0.0059,38.21,-176.86,0.315,MILD FATIGUE,31,False,1
2026-07-30 21:44:53,125.72,0.3181,0.0038,38.21,-176.61,0.315,MILD FATIGUE,31,False,1
2026-07-30 21:44:53,125.76,0.3161,0.004,38.13,-176.12,0.314,MILD FATIGUE,31,False,1
2026-07-30 21:44:53,125.85,0.3123,0.0066,38.29,-175.47,0.315,MILD FATIGUE,31,False,1
2026-07-30 21:44:53,125.93,0.306,0.003,38.29,-178.57,0.315,MILD FATIGUE,31,False,1
2026-07-30 21:44:53,125.96,0.3115,0.0029,38.29,-177.87,0.315,MILD FATIGUE,31,False,1
2026-07-30 21:44:53,126.0,0.2007,0.0052,38.21,-178.41,0.315,MILD FATIGUE,31,False,1
2026-07-30 21:44:53,126.06,0.1911,0.0063,38.43,-178.52,0.342,MILD FATIGUE,31,False,1
2026-07-30 21:44:53,126.09,0.1932,0.0048,38.43,-178.53,0.315,MILD FATIGUE,31,False,1
2026-07-30 21:44:53,126.12,0.049,0.0064,38.56,-177.63,0.342,MILD FATIGUE,31,False,1
2026-07-30 21:44:53,126.2,0.227,0.0043,38.65,179.57,0.116,NORMAL,31,False,1
2026-07-30 21:44:53,126.23,0.2187,0.0054,38.56,178.99,0.116,NORMAL,31,False,1
2026-07-30 21:44:53,126.27,0.2201,0.0053,38.65,179.1,0.116,NORMAL,31,False,1
