timestamp,elapsed_sec,ear,mar,perclos,pitch,fusion_score,severity,blink_count,phone_detected,ground_truth
2026-08-19 09:22:12,8.09,0.211,0.1159,0.0,-149.87,0.0,NORMAL,0,False,0
2026-08-19 09:22:12,8.13,0.187,0.089,50.0,-148.82,0.163,NORMAL,0,False,0
2026-08-19 09:22:12,8.16,0.2152,0.0746,33.33,-147.64,0.123,NORMAL,0,False,0
2026-08-19 09:22:12,8.21,0.2189,0.0772,25.0,-147.65,0.111,NORMAL,0,False,0
2026-08-19 09:22:12,8.25,0.2069,0.0565,20.0,-149.18,0.108,NORMAL,0,False,0
2026-08-19 09:22:12,8.35,0.2234,0.0692,16.67,-148.95,0.126,NORMAL,0,False,0
2026-08-19 09:22:12,8.39,0.2396,0.0447,14.29,-149.46,0.131,NORMAL,0,False,0
2026-08-19 09:22:12,8.43,0.2293,0.1152,12.5,-150.98,0.136,NORMAL,0,False,0
2026-08-19 09:22:12,8.47,0.2521,0.1258,11.11,-150.88,0.144,NORMAL,0,False,0
2026-08-19 09:22:12,8.5,0.2355,0.0699,10.0,-152.64,0.15,NORMAL,0,False,0
2026-08-19 09:22:12,8.61,0.245,0.1434,9.09,-153.57,0.177,NORMAL,0,False,0
2026-08-19 09:22:12,8.65,0.2371,0.1247,8.33,-154.73,0.185,NORMAL,0,False,0
2026-08-19 09:22:12,8.7,0.2196,0.0659,7.69,-154.01,0.199,NORMAL,0,False,0
2026-08-19 09:22:12,8.74,0.2016,0.1201,7.14,-156.08,0.209,NORMAL,0,False,0
2026-08-19 09:22:13,8.79,0.1889,0.1158,13.33,-160.14,0.24,NORMAL,0,False,0
2026-08-19 09:22:13,8.9,0.2017,0.2249,12.5,-159.03,0.238,NORMAL,0,False,0
2026-08-19 09:22:13,8.95,0.264,0.2962,11.76,-167.23,0.235,NORMAL,0,False,0
2026-08-19 09:22:13,8.99,0.2899,0.3624,11.11,-177.83,0.233,NORMAL,0,False,0
2026-08-19 09:22:13,9.04,0.2767,0.3324,10.53,-177.02,0.232,NORMAL,0,False,0
2026-08-19 09:22:13,9.07,0.2993,0.0942,10.0,179.97,0.03,NORMAL,0,False,0
2026-08-19 09:22:13,9.15,0.3066,0.0709,9.52,176.49,0.029,NORMAL,0,False,0
2026-08-19 09:22:13,9.19,0.3189,0.0771,9.09,167.71,0.027,NORMAL,0,False,0
2026-08-19 09:22:13,9.23,0.336,0.1052,8.7,165.21,0.026,NORMAL,0,False,0
2026-08-19 09:22:13,9.27,0.312,0.0992,8.33,163.5,0.025,NORMAL,0,False,0
2026-08-19 09:22:13,9.32,0.3157,0.1312,8.0,162.65,0.024,NORMAL,0,False,0
2026-08-19 09:22:13,9.4,0.3242,0.0616,7.69,161.06,0.023,NORMAL,0,False,0
2026-08-19 09:22:13,9.44,0.2855,0.0952,7.41,167.95,0.022,NORMAL,0,False,0
2026-08-19 09:22:13,9.5,0.3445,0.2463,7.14,168.02,0.021,NORMAL,0,False,0
2026-08-19 09:22:13,9.54,0.3462,0.3288,6.9,168.03,0.021,NORMAL,0,False,0
2026-08-19 09:22:13,9.57,0.3427,0.3167,6.67,167.07,0.02,NORMAL,0,False,0
2026-08-19 09:22:13,9.67,0.3643,0.3645,6.45,167.15,0.019,NORMAL,0,False,0
2026-08-19 09:22:13,9.7,0.3462,0.2947,6.25,167.72,0.019,NORMAL,0,False,0
2026-08-19 09:22:13,9.74,0.3461,0.3546,6.06,168.28,0.018,NORMAL,0,False,0
2026-08-19 09:22:14,9.77,0.3251,0.245,5.88,168.3,0.018,NORMAL,0,False,0
2026-08-19 09:22:14,9.82,0.3455,0.1882,5.71,168.96,0.017,NORMAL,0,False,0
2026-08-19 09:22:14,9.9,0.3559,0.2108,5.56,169.4,0.017,NORMAL,0,False,0
2026-08-19 09:22:14,9.95,0.3475,0.2238,5.41,169.96,0.016,NORMAL,0,False,0
2026-08-19 09:22:14,9.98,0.3325,0.2259,5.26,169.94,0.016,NORMAL,0,False,0
2026-08-19 09:22:14,10.01,0.3348,0.2114,5.13,169.67,0.015,NORMAL,0,False,0
2026-08-19 09:22:14,10.06,0.3323,0.2305,5.0,168.91,0.015,NORMAL,0,False,0
2026-08-19 09:22:14,10.16,0.3131,0.1865,4.88,168.52,0.015,NORMAL,0,False,0
2026-08-19 09:22:14,10.2,0.3329,0.134,4.76,160.34,0.014,NORMAL,0,False,0
2026-08-19 09:22:14,10.25,0.3123,0.1831,4.65,168.94,0.014,NORMAL,0,False,0
2026-08-19 09:22:14,10.3,0.3126,0.1808,4.55,159.44,0.014,NORMAL,0,False,0
2026-08-19 09:22:14,10.34,0.3318,0.1356,4.44,158.11,0.013,NORMAL,0,False,0
2026-08-19 09:22:14,10.45,0.3349,0.0689,4.35,169.16,0.013,NORMAL,0,False,0
2026-08-19 09:22:14,10.5,0.3255,0.1069,4.26,153.08,0.013,NORMAL,0,False,0
2026-08-19 09:22:14,10.54,0.3015,0.1222,4.17,151.23,0.012,NORMAL,0,False,0
2026-08-19 09:22:14,10.59,0.2525,0.0979,4.08,159.17,0.012,NORMAL,0,False,0
2026-08-19 09:22:14,10.64,0.3139,0.1183,4.0,149.2,0.012,NORMAL,0,False,0
2026-08-19 09:22:14,10.72,0.3069,0.0794,3.92,167.31,0.012,NORMAL,0,False,0
2026-08-19 09:22:15,10.77,0.3373,0.1225,3.85,148.77,0.012,NORMAL,0,False,0
2026-08-19 09:22:15,10.82,0.3561,0.1378,3.77,147.83,0.011,NORMAL,0,False,0
2026-08-19 09:22:15,10.86,0.3946,0.0783,3.7,149.31,0.011,NORMAL,0,False,0
2026-08-19 09:22:15,10.91,0.3675,0.1295,3.64,145.04,0.011,NORMAL,0,False,0
2026-08-19 09:22:15,11.0,0.3467,0.1157,3.57,144.33,0.011,NORMAL,0,False,0
2026-08-19 09:22:15,11.06,0.3392,0.1406,3.51,143.94,0.011,NORMAL,0,False,0
2026-08-19 09:22:15,11.11,0.3805,0.1144,3.45,142.35,0.01,NORMAL,0,False,0
2026-08-19 09:22:15,11.16,0.339,0.1305,3.39,143.4,0.01,NORMAL,0,False,0
2026-08-19 09:22:15,11.3,0.3502,0.1207,3.33,-169.26,0.01,NORMAL,0,False,0
2026-08-19 09:22:15,11.4,0.3447,0.1173,3.28,142.92,0.01,NORMAL,0,False,0
2026-08-19 09:22:15,11.44,0.3521,0.1085,3.23,145.18,0.01,NORMAL,0,False,0
2026-08-19 09:22:15,11.47,0.3573,0.1203,3.17,144.35,0.01,NORMAL,0,False,0
2026-08-19 09:22:15,11.52,0.3487,0.1146,3.12,149.06,0.009,NORMAL,0,False,0
2026-08-19 09:22:15,11.55,0.3561,0.1021,3.08,148.73,0.009,NORMAL,0,False,0
2026-08-19 09:22:15,11.65,0.3577,0.1081,3.03,150.07,0.009,NORMAL,0,False,0
2026-08-19 09:22:15,11.69,0.3163,0.14,2.99,170.71,0.009,NORMAL,0,False,0
2026-08-19 09:22:15,11.72,0.3265,0.0928,2.94,169.06,0.009,NORMAL,0,False,0
2026-08-19 09:22:15,11.75,0.3185,0.1093,2.9,168.57,0.009,NORMAL,0,False,0
2026-08-19 09:22:16,11.79,0.3172,0.1386,2.86,168.86,0.009,NORMAL,0,False,0
2026-08-19 09:22:16,11.89,0.3406,0.1445,2.82,153.14,0.008,NORMAL,0,False,0
2026-08-19 09:22:16,11.93,0.3091,0.1404,2.78,166.69,0.008,NORMAL,0,False,0
2026-08-19 09:22:16,11.98,0.3251,0.1245,2.74,166.0,0.008,NORMAL,0,False,0
2026-08-19 09:22:16,12.03,0.31,0.1266,2.7,166.85,0.008,NORMAL,0,False,0
2026-08-19 09:22:16,12.07,0.3568,0.1194,2.67,148.1,0.008,NORMAL,0,False,0
2026-08-19 09:22:16,12.17,0.3365,0.1335,2.63,145.11,0.008,NORMAL,0,False,0
2026-08-19 09:22:16,12.21,0.3266,0.1563,2.6,145.55,0.008,NORMAL,0,False,0
2026-08-19 09:22:16,12.27,0.3432,0.13,2.56,145.71,0.008,NORMAL,0,False,0
2026-08-19 09:22:16,12.3,0.3126,0.1098,2.53,146.49,0.008,NORMAL,0,False,0
2026-08-19 09:22:16,12.33,0.3102,0.1049,2.5,145.13,0.007,NORMAL,0,False,0
2026-08-19 09:22:16,12.42,0.2983,0.1285,2.47,144.26,0.007,NORMAL,0,False,0
2026-08-19 09:22:16,12.46,0.2923,0.1101,2.44,145.47,0.007,NORMAL,0,False,0
2026-08-19 09:22:16,12.5,0.2853,0.1056,2.41,144.2,0.007,NORMAL,0,False,0
2026-08-19 09:22:16,12.54,0.2561,0.1167,2.38,144.66,0.007,NORMAL,0,False,0
2026-08-19 09:22:16,12.59,0.2807,0.122,2.35,143.25,0.007,NORMAL,0,False,0
2026-08-19 09:22:16,12.68,0.2634,0.1272,2.33,147.17,0.007,NORMAL,0,False,0
2026-08-19 09:22:16,12.73,0.258,0.1082,2.3,146.08,0.007,NORMAL,0,False,0
2026-08-19 09:22:17,12.76,0.2854,0.1104,2.27,145.42,0.007,NORMAL,0,False,0
2026-08-19 09:22:17,12.81,0.2993,0.1744,2.25,145.45,0.007,NORMAL,0,False,0
2026-08-19 09:22:17,12.85,0.2959,0.1506,2.22,-166.69,0.007,NORMAL,0,False,0
2026-08-19 09:22:17,12.96,0.3572,0.1232,2.2,-170.15,0.037,NORMAL,0,False,0
2026-08-19 09:22:17,13.0,0.304,0.0975,2.17,162.7,0.007,NORMAL,0,False,0
2026-08-19 09:22:17,13.04,0.2662,0.1126,2.15,-166.58,0.006,NORMAL,0,False,0
2026-08-19 09:22:17,13.07,0.2879,0.1279,2.13,-172.27,0.015,NORMAL,0,False,0
2026-08-19 09:22:17,13.12,0.2752,0.1383,2.11,-174.76,0.029,NORMAL,0,False,0
2026-08-19 09:22:17,13.22,0.2472,0.1409,2.08,143.22,0.006,NORMAL,0,False,0
2026-08-19 09:22:17,13.26,0.2642,0.1332,2.06,142.6,0.006,NORMAL,0,False,0
2026-08-19 09:22:17,13.29,0.2813,0.1427,2.04,144.19,0.006,NORMAL,0,False,0
2026-08-19 09:22:17,13.32,0.2859,0.1121,2.02,143.51,0.006,NORMAL,0,False,0
2026-08-19 09:22:17,13.36,0.2971,0.1414,2.0,144.05,0.006,NORMAL,0,False,0
2026-08-19 09:22:17,13.45,0.3119,0.0919,1.98,145.57,0.006,NORMAL,0,False,0
2026-08-19 09:22:17,13.5,0.3005,0.0977,1.96,144.73,0.006,NORMAL,0,False,0
2026-08-19 09:22:17,13.55,0.3089,0.1008,1.94,145.06,0.006,NORMAL,0,False,0
2026-08-19 09:22:17,13.59,0.3026,0.099,1.92,146.89,0.006,NORMAL,0,False,0
2026-08-19 09:22:17,13.63,0.3284,0.0829,1.9,145.68,0.006,NORMAL,0,False,0
2026-08-19 09:22:18,13.78,0.3246,0.0998,1.89,177.39,0.006,NORMAL,0,False,0
2026-08-19 09:22:18,13.83,0.2942,0.0866,1.87,145.63,0.006,NORMAL,0,False,0
2026-08-19 09:22:18,13.87,0.3122,0.0807,1.85,143.62,0.006,NORMAL,0,False,0
2026-08-19 09:22:18,13.9,0.2983,0.0886,1.83,142.8,0.006,NORMAL,0,False,0
2026-08-19 09:22:18,13.95,0.305,0.1386,1.82,143.84,0.005,NORMAL,0,False,0
2026-08-19 09:22:18,14.05,0.2833,0.1461,1.8,143.23,0.005,NORMAL,0,False,0
2026-08-19 09:22:18,14.09,0.2797,0.1946,1.79,145.05,0.005,NORMAL,0,False,0
2026-08-19 09:22:18,14.12,0.2801,0.1446,1.77,141.66,0.005,NORMAL,0,False,0
2026-08-19 09:22:18,14.15,0.2459,0.1531,1.75,139.77,0.005,NORMAL,0,False,0
2026-08-19 09:22:18,14.19,0.2459,0.1372,1.74,138.52,0.005,NORMAL,0,False,0
2026-08-19 09:22:18,14.28,0.2613,0.1428,1.72,140.14,0.005,NORMAL,0,False,0
2026-08-19 09:22:18,14.33,0.2475,0.1421,1.71,139.24,0.005,NORMAL,0,False,0
2026-08-19 09:22:18,14.37,0.237,0.1339,1.69,141.33,0.005,NORMAL,0,False,0
2026-08-19 09:22:18,14.4,0.2585,0.1536,1.68,140.81,0.005,NORMAL,0,False,0
2026-08-19 09:22:18,14.43,0.2418,0.1388,1.67,143.42,0.005,NORMAL,0,False,0
2026-08-19 09:22:18,14.54,0.2547,0.1502,1.65,144.09,0.005,NORMAL,0,False,0
2026-08-19 09:22:18,14.59,0.232,0.1311,1.64,170.25,0.005,NORMAL,0,False,0
2026-08-19 09:22:18,14.62,0.2602,0.1516,1.63,160.26,0.005,NORMAL,0,False,0
2026-08-19 09:22:18,14.67,0.2921,0.1568,1.61,142.23,0.005,NORMAL,0,False,0
2026-08-19 09:22:18,14.71,0.2572,0.1847,1.6,-164.16,0.005,NORMAL,0,False,0
2026-08-19 09:22:19,14.8,0.2705,0.2315,1.59,144.14,0.005,NORMAL,0,False,0
2026-08-19 09:22:19,14.84,0.3441,0.1747,1.57,-164.22,0.005,NORMAL,0,False,0
2026-08-19 09:22:19,14.89,0.3469,0.1769,1.56,142.66,0.005,NORMAL,0,False,0
2026-08-19 09:22:19,14.93,0.4128,0.1523,1.55,-165.83,0.005,NORMAL,0,False,0
2026-08-19 09:22:19,14.99,0.39,0.1237,1.54,-165.81,0.02,NORMAL,0,False,0
2026-08-19 09:22:19,15.07,0.3579,0.1196,1.53,145.95,0.005,NORMAL,0,False,0
2026-08-19 09:22:19,15.1,0.4029,0.1191,1.52,145.77,0.005,NORMAL,0,False,0
2026-08-19 09:22:19,15.13,0.4162,0.1197,1.5,147.18,0.005,NORMAL,0,False,0
2026-08-19 09:22:19,15.17,0.424,0.1204,1.49,147.2,0.004,NORMAL,0,False,0
2026-08-19 09:22:19,15.2,0.4293,0.1144,1.48,-167.92,0.004,NORMAL,0,False,0
2026-08-19 09:22:19,15.32,0.4256,0.1178,1.47,165.31,0.004,NORMAL,0,False,0
2026-08-19 09:22:19,15.36,0.3984,0.1354,1.46,146.59,0.004,NORMAL,0,False,0
2026-08-19 09:22:19,15.4,0.4017,0.1289,1.45,146.19,0.004,NORMAL,0,False,0
2026-08-19 09:22:19,15.45,0.4195,0.1489,1.44,144.5,0.004,NORMAL,0,False,0
2026-08-19 09:22:19,15.49,0.4605,0.158,1.43,144.31,0.004,NORMAL,0,False,0
2026-08-19 09:22:19,15.59,0.3896,0.1366,1.42,142.61,0.004,NORMAL,0,False,0
2026-08-19 09:22:19,15.62,0.4294,0.1464,1.41,171.74,0.004,NORMAL,0,False,0
2026-08-19 09:22:19,15.65,0.4247,0.1188,1.4,143.92,0.004,NORMAL,0,False,0
2026-08-19 09:22:19,15.68,0.4185,0.0962,1.39,145.94,0.004,NORMAL,0,False,0
2026-08-19 09:22:19,15.73,0.4509,0.1149,1.38,164.46,0.004,NORMAL,0,False,0
2026-08-19 09:22:20,15.82,0.4237,0.1054,1.37,142.22,0.004,NORMAL,0,False,0
2026-08-19 09:22:20,15.87,0.5461,0.0878,1.36,-168.09,0.004,NORMAL,0,False,0
2026-08-19 09:22:20,15.92,0.6395,0.1267,1.35,-178.29,0.019,NORMAL,0,False,0
2026-08-19 09:22:20,15.97,0.5795,0.102,1.34,-172.17,0.032,NORMAL,0,False,0
2026-08-19 09:22:20,16.01,0.7426,0.0887,1.33,154.71,0.004,NORMAL,0,False,0
2026-08-19 09:22:20,16.13,0.617,0.3259,1.32,-149.91,0.004,NORMAL,0,False,0
2026-08-19 09:22:20,16.17,0.8044,0.1796,1.32,159.58,0.004,NORMAL,0,False,0
2026-08-19 09:22:20,16.22,0.6932,0.1775,1.31,-162.12,0.004,NORMAL,0,False,0
2026-08-19 09:22:20,16.25,0.698,0.1923,1.3,-179.57,0.013,NORMAL,0,False,0
2026-08-19 09:22:20,16.28,0.7677,0.1587,1.29,166.5,0.004,NORMAL,0,False,0
2026-08-19 09:22:20,16.36,0.7856,0.2771,1.28,-175.36,0.004,NORMAL,0,False,0
2026-08-19 09:22:20,16.4,0.8864,0.3416,1.27,179.57,0.004,NORMAL,0,False,0
2026-08-19 09:22:20,16.44,0.7824,0.4052,1.27,169.72,0.004,NORMAL,0,False,0
2026-08-19 09:22:20,16.47,0.7022,0.3024,1.26,171.21,0.004,NORMAL,0,False,0
2026-08-19 09:22:20,16.5,0.6935,0.2117,1.25,178.59,0.004,NORMAL,0,False,0
2026-08-19 09:22:20,16.58,0.6802,0.2768,1.24,-161.93,0.004,NORMAL,0,False,0
2026-08-19 09:22:20,16.63,0.6485,0.2616,1.23,-161.77,0.017,NORMAL,0,False,0
2026-08-19 09:22:20,16.68,0.6359,0.2715,1.23,171.85,0.004,NORMAL,0,False,0
2026-08-19 09:22:20,16.71,0.644,0.1988,1.22,-161.36,0.004,NORMAL,0,False,0
2026-08-19 09:22:20,16.74,0.6297,0.1819,1.21,178.18,0.004,NORMAL,0,False,0
2026-08-19 09:22:21,16.84,0.6875,0.2458,1.2,178.41,0.004,NORMAL,0,False,0
2026-08-19 09:22:21,16.88,0.6569,0.1761,1.2,172.39,0.004,NORMAL,0,False,0
2026-08-19 09:22:21,16.93,0.698,0.1682,1.19,170.33,0.004,NORMAL,0,False,0
2026-08-19 09:22:21,16.96,0.669,0.2098,1.18,178.64,0.004,NORMAL,0,False,0
2026-08-19 09:22:21,17.01,0.6829,0.142,1.18,177.7,0.004,NORMAL,0,False,0
2026-08-19 09:22:21,17.11,0.6223,0.1458,1.17,169.26,0.004,NORMAL,0,False,0
2026-08-19 09:22:21,17.15,0.4688,0.1239,1.16,-179.42,0.003,NORMAL,0,False,0
2026-08-19 09:22:21,17.2,0.3783,0.1806,1.16,156.05,0.003,NORMAL,0,False,0
2026-08-19 09:22:21,17.24,0.3667,0.1688,1.15,155.95,0.003,NORMAL,0,False,0
2026-08-19 09:22:21,17.28,0.3478,0.2179,1.14,165.54,0.003,NORMAL,0,False,0
2026-08-19 09:22:21,17.41,0.4896,0.277,1.14,156.76,0.003,NORMAL,0,False,0
2026-08-19 09:22:21,17.45,0.4605,0.3154,1.13,-172.34,0.003,NORMAL,0,False,0
2026-08-19 09:22:21,17.5,0.4904,0.2415,1.12,-172.18,0.016,NORMAL,0,False,0
2026-08-19 09:22:21,17.54,0.4489,0.2298,1.12,-171.04,0.028,NORMAL,0,False,0
2026-08-19 09:22:21,17.59,0.4899,0.1311,1.11,148.17,0.003,NORMAL,0,False,0
2026-08-19 09:22:21,17.68,0.4991,0.1792,1.1,-170.94,0.003,NORMAL,0,False,0
2026-08-19 09:22:21,17.72,0.4728,0.1404,1.1,-98.3,0.014,NORMAL,0,False,0
2026-08-19 09:22:21,17.76,0.4337,0.1718,1.09,-170.85,0.025,NORMAL,0,False,0
2026-08-19 09:22:22,17.79,0.4515,0.1334,1.09,151.93,0.003,NORMAL,0,False,0
2026-08-19 09:22:22,17.84,0.4788,0.1492,1.08,152.06,0.003,NORMAL,0,False,0
2026-08-19 09:22:22,17.93,0.461,0.1344,1.08,176.22,0.003,NORMAL,0,False,0
2026-08-19 09:22:22,17.98,0.4262,0.1253,1.07,150.53,0.003,NORMAL,0,False,0
2026-08-19 09:22:22,18.01,0.4194,0.127,1.06,-169.12,0.003,NORMAL,0,False,0
2026-08-19 09:22:22,18.06,0.4249,0.1035,1.06,167.61,0.003,NORMAL,0,False,0
2026-08-19 09:22:22,18.09,0.4265,0.1112,1.05,164.29,0.003,NORMAL,0,False,0
2026-08-19 09:22:22,18.23,0.3962,0.1674,1.05,-171.05,0.003,NORMAL,0,False,0
2026-08-19 09:22:22,18.27,0.4333,0.1964,1.04,163.39,0.003,NORMAL,0,False,0
2026-08-19 09:22:22,18.3,0.4646,0.1483,1.04,-171.37,0.003,NORMAL,0,False,0
2026-08-19 09:22:22,18.36,0.4572,0.1423,1.03,176.42,0.003,NORMAL,0,False,0
2026-08-19 09:22:22,18.4,0.4642,0.1699,1.03,149.51,0.003,NORMAL,0,False,0
2026-08-19 09:22:22,18.52,0.4759,0.0942,1.02,148.0,0.003,NORMAL,0,False,0
2026-08-19 09:22:22,18.55,0.4518,0.0936,1.02,145.47,0.003,NORMAL,0,False,0
2026-08-19 09:22:22,18.6,0.4233,0.0881,1.01,177.75,0.003,NORMAL,0,False,0
2026-08-19 09:22:22,18.65,0.4075,0.0996,1.01,148.16,0.003,NORMAL,0,False,0
2026-08-19 09:22:22,18.69,0.3888,0.1275,1.0,146.31,0.003,NORMAL,0,False,0
2026-08-19 09:22:23,18.79,0.2873,0.0881,1.0,148.39,0.003,NORMAL,0,False,0
2026-08-19 09:22:23,18.83,0.3032,0.1306,0.99,143.63,0.003,NORMAL,0,False,0
2026-08-19 09:22:23,18.87,0.3038,0.1183,0.99,142.82,0.003,NORMAL,0,False,0
2026-08-19 09:22:23,18.91,0.2811,0.1131,0.98,142.3,0.003,NORMAL,0,False,0
2026-08-19 09:22:23,18.95,0.2865,0.1322,0.98,141.21,0.003,NORMAL,0,False,0
2026-08-19 09:22:23,19.03,0.3128,0.1587,0.97,141.11,0.003,NORMAL,0,False,0
2026-08-19 09:22:23,19.07,0.3093,0.1864,0.97,-166.99,0.003,NORMAL,0,False,0
2026-08-19 09:22:23,19.1,0.2487,0.2345,0.96,139.78,0.003,NORMAL,0,False,0
2026-08-19 09:22:23,19.13,0.2357,0.2013,0.96,164.91,0.003,NORMAL,0,False,0
2026-08-19 09:22:23,19.16,0.2273,0.1779,0.95,163.78,0.003,NORMAL,0,False,0
2026-08-19 09:22:23,19.27,0.238,0.1338,0.95,-113.21,0.003,NORMAL,0,False,0
2026-08-19 09:22:23,19.32,0.2475,0.1236,0.94,161.07,0.003,NORMAL,0,False,0
2026-08-19 09:22:23,19.35,0.2733,0.1538,0.94,176.84,0.003,NORMAL,0,False,0
2026-08-19 09:22:23,19.4,0.2825,0.1563,0.93,136.25,0.003,NORMAL,0,False,0
2026-08-19 09:22:23,19.45,0.2556,0.1367,0.93,170.07,0.003,NORMAL,0,False,0
2026-08-19 09:22:23,19.53,0.2451,0.1409,0.93,177.45,0.003,NORMAL,0,False,0
2026-08-19 09:22:23,19.57,0.2484,0.1333,0.92,120.74,0.003,NORMAL,0,False,0
2026-08-19 09:22:23,19.62,0.2373,0.1365,0.92,160.22,0.003,NORMAL,0,False,0
2026-08-19 09:22:23,19.65,0.2592,0.139,0.91,177.85,0.003,NORMAL,0,False,0
2026-08-19 09:22:23,19.7,0.2865,0.1215,0.91,138.36,0.003,NORMAL,0,False,0
2026-08-19 09:22:24,19.77,0.2786,0.0989,0.9,163.74,0.003,NORMAL,0,False,0
2026-08-19 09:22:24,19.8,0.2914,0.1157,0.9,142.91,0.003,NORMAL,0,False,0
2026-08-19 09:22:24,19.83,0.2939,0.121,0.9,172.15,0.003,NORMAL,0,False,0
2026-08-19 09:22:24,19.87,0.2894,0.1287,0.89,163.72,0.003,NORMAL,0,False,0
2026-08-19 09:22:24,19.91,0.2811,0.0918,0.89,172.94,0.003,NORMAL,0,False,0
2026-08-19 09:22:24,20.01,0.2804,0.1121,0.88,-162.17,0.003,NORMAL,0,False,0
2026-08-19 09:22:24,20.06,0.3221,0.1323,0.88,141.08,0.003,NORMAL,0,False,0
2026-08-19 09:22:24,20.09,0.3204,0.1149,0.88,142.73,0.003,NORMAL,0,False,0
2026-08-19 09:22:24,20.13,0.3038,0.1233,0.87,-165.04,0.003,NORMAL,0,False,0
2026-08-19 09:22:24,20.18,0.2636,0.1157,0.87,141.93,0.003,NORMAL,0,False,0
2026-08-19 09:22:24,20.29,0.295,0.1279,0.87,163.49,0.003,NORMAL,0,False,0
2026-08-19 09:22:24,20.34,0.3019,0.1191,0.86,178.45,0.003,NORMAL,0,False,0
2026-08-19 09:22:24,20.39,0.257,0.1328,0.86,140.28,0.003,NORMAL,0,False,0
2026-08-19 09:22:24,20.42,0.2407,0.1187,0.85,143.75,0.003,NORMAL,0,False,0
2026-08-19 09:22:24,20.46,0.2725,0.1093,0.85,143.23,0.003,NORMAL,0,False,0
2026-08-19 09:22:24,20.57,0.2715,0.1029,0.85,142.95,0.003,NORMAL,0,False,0
2026-08-19 09:22:24,20.62,0.2803,0.1099,0.84,141.84,0.003,NORMAL,0,False,0
2026-08-19 09:22:24,20.67,0.2789,0.0928,0.84,141.3,0.003,NORMAL,0,False,0
2026-08-19 09:22:24,20.7,0.2585,0.1071,0.84,-167.3,0.003,NORMAL,0,False,0
2026-08-19 09:22:24,20.74,0.3023,0.1089,0.83,-164.45,0.016,NORMAL,0,False,0
2026-08-19 09:22:25,20.85,0.2625,0.1271,0.83,141.21,0.002,NORMAL,0,False,0
2026-08-19 09:22:25,20.89,0.2794,0.134,0.83,142.96,0.002,NORMAL,0,False,0
2026-08-19 09:22:25,20.93,0.2557,0.1,0.82,144.14,0.002,NORMAL,0,False,0
2026-08-19 09:22:25,20.98,0.2432,0.1022,0.82,160.81,0.002,NORMAL,0,False,0
2026-08-19 09:22:25,21.03,0.2818,0.1111,0.82,143.12,0.002,NORMAL,0,False,0
2026-08-19 09:22:25,21.11,0.2529,0.104,0.81,145.52,0.002,NORMAL,0,False,0
2026-08-19 09:22:25,21.15,0.2642,0.1031,0.81,143.17,0.002,NORMAL,0,False,0
2026-08-19 09:22:25,21.2,0.2834,0.0873,0.81,142.8,0.002,NORMAL,0,False,0
2026-08-19 09:22:25,21.25,0.2756,0.1095,0.8,141.71,0.002,NORMAL,0,False,0
2026-08-19 09:22:25,21.3,0.2738,0.1038,0.8,143.0,0.002,NORMAL,0,False,0
2026-08-19 09:22:25,21.39,0.236,0.1038,0.8,142.43,0.002,NORMAL,0,False,0
2026-08-19 09:22:25,21.43,0.2526,0.1138,0.79,143.82,0.002,NORMAL,0,False,0
2026-08-19 09:22:25,21.48,0.2584,0.112,0.79,143.68,0.002,NORMAL,0,False,0
2026-08-19 09:22:25,21.53,0.2557,0.1061,0.79,141.69,0.002,NORMAL,0,False,0
2026-08-19 09:22:25,21.57,0.2954,0.0965,0.78,144.28,0.002,NORMAL,0,False,0
2026-08-19 09:22:25,21.68,0.2634,0.1021,0.78,142.69,0.002,NORMAL,0,False,0
2026-08-19 09:22:25,21.72,0.2617,0.1226,0.78,144.86,0.002,NORMAL,0,False,0
2026-08-19 09:22:25,21.76,0.2642,0.094,0.78,143.49,0.002,NORMAL,0,False,0
2026-08-19 09:22:26,21.81,0.2658,0.1137,0.77,143.7,0.002,NORMAL,0,False,0
2026-08-19 09:22:26,21.85,0.3056,0.1255,0.77,142.75,0.002,NORMAL,0,False,0
2026-08-19 09:22:26,21.94,0.3078,0.1063,0.77,142.81,0.002,NORMAL,0,False,0
2026-08-19 09:22:26,22.0,0.3055,0.1177,0.76,144.34,0.002,NORMAL,0,False,0
2026-08-19 09:22:26,22.04,0.2825,0.1041,0.76,146.3,0.002,NORMAL,0,False,0
2026-08-19 09:22:26,22.09,0.3428,0.1032,0.76,144.03,0.002,NORMAL,0,False,0
2026-08-19 09:22:26,22.12,0.3076,0.098,0.75,178.81,0.002,NORMAL,0,False,0
2026-08-19 09:22:26,22.22,0.3013,0.0964,0.75,143.02,0.002,NORMAL,0,False,0
2026-08-19 09:22:26,22.28,0.2967,0.1454,0.75,-166.38,0.002,NORMAL,0,False,0
2026-08-19 09:22:26,22.32,0.325,0.1137,0.75,144.62,0.002,NORMAL,0,False,0
2026-08-19 09:22:26,22.35,0.3169,0.092,0.74,143.09,0.002,NORMAL,0,False,0
2026-08-19 09:22:26,22.4,0.3084,0.1205,0.74,171.18,0.002,NORMAL,0,False,0
2026-08-19 09:22:26,22.5,0.3017,0.1411,0.74,143.96,0.002,NORMAL,0,False,0
2026-08-19 09:22:26,22.55,0.279,0.1047,0.74,163.77,0.002,NORMAL,0,False,0
2026-08-19 09:22:26,22.59,0.2819,0.1064,0.73,-167.04,0.002,NORMAL,0,False,0
2026-08-19 09:22:26,22.63,0.267,0.1241,0.73,162.22,0.002,NORMAL,0,False,0
2026-08-19 09:22:26,22.68,0.2815,0.1081,0.73,143.41,0.002,NORMAL,0,False,0
2026-08-19 09:22:27,22.76,0.2752,0.1083,0.72,-174.19,0.002,NORMAL,0,False,0
2026-08-19 09:22:27,22.8,0.296,0.1081,0.72,144.82,0.002,NORMAL,0,False,0
2026-08-19 09:22:27,22.85,0.296,0.1282,0.72,-178.53,0.002,NORMAL,0,False,0
2026-08-19 09:22:27,22.9,0.3223,0.1328,0.72,166.6,0.002,NORMAL,0,False,0
2026-08-19 09:22:27,22.95,0.3043,0.1127,0.71,144.96,0.002,NORMAL,0,False,0
2026-08-19 09:22:27,23.04,0.2974,0.0955,0.71,179.63,0.002,NORMAL,0,False,0
2026-08-19 09:22:27,23.07,0.3254,0.1279,0.71,145.89,0.002,NORMAL,0,False,0
2026-08-19 09:22:27,23.12,0.3274,0.1259,0.71,-178.14,0.002,NORMAL,0,False,0
2026-08-19 09:22:27,23.17,0.2963,0.1214,0.7,148.58,0.002,NORMAL,0,False,0
2026-08-19 09:22:27,23.22,0.2897,0.1191,0.7,-175.21,0.002,NORMAL,0,False,0
2026-08-19 09:22:27,23.33,0.3081,0.1101,0.7,143.5,0.002,NORMAL,0,False,0
2026-08-19 09:22:27,23.37,0.3087,0.1505,0.7,143.15,0.002,NORMAL,0,False,0
2026-08-19 09:22:27,23.42,0.3054,0.111,0.69,-179.59,0.002,NORMAL,0,False,0
2026-08-19 09:22:27,23.45,0.3099,0.1252,0.69,-165.31,0.011,NORMAL,0,False,0
2026-08-19 09:22:27,23.48,0.3467,0.1044,0.69,143.31,0.002,NORMAL,0,False,0
2026-08-19 09:22:27,23.6,0.3033,0.1066,0.69,171.88,0.002,NORMAL,0,False,0
2026-08-19 09:22:27,23.64,0.3012,0.1135,0.68,164.03,0.002,NORMAL,0,False,0
2026-08-19 09:22:27,23.67,0.3169,0.1195,0.68,143.03,0.002,NORMAL,0,False,0
2026-08-19 09:22:27,23.7,0.3155,0.1278,0.68,-166.73,0.002,NORMAL,0,False,0
2026-08-19 09:22:27,23.75,0.2998,0.1055,0.68,-165.2,0.016,NORMAL,0,False,0
2026-08-19 09:22:28,23.87,0.2595,0.1031,0.68,143.8,0.002,NORMAL,0,False,0
2026-08-19 09:22:28,23.9,0.2821,0.0976,0.67,143.93,0.002,NORMAL,0,False,0
2026-08-19 09:22:28,23.95,0.3095,0.1151,0.67,-165.5,0.002,NORMAL,0,False,0
2026-08-19 09:22:28,23.98,0.3357,0.1228,0.67,-164.93,0.011,NORMAL,0,False,0
2026-08-19 09:22:28,24.01,0.3163,0.1237,0.67,143.69,0.002,NORMAL,0,False,0
2026-08-19 09:22:28,24.15,0.3016,0.1114,0.66,135.9,0.002,NORMAL,0,False,0
2026-08-19 09:22:28,24.19,0.2821,0.0903,0.66,-97.28,0.002,NORMAL,0,False,0
2026-08-19 09:22:28,24.23,0.2803,0.1404,0.66,171.07,0.002,NORMAL,0,False,0
2026-08-19 09:22:28,24.28,0.3238,0.1164,0.66,142.83,0.002,NORMAL,0,False,0
2026-08-19 09:22:28,24.32,0.3031,0.1127,0.66,144.81,0.002,NORMAL,0,False,0
2026-08-19 09:22:28,24.43,0.2912,0.1179,0.65,161.29,0.002,NORMAL,0,False,0
2026-08-19 09:22:28,24.46,0.3282,0.1088,0.65,149.28,0.002,NORMAL,0,False,0
2026-08-19 09:22:28,24.5,0.2953,0.1242,0.65,144.85,0.002,NORMAL,0,False,0
2026-08-19 09:22:28,24.55,0.2322,0.1349,0.65,143.3,0.002,NORMAL,0,False,0
2026-08-19 09:22:28,24.6,0.2824,0.1032,0.65,-179.12,0.002,NORMAL,0,False,0
2026-08-19 09:22:28,24.71,0.3018,0.1261,0.64,144.26,0.002,NORMAL,0,False,0
2026-08-19 09:22:28,24.74,0.2675,0.1106,0.64,143.33,0.002,NORMAL,0,False,0
2026-08-19 09:22:29,24.79,0.2394,0.1375,0.64,-167.62,0.002,NORMAL,0,False,0
2026-08-19 09:22:29,24.83,0.2319,0.1241,0.64,144.04,0.002,NORMAL,0,False,0
2026-08-19 09:22:29,24.88,0.2668,0.1178,0.63,-167.2,0.002,NORMAL,0,False,0
2026-08-19 09:22:29,24.99,0.264,0.1439,0.63,145.53,0.002,NORMAL,0,False,0
2026-08-19 09:22:29,25.04,0.2897,0.1596,0.63,144.83,0.002,NORMAL,0,False,0
2026-08-19 09:22:29,25.08,0.2487,0.142,0.63,-167.57,0.002,NORMAL,0,False,0
2026-08-19 09:22:29,25.13,0.2581,0.1301,0.63,144.48,0.002,NORMAL,0,False,0
2026-08-19 09:22:29,25.17,0.2784,0.135,0.62,-166.39,0.002,NORMAL,0,False,0
2026-08-19 09:22:29,25.27,0.2665,0.122,0.62,-166.86,0.029,NORMAL,0,False,0
2026-08-19 09:22:29,25.3,0.2413,0.1235,0.62,145.2,0.002,NORMAL,0,False,0
2026-08-19 09:22:29,25.35,0.2563,0.0887,0.62,143.87,0.002,NORMAL,0,False,0
2026-08-19 09:22:29,25.4,0.2565,0.1061,0.62,-167.43,0.002,NORMAL,0,False,0
2026-08-19 09:22:29,25.45,0.2584,0.1228,0.62,143.26,0.002,NORMAL,0,False,0
2026-08-19 09:22:29,25.56,0.2756,0.1209,0.61,144.28,0.002,NORMAL,0,False,0
2026-08-19 09:22:29,25.6,0.2654,0.1429,0.61,147.61,0.002,NORMAL,0,False,0
2026-08-19 09:22:29,25.65,0.2802,0.1178,0.61,145.64,0.002,NORMAL,0,False,0
2026-08-19 09:22:29,25.7,0.2777,0.1117,0.61,144.55,0.002,NORMAL,0,False,0
2026-08-19 09:22:29,25.73,0.2689,0.1434,0.61,144.85,0.002,NORMAL,0,False,0
2026-08-19 09:22:30,25.83,0.2305,0.1199,0.6,145.59,0.002,NORMAL,0,False,0
2026-08-19 09:22:30,25.87,0.2588,0.1043,0.6,162.59,0.002,NORMAL,0,False,0
2026-08-19 09:22:30,25.91,0.277,0.0986,0.6,143.78,0.002,NORMAL,0,False,0
2026-08-19 09:22:30,25.95,0.2454,0.0913,0.6,144.74,0.002,NORMAL,0,False,0
2026-08-19 09:22:30,25.99,0.2935,0.0872,0.6,145.05,0.002,NORMAL,0,False,0
2026-08-19 09:22:30,26.09,0.2723,0.0988,0.6,146.09,0.002,NORMAL,0,False,0
2026-08-19 09:22:30,26.14,0.2556,0.0986,0.59,144.66,0.002,NORMAL,0,False,0
2026-08-19 09:22:30,26.18,0.2865,0.0889,0.59,145.86,0.002,NORMAL,0,False,0
2026-08-19 09:22:30,26.23,0.3007,0.0722,0.59,143.83,0.002,NORMAL,0,False,0
2026-08-19 09:22:30,26.28,0.299,0.0891,0.59,143.89,0.002,NORMAL,0,False,0
2026-08-19 09:22:30,26.4,0.2709,0.0781,0.59,145.03,0.002,NORMAL,0,False,0
2026-08-19 09:22:30,26.44,0.281,0.1134,0.58,143.48,0.002,NORMAL,0,False,0
2026-08-19 09:22:30,26.48,0.2772,0.1064,0.58,145.16,0.002,NORMAL,0,False,0
2026-08-19 09:22:30,26.52,0.2198,0.0874,0.58,144.84,0.002,NORMAL,0,False,0
2026-08-19 09:22:30,26.57,0.2818,0.1057,0.58,144.35,0.002,NORMAL,0,False,0
2026-08-19 09:22:30,26.68,0.2795,0.1194,0.58,144.96,0.002,NORMAL,0,False,0
2026-08-19 09:22:30,26.73,0.2809,0.1024,0.58,142.83,0.002,NORMAL,0,False,0
2026-08-19 09:22:31,26.78,0.2772,0.1323,0.57,145.18,0.002,NORMAL,0,False,0
2026-08-19 09:22:31,26.83,0.2599,0.1214,0.57,146.61,0.002,NORMAL,0,False,0
2026-08-19 09:22:31,26.87,0.2775,0.0902,0.57,144.58,0.002,NORMAL,0,False,0
2026-08-19 09:22:31,26.98,0.2588,0.116,0.57,144.32,0.002,NORMAL,0,False,0
2026-08-19 09:22:31,27.01,0.2363,0.1197,0.57,146.17,0.002,NORMAL,0,False,0
2026-08-19 09:22:31,27.05,0.2081,0.103,0.57,163.09,0.002,NORMAL,0,False,0
2026-08-19 09:22:31,27.09,0.2475,0.1024,0.56,142.75,0.002,NORMAL,0,False,0
2026-08-19 09:22:31,27.13,0.2723,0.1231,0.56,144.34,0.002,NORMAL,0,False,0
2026-08-19 09:22:31,27.21,0.2779,0.1114,0.56,178.42,0.002,NORMAL,0,False,0
2026-08-19 09:22:31,27.26,0.3034,0.1304,0.56,146.97,0.002,NORMAL,0,False,0
2026-08-19 09:22:31,27.29,0.3338,0.0569,0.56,146.74,0.002,NORMAL,0,False,0
2026-08-19 09:22:31,27.34,0.3481,0.0688,0.56,145.32,0.002,NORMAL,0,False,0
2026-08-19 09:22:31,27.37,0.3407,0.0473,0.56,147.52,0.002,NORMAL,0,False,0
2026-08-19 09:22:31,27.51,0.2814,0.0599,0.55,151.92,0.002,NORMAL,0,False,0
2026-08-19 09:22:31,27.55,0.2923,0.0553,0.55,153.77,0.002,NORMAL,0,False,0
2026-08-19 09:22:31,27.6,0.2877,0.0316,0.55,153.22,0.002,NORMAL,0,False,0
2026-08-19 09:22:31,27.65,0.3113,0.0323,0.55,153.89,0.002,NORMAL,0,False,0
2026-08-19 09:22:31,27.73,0.2925,0.0382,0.55,154.49,0.002,NORMAL,0,False,0
2026-08-19 09:22:32,27.85,0.1231,0.098,0.82,167.24,0.002,NORMAL,0,False,0
2026-08-19 09:22:32,27.9,0.2755,0.065,0.82,161.73,0.002,NORMAL,0,False,0
2026-08-19 09:22:32,27.93,0.3253,0.0617,0.82,159.65,0.002,NORMAL,0,False,0
2026-08-19 09:22:32,27.98,0.3397,0.0564,0.81,158.13,0.002,NORMAL,0,False,0
2026-08-19 09:22:32,28.03,0.3255,0.0444,0.81,157.67,0.002,NORMAL,0,False,0
2026-08-19 09:22:32,28.13,0.3239,0.0766,0.81,160.35,0.002,NORMAL,0,False,0
2026-08-19 09:22:32,28.17,0.3323,0.044,0.81,157.99,0.002,NORMAL,0,False,0
2026-08-19 09:22:32,28.2,0.333,0.0398,0.8,156.88,0.002,NORMAL,0,False,0
2026-08-19 09:22:32,28.23,0.3399,0.0518,0.8,155.28,0.002,NORMAL,0,False,0
2026-08-19 09:22:32,28.28,0.3276,0.0475,0.8,155.05,0.002,NORMAL,0,False,0
2026-08-19 09:22:32,28.39,0.2673,0.0587,0.8,160.77,0.002,NORMAL,0,False,0
2026-08-19 09:22:32,28.43,0.2562,0.0718,0.8,162.67,0.002,NORMAL,0,False,0
2026-08-19 09:22:32,28.48,0.2434,0.058,0.79,163.41,0.002,NORMAL,0,False,0
2026-08-19 09:22:32,28.52,0.246,0.0636,0.79,165.15,0.002,NORMAL,0,False,0
2026-08-19 09:22:32,28.55,0.224,0.0822,0.79,165.66,0.002,NORMAL,0,False,0
2026-08-19 09:22:32,28.67,0.2475,0.0905,0.79,171.31,0.002,NORMAL,0,False,0
2026-08-19 09:22:32,28.71,0.2595,0.0869,0.79,173.82,0.002,NORMAL,0,False,0
2026-08-19 09:22:32,28.75,0.2647,0.0586,0.78,174.27,0.002,NORMAL,0,False,0
2026-08-19 09:22:33,28.78,0.2681,0.0659,0.78,175.16,0.002,NORMAL,0,False,0
2026-08-19 09:22:33,28.81,0.2763,0.0582,0.78,177.48,0.002,NORMAL,0,False,0
2026-08-19 09:22:33,28.9,0.2678,0.0589,0.78,177.89,0.002,NORMAL,0,False,0
2026-08-19 09:22:33,28.94,0.278,0.0553,0.78,179.63,0.002,NORMAL,0,False,0
2026-08-19 09:22:33,28.97,0.304,0.0478,0.77,-178.03,0.002,NORMAL,0,False,0
2026-08-19 09:22:33,29.0,0.3151,0.0712,0.77,-176.94,0.012,NORMAL,0,False,0
2026-08-19 09:22:33,29.03,0.2809,0.0603,0.77,-174.63,0.021,NORMAL,0,False,0
2026-08-19 09:22:33,29.14,0.3178,0.0248,0.77,-166.57,0.053,NORMAL,0,False,0
2026-08-19 09:22:33,29.18,0.3294,0.0615,0.77,-162.82,0.062,NORMAL,0,False,0
2026-08-19 09:22:33,29.21,0.3131,0.0386,0.76,-163.12,0.071,NORMAL,0,False,0
2026-08-19 09:22:33,29.26,0.3063,0.0432,0.76,-162.5,0.085,NORMAL,0,False,0
2026-08-19 09:22:33,29.3,0.2996,0.0496,0.76,-162.96,0.097,NORMAL,0,False,0
2026-08-19 09:22:33,29.38,0.2879,0.0257,0.76,-158.9,0.119,NORMAL,0,False,0
2026-08-19 09:22:33,29.41,0.2297,0.0235,0.76,-156.18,0.13,NORMAL,0,False,0
2026-08-19 09:22:33,29.46,0.2216,0.0204,0.75,-153.48,0.143,NORMAL,0,False,0
2026-08-19 09:22:33,29.51,0.2697,0.0184,0.75,-154.27,0.157,NORMAL,0,False,0
2026-08-19 09:22:33,29.55,0.289,0.0226,0.75,-154.97,0.169,NORMAL,0,False,0
2026-08-19 09:22:33,29.64,0.3366,0.0079,0.75,-153.89,0.193,NORMAL,0,False,0
2026-08-19 09:22:33,29.68,0.3308,0.0038,0.75,-156.84,0.202,NORMAL,0,False,0
2026-08-19 09:22:33,29.73,0.3377,0.0089,0.74,-155.9,0.202,NORMAL,0,False,0
2026-08-19 09:22:34,29.77,0.3429,0.0294,0.74,-154.39,0.202,NORMAL,0,False,0
2026-08-19 09:22:34,29.81,0.2731,0.0081,0.74,-155.44,0.202,NORMAL,0,False,0
2026-08-19 09:22:34,29.9,0,0,0,0,0,NORMAL,0,False,0
2026-08-19 09:22:34,29.93,0,0,0,0,0,NORMAL,0,False,0
2026-08-19 09:22:34,29.98,0,0,0,0,0,NORMAL,0,False,0
2026-08-19 09:22:34,30.03,0,0,0,0,0,NORMAL,0,False,0
2026-08-19 09:22:34,30.06,0,0,0,0,0,NORMAL,0,False,0
2026-08-19 09:22:34,30.09,0,0,0,0,0,NORMAL,0,False,0
2026-08-19 09:22:34,30.13,0,0,0,0,0,NORMAL,0,False,0
2026-08-19 09:22:34,30.17,0,0,0,0,0,NORMAL,0,False,0
2026-08-19 09:22:34,30.22,0,0,0,0,0,NORMAL,0,False,0
2026-08-19 09:22:34,30.26,0,0,0,0,0,NORMAL,0,False,0
2026-08-19 09:22:34,30.31,0,0,0,0,0,NORMAL,0,False,0
2026-08-19 09:22:34,30.36,0,0,0,0,0,NORMAL,0,False,0
2026-08-19 09:22:34,30.4,0,0,0,0,0,NORMAL,0,False,0
2026-08-19 09:22:34,30.44,0,0,0,0,0,NORMAL,0,False,0
2026-08-19 09:22:34,30.49,0,0,0,0,0,NORMAL,0,False,0
2026-08-19 09:22:34,30.54,0,0,0,0,0,NORMAL,0,False,0
2026-08-19 09:22:34,30.6,0,0,0,0,0,NORMAL,0,False,0
2026-08-19 09:22:34,30.64,0,0,0,0,0,NORMAL,0,False,0
2026-08-19 09:22:34,30.69,0.3126,0.0786,0.74,-162.26,0.202,NORMAL,0,False,0
2026-08-19 09:22:34,30.73,0.2794,0.0917,0.74,-160.31,0.202,NORMAL,0,False,0
2026-08-19 09:22:35,30.83,0.3135,0.1606,0.74,-169.0,0.202,NORMAL,0,False,0
2026-08-19 09:22:35,30.88,0.2599,0.1935,0.73,-171.68,0.202,NORMAL,0,False,0
2026-08-19 09:22:35,30.92,0.2507,0.2958,0.73,-171.85,0.202,NORMAL,0,False,0
2026-08-19 09:22:35,30.95,0.2778,0.2438,0.73,-173.79,0.202,NORMAL,0,False,0
2026-08-19 09:22:35,30.98,0.2557,0.3476,0.73,-175.64,0.202,NORMAL,0,False,0
2026-08-19 09:22:35,31.06,0.2506,0.3384,0.73,-176.27,0.202,NORMAL,0,False,0
2026-08-19 09:22:35,31.11,0.2203,0.2852,0.72,176.83,0.002,NORMAL,0,False,0
2026-08-19 09:22:35,31.14,0.2234,0.2203,0.72,175.78,0.002,NORMAL,0,False,0
2026-08-19 09:22:35,31.17,0.2216,0.2626,0.72,177.16,0.002,NORMAL,0,False,0
2026-08-19 09:22:35,31.21,0.2163,0.2467,0.72,176.14,0.002,NORMAL,0,False,0
2026-08-19 09:22:35,31.28,0.2401,0.2569,0.72,175.69,0.002,NORMAL,0,False,0
2026-08-19 09:22:35,31.31,0.254,0.2426,0.72,174.69,0.002,NORMAL,0,False,0
2026-08-19 09:22:35,31.34,0.2577,0.2665,0.71,173.96,0.002,NORMAL,0,False,0
2026-08-19 09:22:35,31.38,0.2248,0.2179,0.71,172.35,0.002,NORMAL,0,False,0
2026-08-19 09:22:35,31.42,0.1997,0.2036,0.95,171.49,0.003,NORMAL,0,False,0
2026-08-19 09:22:35,31.5,0.2106,0.216,0.95,170.68,0.003,NORMAL,0,False,0
2026-08-19 09:22:35,31.53,0.214,0.2343,0.94,168.62,0.003,NORMAL,0,False,0
2026-08-19 09:22:35,31.58,0.2097,0.22,0.94,169.37,0.003,NORMAL,0,False,0
2026-08-19 09:22:35,31.61,0.2167,0.2205,0.94,168.88,0.003,NORMAL,0,False,0
2026-08-19 09:22:35,31.64,0.2122,0.221,0.94,170.17,0.003,NORMAL,0,False,0
2026-08-19 09:22:35,31.72,0.2185,0.1995,0.93,168.82,0.003,NORMAL,0,False,0
2026-08-19 09:22:35,31.75,0.2185,0.2078,0.93,170.56,0.003,NORMAL,0,False,0
2026-08-19 09:22:36,31.8,0.211,0.1303,0.93,171.59,0.003,NORMAL,0,False,0
2026-08-19 09:22:36,31.85,0.2173,0.1614,0.93,171.44,0.003,NORMAL,0,False,0
2026-08-19 09:22:36,31.9,0.2045,0.134,0.93,170.97,0.003,NORMAL,0,False,0
2026-08-19 09:22:36,32.01,0.2178,0.1413,0.92,170.21,0.003,NORMAL,0,False,0
2026-08-19 09:22:36,32.05,0.201,0.1063,1.15,173.04,0.003,NORMAL,0,False,0
2026-08-19 09:22:36,32.09,0.2185,0.1075,1.15,173.27,0.003,NORMAL,0,False,0
2026-08-19 09:22:36,32.13,0.2154,0.1016,1.15,174.56,0.003,NORMAL,0,False,0
2026-08-19 09:22:36,32.18,0.2204,0.1579,1.14,174.85,0.003,NORMAL,0,False,0
2026-08-19 09:22:36,32.26,0.2455,0.1688,1.14,176.77,0.003,NORMAL,0,False,0
2026-08-19 09:22:36,32.31,0.2437,0.1434,1.14,176.74,0.003,NORMAL,0,False,0
2026-08-19 09:22:36,32.34,0.2357,0.1726,1.14,177.66,0.003,NORMAL,0,False,0
2026-08-19 09:22:36,32.37,0.2377,0.1618,1.13,177.84,0.003,NORMAL,0,False,0
2026-08-19 09:22:36,32.4,0.2367,0.171,1.13,177.29,0.003,NORMAL,0,False,0
2026-08-19 09:22:36,32.49,0.2351,0.1626,1.13,176.62,0.003,NORMAL,0,False,0
2026-08-19 09:22:36,32.53,0.24,0.1404,1.13,175.89,0.003,NORMAL,0,False,0
2026-08-19 09:22:36,32.56,0.2576,0.1761,1.12,176.69,0.003,NORMAL,0,False,0
2026-08-19 09:22:36,32.58,0.2475,0.1733,1.12,178.32,0.003,NORMAL,0,False,0
2026-08-19 09:22:36,32.62,0.2484,0.1622,1.12,178.01,0.003,NORMAL,0,False,0
2026-08-19 09:22:36,32.7,0.1979,0.238,1.34,-179.37,0.004,NORMAL,0,False,0
2026-08-19 09:22:36,32.75,0.2479,0.1687,1.34,-177.58,0.018,NORMAL,0,False,0
2026-08-19 09:22:37,32.78,0.2211,0.1653,1.33,-175.78,0.027,NORMAL,0,False,0
2026-08-19 09:22:37,32.81,0.2399,0.259,1.33,-174.51,0.036,NORMAL,0,False,0
2026-08-19 09:22:37,32.84,0.2828,0.1513,1.33,-175.85,0.045,NORMAL,0,False,0
2026-08-19 09:22:37,32.93,0.2705,0.1092,1.32,-176.08,0.071,NORMAL,0,False,0
2026-08-19 09:22:37,32.98,0.2866,0.1602,1.32,-175.69,0.085,NORMAL,0,False,0
2026-08-19 09:22:37,33.02,0.2672,0.114,1.32,-176.12,0.095,NORMAL,0,False,0
2026-08-19 09:22:37,33.06,0.2902,0.0597,1.32,-169.1,0.107,NORMAL,0,False,0
2026-08-19 09:22:37,33.11,0.3203,0.0717,1.31,-169.13,0.121,NORMAL,0,False,0
2026-08-19 09:22:37,33.2,0.3161,0.0219,1.31,-163.2,0.148,NORMAL,0,False,0
2026-08-19 09:22:37,33.25,0.3584,0.0285,1.31,-159.77,0.161,NORMAL,0,False,0
2026-08-19 09:22:37,33.3,0.3345,0.0184,1.3,-158.01,0.175,NORMAL,0,False,0
2026-08-19 09:22:37,33.35,0.342,0.0387,1.3,-158.52,0.189,NORMAL,0,False,0
2026-08-19 09:22:37,33.39,0.3555,0.0287,1.3,-158.85,0.202,NORMAL,0,False,0
2026-08-19 09:22:37,33.49,0.3626,0.0409,1.3,-158.36,0.204,NORMAL,0,False,0
2026-08-19 09:22:37,33.53,0.3594,0.0257,1.29,-158.33,0.204,NORMAL,0,False,0
2026-08-19 09:22:37,33.58,0.3569,0.0353,1.29,-158.24,0.204,NORMAL,0,False,0
2026-08-19 09:22:37,33.61,0.3434,0.0342,1.29,-158.08,0.204,NORMAL,0,False,0
2026-08-19 09:22:37,33.66,0.3386,0.0245,1.28,-157.66,0.204,NORMAL,0,False,0
2026-08-19 09:22:37,33.74,0.3201,0.0186,1.28,-157.17,0.204,NORMAL,0,False,0
2026-08-19 09:22:38,33.78,0.2929,0.025,1.28,-157.56,0.204,NORMAL,0,False,0
2026-08-19 09:22:38,33.83,0.3062,0.012,1.28,-155.9,0.204,NORMAL,0,False,0
2026-08-19 09:22:38,33.88,0.2911,0.0519,1.27,-154.06,0.204,NORMAL,0,False,0
2026-08-19 09:22:38,33.91,0.2657,0.0265,1.27,-159.2,0.204,NORMAL,0,False,0
2026-08-19 09:22:38,34.01,0,0,0,0,0,NORMAL,0,False,0
2026-08-19 09:22:38,34.05,0,0,0,0,0,NORMAL,0,False,0
2026-08-19 09:22:38,34.1,0,0,0,0,0,NORMAL,0,False,0
2026-08-19 09:22:38,34.13,0,0,0,0,0,NORMAL,0,False,0
2026-08-19 09:22:38,34.17,0,0,0,0,0,NORMAL,0,False,0
2026-08-19 09:22:38,34.22,0,0,0,0,0,NORMAL,0,False,0
2026-08-19 09:22:38,34.26,0.3415,0.0062,1.27,-152.59,0.204,NORMAL,0,False,0
2026-08-19 09:22:38,34.29,0.349,0.0083,1.27,-151.75,0.204,NORMAL,0,False,0
2026-08-19 09:22:38,34.34,0.3098,0.0104,1.26,-155.51,0.204,NORMAL,0,False,0
2026-08-19 09:22:38,34.38,0.2794,0.0127,1.26,-158.67,0.204,NORMAL,0,False,0
2026-08-19 09:22:38,34.48,0.3447,0.0477,1.26,-157.48,0.204,NORMAL,0,False,0
2026-08-19 09:22:38,34.51,0.3598,0.0304,1.26,-159.08,0.204,NORMAL,0,False,0
2026-08-19 09:22:38,34.56,0.3337,0.0328,1.25,-160.72,0.204,NORMAL,0,False,0
2026-08-19 09:22:38,34.6,0.3137,0.0475,1.25,-164.74,0.204,NORMAL,0,False,0
2026-08-19 09:22:38,34.63,0.3152,0.0461,1.25,-165.15,0.204,NORMAL,0,False,0
2026-08-19 09:22:38,34.71,0.3143,0.0589,1.24,-165.29,0.204,NORMAL,0,False,0
2026-08-19 09:22:39,34.76,0.3006,0.0351,1.24,-174.73,0.204,NORMAL,0,False,0
2026-08-19 09:22:39,34.81,0.3127,0.0306,1.24,-174.14,0.204,NORMAL,0,False,0
2026-08-19 09:22:39,34.86,0.3136,0.0475,1.24,-173.15,0.204,NORMAL,0,False,0
2026-08-19 09:22:39,34.9,0.3134,0.0781,1.23,-174.82,0.204,NORMAL,0,False,0
2026-08-19 09:22:39,35.01,0.3527,0.0103,1.23,-167.07,0.204,NORMAL,0,False,0
2026-08-19 09:22:39,35.06,0.3363,0.0237,1.23,-170.88,0.204,NORMAL,0,False,0
2026-08-19 09:22:39,35.11,0.3298,0.0194,1.23,-168.5,0.204,NORMAL,0,False,0
2026-08-19 09:22:39,35.15,0.3123,0.0149,1.22,-170.08,0.204,NORMAL,0,False,0
2026-08-19 09:22:39,35.18,0.3176,0.0282,1.22,-172.42,0.204,NORMAL,0,False,0
2026-08-19 09:22:39,35.26,0.2303,0.0164,1.22,-174.79,0.204,NORMAL,0,False,0
2026-08-19 09:22:39,35.3,0.2652,0.0493,1.22,-173.25,0.204,NORMAL,0,False,0
2026-08-19 09:22:39,35.34,0.2331,0.0466,1.21,-170.45,0.204,NORMAL,0,False,0
2026-08-19 09:22:39,35.38,0.2309,0.0398,1.21,-168.67,0.204,NORMAL,0,False,0
2026-08-19 09:22:39,35.41,0.2082,0.0299,1.21,-163.91,0.204,NORMAL,0,False,0
2026-08-19 09:22:39,35.49,0.2027,0.0457,1.21,-167.6,0.204,NORMAL,0,False,0
2026-08-19 09:22:39,35.53,0,0,0,0,0,NORMAL,0,False,0
2026-08-19 09:22:39,35.57,0.2037,0.047,1.2,176.46,0.004,NORMAL,0,False,0
2026-08-19 09:22:39,35.62,0.32,0.038,1.2,169.22,0.004,NORMAL,0,False,0
2026-08-19 09:22:39,35.65,0.3656,0.063,1.2,171.27,0.004,NORMAL,0,False,0
2026-08-19 09:22:39,35.76,0.3994,0.0312,1.2,-178.54,0.004,NORMAL,0,False,0
2026-08-19 09:22:40,35.79,0,0,0,0,0,NORMAL,0,False,0
2026-08-19 09:22:40,35.83,0.2474,0.0115,1.2,-161.02,0.023,NORMAL,0,False,0
2026-08-19 09:22:40,35.86,0.2317,0.031,1.19,-161.6,0.034,NORMAL,0,False,0
2026-08-19 09:22:40,35.9,0,0,0,0,0,NORMAL,0,False,0
2026-08-19 09:22:40,35.93,0,0,0,0,0,NORMAL,0,False,0
2026-08-19 09:22:40,35.98,0,0,0,0,0,NORMAL,0,False,0
2026-08-19 09:22:40,36.03,0,0,0,0,0,NORMAL,0,False,0
2026-08-19 09:22:40,36.07,0,0,0,0,0,NORMAL,0,False,0
2026-08-19 09:22:40,36.11,0,0,0,0,0,NORMAL,0,False,0
2026-08-19 09:22:40,36.16,0,0,0,0,0,NORMAL,0,False,0
2026-08-19 09:22:40,36.2,0,0,0,0,0,NORMAL,0,False,0
2026-08-19 09:22:40,36.25,0.3213,0.0071,1.19,-162.76,0.145,NORMAL,0,False,0
2026-08-19 09:22:40,36.29,0,0,0,0,0,NORMAL,0,False,0
2026-08-19 09:22:40,36.32,0,0,0,0,0,NORMAL,0,False,0
2026-08-19 09:22:40,36.38,0,0,0,0,0,NORMAL,0,False,0
2026-08-19 09:22:40,36.42,0.2821,0.0379,1.19,-169.25,0.192,NORMAL,0,False,0
2026-08-19 09:22:40,36.46,0.3305,0.0117,1.19,-158.7,0.203,NORMAL,0,False,0
2026-08-19 09:22:40,36.5,0.317,0.0268,1.18,-164.57,0.204,NORMAL,0,False,0
2026-08-19 09:22:40,36.54,0.3231,0.0481,1.18,-166.02,0.204,NORMAL,0,False,0
2026-08-19 09:22:40,36.65,0.3302,0.0711,1.18,-167.44,0.204,NORMAL,0,False,0
2026-08-19 09:22:40,36.7,0.2271,0.0429,1.18,-167.76,0.204,NORMAL,0,False,0
2026-08-19 09:22:40,36.73,0.1979,0.0613,1.37,-167.37,0.204,NORMAL,0,False,0
2026-08-19 09:22:41,36.78,0.1997,0.0416,1.56,-166.67,0.242,NORMAL,0,False,0
2026-08-19 09:22:41,36.82,0.1937,0.0548,1.75,-167.71,0.276,NORMAL,0,False,0
2026-08-19 09:22:41,36.9,0.1922,0.0518,1.95,-166.63,0.342,MILD FATIGUE,0,False,0
2026-08-19 09:22:41,36.95,0.1997,0.0544,2.14,-165.23,0.379,MILD FATIGUE,0,False,0
2026-08-19 09:22:41,36.99,0.1924,0.0181,2.33,-168.69,0.415,MILD FATIGUE,0,False,0
2026-08-19 09:22:41,37.03,0.1816,0.0432,2.51,-168.43,0.443,MILD FATIGUE,0,False,0
2026-08-19 09:22:41,37.07,0.202,0.0449,2.51,-167.07,0.208,NORMAL,1,False,0
2026-08-19 09:22:41,37.18,0.2494,0.0506,2.5,-165.51,0.208,NORMAL,1,False,0
2026-08-19 09:22:41,37.23,0.2743,0.043,2.5,-169.66,0.208,NORMAL,1,False,0
2026-08-19 09:22:41,37.26,0.2361,0.0567,2.5,-172.24,0.207,NORMAL,1,False,0
2026-08-19 09:22:41,37.31,0.2443,0.0566,2.49,-172.26,0.207,NORMAL,1,False,0
2026-08-19 09:22:41,37.35,0.2658,0.0444,2.49,-171.95,0.207,NORMAL,1,False,0
2026-08-19 09:22:41,37.45,0.2635,0.041,2.48,-174.35,0.207,NORMAL,1,False,0
2026-08-19 09:22:41,37.49,0.2963,0.0297,2.48,-173.19,0.207,NORMAL,1,False,0
2026-08-19 09:22:41,37.53,0.2662,0.045,2.47,-174.13,0.207,NORMAL,1,False,0
2026-08-19 09:22:41,37.57,0.284,0.0459,2.47,-174.94,0.207,NORMAL,1,False,0
2026-08-19 09:22:41,37.62,0.31,0.0343,2.46,-176.24,0.207,NORMAL,1,False,0
2026-08-19 09:22:41,37.74,0.2946,0.0563,2.46,-178.34,0.207,NORMAL,1,False,0
2026-08-19 09:22:42,37.79,0.3138,0.037,2.45,-179.36,0.207,NORMAL,1,False,0
2026-08-19 09:22:42,37.84,0.2835,0.0298,2.45,-178.39,0.207,NORMAL,1,False,0
2026-08-19 09:22:42,37.88,0.2838,0.0272,2.44,-179.87,0.207,NORMAL,1,False,0
2026-08-19 09:22:42,37.93,0.2792,0.0282,2.44,179.81,0.007,NORMAL,1,False,0
2026-08-19 09:22:42,38.05,0.2999,0.04,2.43,177.68,0.007,NORMAL,1,False,0
2026-08-19 09:22:42,38.1,0.2766,0.0295,2.43,-179.78,0.007,NORMAL,1,False,0
2026-08-19 09:22:42,38.15,0.2769,0.0389,2.25,178.11,0.007,NORMAL,1,False,0
2026-08-19 09:22:42,38.2,0.2714,0.0338,2.25,178.19,0.007,NORMAL,1,False,0
2026-08-19 09:22:42,38.24,0.2795,0.0308,2.25,177.75,0.007,NORMAL,1,False,0
2026-08-19 09:22:42,38.35,0.2477,0.0184,2.25,174.87,0.007,NORMAL,1,False,0
2026-08-19 09:22:42,38.38,0.2628,0.0372,2.25,175.94,0.007,NORMAL,1,False,0
2026-08-19 09:22:42,38.41,0.2391,0.0372,2.25,176.39,0.007,NORMAL,1,False,0
2026-08-19 09:22:42,38.46,0.145,0.0332,2.43,175.01,0.007,NORMAL,1,False,0
2026-08-19 09:22:42,38.51,0.1544,0.0182,2.63,177.55,0.045,NORMAL,1,False,0
2026-08-19 09:22:42,38.6,0.1474,0.0239,2.81,177.25,0.121,NORMAL,1,False,0
2026-08-19 09:22:42,38.65,0.2623,0.0157,2.81,-179.79,0.008,NORMAL,2,False,0
2026-08-19 09:22:42,38.69,0.3172,0.0281,2.81,177.56,0.008,NORMAL,2,False,0
2026-08-19 09:22:42,38.74,0.317,0.0364,2.81,178.37,0.008,NORMAL,2,False,0
2026-08-19 09:22:43,38.79,0.3253,0.0268,2.81,177.7,0.008,NORMAL,2,False,0
2026-08-19 09:22:43,38.88,0.2709,0.039,2.62,177.19,0.008,NORMAL,2,False,0
2026-08-19 09:22:43,38.93,0.175,0.0156,2.81,-179.5,0.008,NORMAL,2,False,0
2026-08-19 09:22:43,38.98,0.1591,0.0406,3.0,-179.89,0.058,NORMAL,2,False,0
2026-08-19 09:22:43,39.01,0.1538,0.0384,3.18,-176.56,0.097,NORMAL,2,False,0
2026-08-19 09:22:43,39.05,0.1768,0.0383,3.37,-174.63,0.144,NORMAL,2,False,0
2026-08-19 09:22:43,39.15,0.266,0.0078,3.37,-160.18,0.073,NORMAL,3,False,0
2026-08-19 09:22:43,39.2,0.2216,0.0108,3.38,-159.23,0.086,NORMAL,3,False,0
2026-08-19 09:22:43,39.24,0.2367,0.0143,3.38,-158.95,0.099,NORMAL,3,False,0
2026-08-19 09:22:43,39.29,0.2205,0.0146,3.38,-158.23,0.112,NORMAL,3,False,0
2026-08-19 09:22:43,39.33,0.2291,0.0189,3.38,-154.97,0.125,NORMAL,3,False,0
2026-08-19 09:22:43,39.43,0.2348,0.0071,3.38,-146.7,0.153,NORMAL,3,False,0
2026-08-19 09:22:43,39.46,0.243,0.0313,3.38,-154.81,0.162,NORMAL,3,False,0
2026-08-19 09:22:43,39.51,0.231,0.0265,3.38,-154.16,0.175,NORMAL,3,False,0
2026-08-19 09:22:43,39.55,0.2351,0.0294,3.38,-154.44,0.188,NORMAL,3,False,0
2026-08-19 09:22:43,39.6,0.2482,0.0225,3.38,-154.15,0.201,NORMAL,3,False,0
2026-08-19 09:22:43,39.7,0.1867,0.029,3.56,-157.68,0.211,NORMAL,3,False,0
2026-08-19 09:22:43,39.74,0.2163,0.0382,3.57,-159.19,0.211,NORMAL,3,False,0
2026-08-19 09:22:44,39.79,0.1927,0.0267,3.76,-160.0,0.211,NORMAL,3,False,0
2026-08-19 09:22:44,39.82,0.2103,0.0276,3.76,-160.77,0.211,NORMAL,3,False,0
2026-08-19 09:22:44,39.85,0.1988,0.0433,3.94,-161.43,0.212,NORMAL,3,False,0
2026-08-19 09:22:44,39.94,0.2155,0.0404,3.94,-161.63,0.212,NORMAL,3,False,0
2026-08-19 09:22:44,39.98,0.2402,0.0427,3.94,-161.34,0.212,NORMAL,3,False,0
2026-08-19 09:22:44,40.01,0.2129,0.0417,3.94,-163.61,0.212,NORMAL,3,False,0
2026-08-19 09:22:44,40.05,0.2242,0.0381,3.94,-161.81,0.212,NORMAL,3,False,0
2026-08-19 09:22:44,40.09,0.2232,0.0403,3.94,-161.38,0.212,NORMAL,3,False,0
2026-08-19 09:22:44,40.2,0.216,0.0391,3.95,-162.48,0.212,NORMAL,3,False,0
2026-08-19 09:22:44,40.24,0.2146,0.0455,3.94,-161.65,0.212,NORMAL,3,False,0
2026-08-19 09:22:44,40.28,0.2273,0.0415,3.94,-162.33,0.212,NORMAL,3,False,0
2026-08-19 09:22:44,40.31,0.2208,0.0473,3.94,-160.74,0.212,NORMAL,3,False,0
2026-08-19 09:22:44,40.35,0.2127,0.0459,3.94,-160.98,0.212,NORMAL,3,False,0
2026-08-19 09:22:44,40.44,0.2122,0.0414,3.93,-161.26,0.212,NORMAL,3,False,0
2026-08-19 09:22:44,40.48,0.2281,0.0311,3.93,-161.76,0.212,NORMAL,3,False,0
2026-08-19 09:22:44,40.51,0.2197,0.0489,3.93,-162.58,0.212,NORMAL,3,False,0
2026-08-19 09:22:44,40.54,0.1986,0.0429,4.11,-161.95,0.212,NORMAL,3,False,0
2026-08-19 09:22:44,40.57,0.2146,0.0507,4.11,-162.25,0.212,NORMAL,3,False,0
2026-08-19 09:22:44,40.66,0.2119,0.0577,4.12,-162.19,0.212,NORMAL,3,False,0
2026-08-19 09:22:44,40.7,0.2091,0.0554,4.11,-164.88,0.212,NORMAL,3,False,0
2026-08-19 09:22:44,40.74,0.2087,0.0525,4.11,-163.41,0.212,NORMAL,3,False,0
2026-08-19 09:22:45,40.79,0.1947,0.0437,4.3,-165.79,0.213,NORMAL,3,False,0
2026-08-19 09:22:45,40.84,0.1962,0.0517,4.49,-163.59,0.254,NORMAL,3,False,0
2026-08-19 09:22:45,40.96,0.2059,0.0496,4.49,-163.01,0.213,NORMAL,4,False,0
2026-08-19 09:22:45,41.01,0.2205,0.052,4.49,-163.56,0.213,NORMAL,4,False,0
2026-08-19 09:22:45,41.05,0.2072,0.0499,4.49,-161.95,0.213,NORMAL,4,False,0
2026-08-19 09:22:45,41.1,0.2096,0.0663,4.49,-163.62,0.213,NORMAL,4,False,0
2026-08-19 09:22:45,41.13,0.2255,0.0529,4.49,-162.73,0.213,NORMAL,4,False,0
2026-08-19 09:22:45,41.23,0.2099,0.066,4.49,-161.89,0.213,NORMAL,4,False,0
2026-08-19 09:22:45,41.27,0.208,0.0391,4.48,-160.61,0.213,NORMAL,4,False,0
2026-08-19 09:22:45,41.3,0.2056,0.0526,4.48,-161.43,0.213,NORMAL,4,False,0
2026-08-19 09:22:45,41.34,0.2107,0.0557,4.47,-162.0,0.213,NORMAL,4,False,0
2026-08-19 09:22:45,41.39,0.2037,0.0478,4.46,-163.0,0.213,NORMAL,4,False,0
2026-08-19 09:22:45,41.49,0.1956,0.0434,4.66,-162.48,0.214,NORMAL,4,False,0
2026-08-19 09:22:45,41.52,0.1885,0.0489,4.85,-163.39,0.241,NORMAL,4,False,0
2026-08-19 09:22:45,41.56,0.1862,0.0665,5.04,-166.02,0.269,NORMAL,4,False,0
2026-08-19 09:22:45,41.6,0.2419,0.0502,5.03,-164.3,0.215,NORMAL,5,False,0
2026-08-19 09:22:45,41.64,0.2808,0.0629,5.02,-165.15,0.215,NORMAL,5,False,0
2026-08-19 09:22:45,41.73,0.2905,0.043,5.04,-171.37,0.215,NORMAL,5,False,0
2026-08-19 09:22:46,41.76,0.314,0.0214,5.04,-172.35,0.215,NORMAL,5,False,0
2026-08-19 09:22:46,41.81,0.3016,0.0321,5.04,-174.87,0.215,NORMAL,5,False,0
2026-08-19 09:22:46,41.84,0.3319,0.0443,5.03,-178.14,0.215,NORMAL,5,False,0
2026-08-19 09:22:46,41.89,0.3433,0.04,5.02,-178.84,0.215,NORMAL,5,False,0
2026-08-19 09:22:46,41.98,0.3321,0.0288,5.04,177.2,0.015,NORMAL,5,False,0
2026-08-19 09:22:46,42.01,0.3419,0.0599,5.03,175.79,0.015,NORMAL,5,False,0
2026-08-19 09:22:46,42.05,0.3456,0.0447,5.03,172.65,0.015,NORMAL,5,False,0
2026-08-19 09:22:46,42.09,0.3326,0.0599,5.03,171.35,0.015,NORMAL,5,False,0
2026-08-19 09:22:46,42.14,0.3606,0.052,5.02,171.91,0.015,NORMAL,5,False,0
2026-08-19 09:22:46,42.22,0.3336,0.0553,5.03,171.63,0.015,NORMAL,5,False,0
2026-08-19 09:22:46,42.26,0.3333,0.0527,5.02,170.68,0.015,NORMAL,5,False,0
2026-08-19 09:22:46,42.31,0.3374,0.0481,5.03,169.59,0.015,NORMAL,5,False,0
2026-08-19 09:22:46,42.36,0.3386,0.0472,5.03,163.49,0.015,NORMAL,5,False,0
2026-08-19 09:22:46,42.39,0.3586,0.052,5.02,168.86,0.015,NORMAL,5,False,0
2026-08-19 09:22:46,42.48,0.3575,0.0427,5.03,168.57,0.015,NORMAL,5,False,0
2026-08-19 09:22:46,42.51,0.3598,0.0501,5.03,167.97,0.015,NORMAL,5,False,0
2026-08-19 09:22:46,42.56,0.361,0.0411,5.03,162.47,0.015,NORMAL,5,False,0
2026-08-19 09:22:46,42.62,0.3395,0.0433,5.03,168.91,0.015,NORMAL,5,False,0
2026-08-19 09:22:46,42.66,0.3293,0.0303,5.02,161.82,0.015,NORMAL,5,False,0
2026-08-19 09:22:46,42.75,0.3544,0.038,5.03,161.38,0.015,NORMAL,5,False,0
2026-08-19 09:22:47,42.8,0.3403,0.0382,5.03,168.81,0.015,NORMAL,5,False,0
2026-08-19 09:22:47,42.83,0.3523,0.0344,5.03,161.58,0.015,NORMAL,5,False,0
2026-08-19 09:22:47,42.86,0.3546,0.0401,5.03,167.65,0.015,NORMAL,5,False,0
2026-08-19 09:22:47,42.9,0.3333,0.0315,5.02,168.3,0.015,NORMAL,5,False,0
2026-08-19 09:22:47,42.98,0.3422,0.0387,5.02,161.28,0.015,NORMAL,5,False,0
2026-08-19 09:22:47,43.02,0.3548,0.0175,5.02,161.14,0.015,NORMAL,5,False,0
2026-08-19 09:22:47,43.08,0.3472,0.0461,5.03,160.28,0.015,NORMAL,5,False,0
2026-08-19 09:22:47,43.11,0.3523,0.0342,5.02,166.19,0.015,NORMAL,5,False,0
2026-08-19 09:22:47,43.14,0.341,0.0273,5.02,159.84,0.015,NORMAL,5,False,0
2026-08-19 09:22:47,43.22,0.3288,0.0393,5.02,166.47,0.015,NORMAL,5,False,0
2026-08-19 09:22:47,43.27,0.3429,0.049,5.02,159.54,0.015,NORMAL,5,False,0
2026-08-19 09:22:47,43.3,0.3532,0.0377,5.02,167.62,0.015,NORMAL,5,False,0
2026-08-19 09:22:47,43.35,0.3341,0.0464,5.02,159.31,0.015,NORMAL,5,False,0
2026-08-19 09:22:47,43.4,0.353,0.0326,5.02,159.53,0.015,NORMAL,5,False,0
2026-08-19 09:22:47,43.49,0.3431,0.0504,5.02,166.3,0.015,NORMAL,5,False,0
2026-08-19 09:22:47,43.52,0.3327,0.0316,5.02,166.96,0.015,NORMAL,5,False,0
2026-08-19 09:22:47,43.55,0.3153,0.0611,5.02,167.55,0.015,NORMAL,5,False,0
2026-08-19 09:22:47,43.58,0.3265,0.0606,5.01,167.86,0.015,NORMAL,5,False,0
2026-08-19 09:22:47,43.61,0.311,0.0532,5.01,167.77,0.015,NORMAL,5,False,0
2026-08-19 09:22:47,43.7,0.2989,0.0699,5.01,167.61,0.015,NORMAL,5,False,0
2026-08-19 09:22:47,43.74,0.3152,0.0527,5.0,167.23,0.015,NORMAL,5,False,0
2026-08-19 09:22:48,43.78,0.3174,0.0487,5.0,168.06,0.015,NORMAL,5,False,0
2026-08-19 09:22:48,43.82,0.3212,0.0515,4.99,169.3,0.015,NORMAL,5,False,0
2026-08-19 09:22:48,43.85,0.3065,0.0539,4.99,168.37,0.015,NORMAL,5,False,0
2026-08-19 09:22:48,43.93,0.3092,0.0318,5.0,167.3,0.015,NORMAL,5,False,0
2026-08-19 09:22:48,43.96,0.307,0.0423,5.0,168.93,0.015,NORMAL,5,False,0
2026-08-19 09:22:48,44.01,0.3143,0.0434,4.99,167.96,0.015,NORMAL,5,False,0
2026-08-19 09:22:48,44.04,0.2934,0.0413,4.98,166.59,0.015,NORMAL,5,False,0
2026-08-19 09:22:48,44.07,0.3065,0.0288,4.98,167.79,0.015,NORMAL,5,False,0
2026-08-19 09:22:48,44.18,0.3198,0.0254,5.0,166.95,0.015,NORMAL,5,False,0
2026-08-19 09:22:48,44.21,0.2966,0.0419,5.0,165.16,0.015,NORMAL,5,False,0
2026-08-19 09:22:48,44.25,0.2989,0.0377,4.99,166.4,0.015,NORMAL,5,False,0
2026-08-19 09:22:48,44.29,0.2896,0.0474,4.99,165.57,0.015,NORMAL,5,False,0
2026-08-19 09:22:48,44.32,0.2855,0.04,4.98,164.9,0.015,NORMAL,5,False,0
2026-08-19 09:22:48,44.39,0.2987,0.0476,4.99,166.02,0.015,NORMAL,5,False,0
2026-08-19 09:22:48,44.43,0.3029,0.0268,4.99,165.63,0.015,NORMAL,5,False,0
2026-08-19 09:22:48,44.48,0.2822,0.0441,4.99,166.35,0.015,NORMAL,5,False,0
2026-08-19 09:22:48,44.51,0.2758,0.036,4.98,166.1,0.015,NORMAL,5,False,0
2026-08-19 09:22:48,44.54,0.2894,0.0359,4.97,165.35,0.015,NORMAL,5,False,0
2026-08-19 09:22:48,44.62,0.2789,0.0428,4.98,166.24,0.015,NORMAL,5,False,0
2026-08-19 09:22:48,44.65,0.2945,0.0434,4.98,166.48,0.015,NORMAL,5,False,0
2026-08-19 09:22:48,44.68,0.3111,0.0525,4.98,167.87,0.015,NORMAL,5,False,0
2026-08-19 09:22:48,44.72,0.2753,0.0458,4.98,167.34,0.015,NORMAL,5,False,0
2026-08-19 09:22:48,44.76,0.2808,0.0581,4.97,167.92,0.015,NORMAL,5,False,0
2026-08-19 09:22:49,44.85,0.2776,0.0587,4.98,169.81,0.015,NORMAL,5,False,0
2026-08-19 09:22:49,44.89,0.2801,0.0587,4.97,168.88,0.015,NORMAL,5,False,0
2026-08-19 09:22:49,44.94,0.2895,0.0618,4.98,169.97,0.015,NORMAL,5,False,0
2026-08-19 09:22:49,44.97,0.3097,0.0592,4.97,168.8,0.015,NORMAL,5,False,0
2026-08-19 09:22:49,45.05,0.2863,0.0805,4.97,169.58,0.015,NORMAL,5,False,0
2026-08-19 09:22:49,45.13,0.3029,0.0671,4.98,169.0,0.015,NORMAL,5,False,0
2026-08-19 09:22:49,45.17,0.305,0.0559,4.99,169.14,0.015,NORMAL,5,False,0
2026-08-19 09:22:49,45.21,0.3032,0.0731,4.99,168.86,0.015,NORMAL,5,False,0
2026-08-19 09:22:49,45.25,0.3153,0.0685,4.98,168.01,0.015,NORMAL,5,False,0
2026-08-19 09:22:49,45.28,0.3247,0.0693,4.97,169.09,0.015,NORMAL,5,False,0
2026-08-19 09:22:49,45.38,0.3044,0.0593,4.98,168.26,0.015,NORMAL,5,False,0
2026-08-19 09:22:49,45.43,0.2996,0.073,4.98,168.07,0.015,NORMAL,5,False,0
2026-08-19 09:22:49,45.48,0.3246,0.0802,4.98,168.2,0.015,NORMAL,5,False,0
2026-08-19 09:22:49,45.53,0.3132,0.0674,4.98,169.26,0.015,NORMAL,5,False,0
2026-08-19 09:22:49,45.58,0.3195,0.0587,4.97,168.96,0.015,NORMAL,5,False,0
2026-08-19 09:22:49,45.68,0.3134,0.0719,4.99,169.92,0.015,NORMAL,5,False,0
2026-08-19 09:22:49,45.73,0.3246,0.0751,5.0,169.72,0.015,NORMAL,5,False,0
2026-08-19 09:22:50,45.78,0.3213,0.0573,4.99,170.71,0.015,NORMAL,5,False,0
2026-08-19 09:22:50,45.83,0.3131,0.0641,4.99,170.44,0.015,NORMAL,5,False,0
2026-08-19 09:22:50,45.86,0.3147,0.0804,4.98,170.26,0.015,NORMAL,5,False,0
2026-08-19 09:22:50,45.93,0.3126,0.0563,4.99,170.81,0.015,NORMAL,5,False,0
2026-08-19 09:22:50,45.97,0.3143,0.0525,4.99,170.6,0.015,NORMAL,5,False,0
2026-08-19 09:22:50,46.0,0.3082,0.0642,4.98,170.41,0.015,NORMAL,5,False,0
2026-08-19 09:22:50,46.04,0.3209,0.0562,4.98,169.7,0.015,NORMAL,5,False,0
2026-08-19 09:22:50,46.09,0.3184,0.0559,4.97,170.56,0.015,NORMAL,5,False,0
2026-08-19 09:22:50,46.19,0.3182,0.0425,4.98,170.93,0.015,NORMAL,5,False,0
2026-08-19 09:22:50,46.22,0.3143,0.0388,4.97,171.51,0.015,NORMAL,5,False,0
2026-08-19 09:22:50,46.26,0.3093,0.0379,4.98,171.08,0.015,NORMAL,5,False,0
2026-08-19 09:22:50,46.31,0.3357,0.043,4.98,171.95,0.015,NORMAL,5,False,0
2026-08-19 09:22:50,46.36,0.328,0.0387,4.98,171.93,0.015,NORMAL,5,False,0
2026-08-19 09:22:50,46.47,0.3237,0.0288,5.0,171.74,0.015,NORMAL,5,False,0
2026-08-19 09:22:50,46.52,0.3368,0.0555,5.0,172.38,0.015,NORMAL,5,False,0
2026-08-19 09:22:50,46.56,0.328,0.0449,4.99,172.36,0.015,NORMAL,5,False,0
2026-08-19 09:22:50,46.61,0.3215,0.0487,4.99,172.54,0.015,NORMAL,5,False,0
2026-08-19 09:22:50,46.64,0.3171,0.0485,4.99,171.84,0.015,NORMAL,5,False,0
2026-08-19 09:22:50,46.72,0.312,0.0465,5.0,171.8,0.015,NORMAL,5,False,0
2026-08-19 09:22:51,46.76,0.3089,0.0547,5.0,171.65,0.015,NORMAL,5,False,0
2026-08-19 09:22:51,46.8,0.3153,0.0598,4.99,172.51,0.015,NORMAL,5,False,0
2026-08-19 09:22:51,46.84,0.3179,0.0592,4.99,170.81,0.015,NORMAL,5,False,0
2026-08-19 09:22:51,46.88,0.3262,0.0662,4.98,169.46,0.015,NORMAL,5,False,0
2026-08-19 09:22:51,46.96,0.3151,0.0666,5.0,170.68,0.015,NORMAL,5,False,0
2026-08-19 09:22:51,47.02,0.3136,0.0611,5.0,169.86,0.015,NORMAL,5,False,0
2026-08-19 09:22:51,47.06,0.3369,0.0689,4.99,171.09,0.015,NORMAL,5,False,0
2026-08-19 09:22:51,47.11,0.3141,0.075,4.99,170.06,0.015,NORMAL,5,False,0
2026-08-19 09:22:51,47.16,0.3377,0.0648,4.99,169.94,0.015,NORMAL,5,False,0
2026-08-19 09:22:51,47.26,0.3271,0.0568,5.0,168.91,0.015,NORMAL,5,False,0
2026-08-19 09:22:51,47.3,0.3234,0.0564,5.0,169.04,0.015,NORMAL,5,False,0
2026-08-19 09:22:51,47.34,0.3271,0.0675,4.99,171.6,0.015,NORMAL,5,False,0
2026-08-19 09:22:51,47.38,0.3285,0.0538,4.98,171.24,0.015,NORMAL,5,False,0
2026-08-19 09:22:51,47.43,0.3278,0.0666,4.98,173.4,0.015,NORMAL,5,False,0
2026-08-19 09:22:51,47.52,0.3013,0.0631,4.99,172.84,0.015,NORMAL,5,False,0
2026-08-19 09:22:51,47.56,0.2984,0.0598,4.99,170.75,0.015,NORMAL,5,False,0
2026-08-19 09:22:51,47.6,0.2557,0.0567,4.99,172.69,0.015,NORMAL,5,False,0
2026-08-19 09:22:51,47.64,0.2393,0.0726,4.98,174.54,0.015,NORMAL,5,False,0
2026-08-19 09:22:51,47.69,0.269,0.0645,4.98,175.67,0.015,NORMAL,5,False,0
2026-08-19 09:22:52,47.79,0.2651,0.0779,4.99,174.61,0.015,NORMAL,5,False,0
2026-08-19 09:22:52,47.83,0.2541,0.065,4.99,174.2,0.015,NORMAL,5,False,0
2026-08-19 09:22:52,47.86,0.2694,0.0482,4.99,176.61,0.015,NORMAL,5,False,0
2026-08-19 09:22:52,47.91,0.2783,0.0388,4.98,177.15,0.015,NORMAL,5,False,0
2026-08-19 09:22:52,47.95,0.2952,0.0304,4.98,179.38,0.015,NORMAL,5,False,0
2026-08-19 09:22:52,48.08,0.3014,0.0369,5.0,-175.04,0.015,NORMAL,5,False,0
2026-08-19 09:22:52,48.12,0.2971,0.039,5.0,-174.82,0.028,NORMAL,5,False,0
2026-08-19 09:22:52,48.17,0.2614,0.0525,4.99,-172.77,0.04,NORMAL,5,False,0
2026-08-19 09:22:52,48.2,0.3083,0.0313,4.98,-169.25,0.05,NORMAL,5,False,0
2026-08-19 09:22:52,48.23,0.3299,0.0378,4.98,-167.99,0.058,NORMAL,5,False,0
2026-08-19 09:22:52,48.31,0.3422,0.0136,4.99,-163.49,0.079,NORMAL,5,False,0
2026-08-19 09:22:52,48.34,0.3511,0.0237,4.98,-163.46,0.09,NORMAL,5,False,0
2026-08-19 09:22:52,48.38,0.3412,0.009,4.98,-162.85,0.099,NORMAL,5,False,0
2026-08-19 09:22:52,48.42,0.3158,0.0133,4.98,-159.28,0.113,NORMAL,5,False,0
2026-08-19 09:22:52,48.46,0.3205,0.01,4.97,-159.31,0.122,NORMAL,5,False,0
2026-08-19 09:22:52,48.54,0.3394,0.0118,4.97,-153.53,0.146,NORMAL,5,False,0
2026-08-19 09:22:52,48.58,0.3372,0.0109,4.97,-156.17,0.159,NORMAL,5,False,0
2026-08-19 09:22:52,48.63,0.3339,0.008,4.97,-152.55,0.172,NORMAL,5,False,0
2026-08-19 09:22:52,48.66,0.3454,0.022,4.97,-157.58,0.181,NORMAL,5,False,0
2026-08-19 09:22:52,48.71,0.3263,0.0291,4.97,-158.66,0.194,NORMAL,5,False,0
2026-08-19 09:22:53,48.8,0.3218,0.0289,4.97,-158.95,0.215,NORMAL,5,False,0
2026-08-19 09:22:53,48.83,0.3255,0.0302,4.96,-158.9,0.215,NORMAL,5,False,0
2026-08-19 09:22:53,48.87,0.3101,0.028,4.96,-158.09,0.215,NORMAL,5,False,0
2026-08-19 09:22:53,48.9,0.3089,0.0142,4.96,-159.28,0.215,NORMAL,5,False,0
2026-08-19 09:22:53,48.93,0.3158,0.0177,4.96,-159.44,0.215,NORMAL,5,False,0
2026-08-19 09:22:53,49.0,0.3099,0.0222,4.96,-158.42,0.215,NORMAL,5,False,0
2026-08-19 09:22:53,49.04,0.2936,0.0274,4.96,-157.84,0.215,NORMAL,5,False,0
2026-08-19 09:22:53,49.08,0.319,0.0233,4.96,-159.68,0.215,NORMAL,5,False,0
2026-08-19 09:22:53,49.12,0.3155,0.0213,4.96,-159.52,0.215,NORMAL,5,False,0
2026-08-19 09:22:53,49.17,0.321,0.0226,4.97,-160.05,0.215,NORMAL,5,False,0
2026-08-19 09:22:53,49.25,0.3153,0.0355,4.96,-161.38,0.215,NORMAL,5,False,0
2026-08-19 09:22:53,49.3,0.3068,0.0326,4.96,-161.97,0.215,NORMAL,5,False,0
2026-08-19 09:22:53,49.34,0.2855,0.0263,4.96,-162.95,0.215,NORMAL,5,False,0
2026-08-19 09:22:53,49.37,0.2948,0.0334,4.96,-162.16,0.215,NORMAL,5,False,0
2026-08-19 09:22:53,49.41,0.2677,0.0289,4.96,-161.19,0.215,NORMAL,5,False,0
2026-08-19 09:22:53,49.51,0.2655,0.0491,4.96,-163.12,0.215,NORMAL,5,False,0
2026-08-19 09:22:53,49.55,0.3296,0.0336,4.96,-160.8,0.215,NORMAL,5,False,0
2026-08-19 09:22:53,49.6,0.3061,0.0369,4.96,-159.61,0.215,NORMAL,5,False,0
2026-08-19 09:22:53,49.64,0.3079,0.0377,4.96,-158.9,0.215,NORMAL,5,False,0
2026-08-19 09:22:53,49.68,0.303,0.0403,4.96,-161.84,0.215,NORMAL,5,False,0
2026-08-19 09:22:54,49.78,0.2858,0.015,4.97,-162.58,0.215,NORMAL,5,False,0
2026-08-19 09:22:54,49.82,0.3232,0.0176,4.97,-165.93,0.215,NORMAL,5,False,0
2026-08-19 09:22:54,49.85,0.2944,0.0245,4.97,-169.62,0.215,NORMAL,5,False,0
2026-08-19 09:22:54,49.88,0.3048,0.0505,4.97,-167.7,0.215,NORMAL,5,False,0
2026-08-19 09:22:54,49.91,0.3288,0.0503,4.96,-169.1,0.215,NORMAL,5,False,0
2026-08-19 09:22:54,50.0,0.3092,0.0394,4.96,-164.85,0.215,NORMAL,5,False,0
2026-08-19 09:22:54,50.04,0.2908,0.0352,4.96,-169.24,0.215,NORMAL,5,False,0
2026-08-19 09:22:54,50.07,0.2834,0.0235,4.96,-171.48,0.215,NORMAL,5,False,0
2026-08-19 09:22:54,50.12,0.2894,0.0501,4.96,-166.41,0.215,NORMAL,5,False,0
2026-08-19 09:22:54,50.17,0.3198,0.0318,4.96,-163.23,0.215,NORMAL,5,False,0
2026-08-19 09:22:54,50.26,0.3296,0.0378,4.96,-163.65,0.215,NORMAL,5,False,0
2026-08-19 09:22:54,50.31,0.3183,0.0145,4.96,-163.26,0.215,NORMAL,5,False,0
2026-08-19 09:22:54,50.34,0.3349,0.0309,4.96,-166.86,0.215,NORMAL,5,False,0
2026-08-19 09:22:54,50.38,0.3504,0.0356,4.95,-164.46,0.215,NORMAL,5,False,0
2026-08-19 09:22:54,50.42,0.3375,0.0454,4.95,-163.18,0.215,NORMAL,5,False,0
2026-08-19 09:22:54,50.51,0.3462,0.0479,4.96,-163.6,0.215,NORMAL,5,False,0
2026-08-19 09:22:54,50.54,0.3378,0.0329,4.95,-161.91,0.215,NORMAL,5,False,0
2026-08-19 09:22:54,50.57,0.3455,0.0423,4.95,-163.0,0.215,NORMAL,5,False,0
2026-08-19 09:22:54,50.6,0.3431,0.0405,4.95,-169.39,0.215,NORMAL,5,False,0
2026-08-19 09:22:54,50.64,0.3424,0.0413,4.95,-162.86,0.215,NORMAL,5,False,0
2026-08-19 09:22:54,50.73,0.357,0.0318,4.95,-163.12,0.215,NORMAL,5,False,0
2026-08-19 09:22:55,50.76,0.3531,0.0331,4.95,-162.93,0.215,NORMAL,5,False,0
2026-08-19 09:22:55,50.81,0.3508,0.0349,4.95,-162.28,0.215,NORMAL,5,False,0
2026-08-19 09:22:55,50.85,0.328,0.039,4.95,-159.49,0.215,NORMAL,5,False,0
2026-08-19 09:22:55,50.9,0.2865,0.0469,4.95,-159.97,0.215,NORMAL,5,False,0
2026-08-19 09:22:55,50.99,0.3104,0.0399,4.95,-158.0,0.215,NORMAL,5,False,0
2026-08-19 09:22:55,51.04,0.3132,0.0065,4.95,-151.11,0.215,NORMAL,5,False,0
2026-08-19 09:22:55,51.08,0.3346,0.0092,4.95,-148.11,0.215,NORMAL,5,False,0
2026-08-19 09:22:55,51.12,0.3091,0.0075,4.95,-149.26,0.215,NORMAL,5,False,0
2026-08-19 09:22:55,51.17,0.3477,0.0066,4.95,-149.12,0.215,NORMAL,5,False,0
2026-08-19 09:22:55,51.26,0.3336,0.0226,4.95,-155.52,0.215,NORMAL,5,False,0
2026-08-19 09:22:55,51.29,0.3543,0.0146,4.95,-156.1,0.215,NORMAL,5,False,0
2026-08-19 09:22:55,51.33,0.3378,0.0155,4.95,-156.02,0.215,NORMAL,5,False,0
2026-08-19 09:22:55,51.35,0.3303,0.0107,4.94,-156.99,0.215,NORMAL,5,False,0
2026-08-19 09:22:55,51.38,0.316,0.0084,4.93,-157.73,0.215,NORMAL,5,False,0
2026-08-19 09:22:55,51.47,0.3085,0.013,4.94,-159.47,0.215,NORMAL,5,False,0
2026-08-19 09:22:55,51.53,0.3152,0.0383,4.94,-161.78,0.215,NORMAL,5,False,0
2026-08-19 09:22:55,51.57,0.3505,0.0271,4.95,-164.21,0.215,NORMAL,5,False,0
2026-08-19 09:22:55,51.62,0.3386,0.0213,4.94,-169.9,0.215,NORMAL,5,False,0
2026-08-19 09:22:55,51.67,0.3366,0.0427,4.93,-169.93,0.215,NORMAL,5,False,0
2026-08-19 09:22:55,51.76,0.3269,0.0565,4.94,-170.54,0.215,NORMAL,5,False,0
2026-08-19 09:22:56,51.79,0.3259,0.0396,4.94,-172.9,0.215,NORMAL,5,False,0
2026-08-19 09:22:56,51.83,0.3367,0.0327,4.94,-173.57,0.215,NORMAL,5,False,0
2026-08-19 09:22:56,51.86,0.3665,0.0418,4.94,-175.29,0.215,NORMAL,5,False,0
2026-08-19 09:22:56,51.9,0.3668,0.038,4.93,-176.45,0.215,NORMAL,5,False,0
2026-08-19 09:22:56,52.01,0.3414,0.0305,4.94,-177.54,0.215,NORMAL,5,False,0
2026-08-19 09:22:56,52.06,0.3533,0.0565,4.94,-177.17,0.215,NORMAL,5,False,0
2026-08-19 09:22:56,52.11,0.3314,0.0858,4.94,-176.37,0.215,NORMAL,5,False,0
2026-08-19 09:22:56,52.15,0.3285,0.2974,4.94,-176.53,0.215,NORMAL,5,False,0
2026-08-19 09:22:56,52.18,0.3514,0.2983,4.93,-177.37,0.215,NORMAL,5,False,0
2026-08-19 09:22:56,52.27,0.3466,0.3094,4.93,-176.86,0.215,NORMAL,5,False,0
2026-08-19 09:22:56,52.31,0.318,0.3672,4.93,-177.54,0.215,NORMAL,5,False,0
2026-08-19 09:22:56,52.34,0.3082,0.3162,4.93,-176.83,0.215,NORMAL,5,False,0
2026-08-19 09:22:56,52.39,0.3152,0.3338,4.93,-177.69,0.215,NORMAL,5,False,0
2026-08-19 09:22:56,52.43,0.3122,0.3337,4.93,-176.82,0.215,NORMAL,5,False,0
2026-08-19 09:22:56,52.53,0.3627,0.389,4.93,-177.68,0.215,NORMAL,5,False,0
2026-08-19 09:22:56,52.57,0.3459,0.3085,4.93,-177.03,0.215,NORMAL,5,False,0
2026-08-19 09:22:56,52.61,0.3221,0.3495,4.93,-176.34,0.215,NORMAL,5,False,0
2026-08-19 09:22:56,52.65,0.296,0.3718,4.93,-178.1,0.215,NORMAL,5,False,0
2026-08-19 09:22:56,52.69,0.1944,0.3114,5.11,179.54,0.015,NORMAL,5,False,0
2026-08-19 09:22:56,52.76,0.1766,0.3211,5.28,178.32,0.072,NORMAL,5,False,0
2026-08-19 09:22:57,52.79,0.1823,0.2672,5.46,-179.39,0.102,NORMAL,5,False,0
2026-08-19 09:22:57,52.84,0.1742,0.2366,5.65,-177.73,0.15,NORMAL,5,False,0
2026-08-19 09:22:57,52.89,0.1722,0.0777,5.83,-177.41,0.204,NORMAL,5,False,0
2026-08-19 09:22:57,52.93,0.1934,0.0667,6.01,-176.98,0.255,NORMAL,5,False,0
2026-08-19 09:22:57,53.01,0.1765,0.075,6.19,-176.48,0.342,MILD FATIGUE,5,False,0
2026-08-19 09:22:57,53.06,0.1673,0.075,6.38,-174.79,0.396,MILD FATIGUE,5,False,0
2026-08-19 09:22:57,53.11,0.1817,0.0599,6.56,-172.07,0.443,MILD FATIGUE,5,False,0
2026-08-19 09:22:57,53.15,0.163,0.0719,6.74,-170.56,0.493,MILD FATIGUE,5,False,0
2026-08-19 09:22:57,53.21,0.1836,0.0612,6.92,-168.14,0.539,DROWSY,5,False,0
2026-08-19 09:22:57,53.32,0.1833,0.0446,7.1,-162.83,0.571,DROWSY,5,False,0
2026-08-19 09:22:57,53.36,0.1909,0.0644,7.29,-161.86,0.582,DROWSY,5,False,0
2026-08-19 09:22:57,53.4,0.1988,0.044,7.47,-159.64,0.595,DROWSY,5,False,0
2026-08-19 09:22:57,53.45,0.2064,0.0265,7.47,-156.38,0.209,NORMAL,6,False,0
2026-08-19 09:22:57,53.48,0.2108,0.0325,7.48,-156.07,0.218,NORMAL,6,False,0
2026-08-19 09:22:57,53.57,0.2408,0.0116,7.47,-150.29,0.222,NORMAL,6,False,0
2026-08-19 09:22:57,53.61,0.2379,0.0202,7.47,-150.91,0.222,NORMAL,6,False,0
2026-08-19 09:22:57,53.65,0.2498,0.0324,7.47,-151.73,0.222,NORMAL,6,False,0
2026-08-19 09:22:57,53.7,0.2491,0.0329,7.48,-151.72,0.222,NORMAL,6,False,0
2026-08-19 09:22:57,53.75,0.2585,0.0278,7.47,-152.66,0.222,NORMAL,6,False,0
2026-08-19 09:22:58,53.86,0.2616,0.0157,7.47,-148.63,0.222,NORMAL,6,False,0
2026-08-19 09:22:58,53.9,0.2566,0.0076,7.48,-150.34,0.222,NORMAL,6,False,0
2026-08-19 09:22:58,53.96,0.2671,0.0169,7.48,-149.99,0.222,NORMAL,6,False,0
2026-08-19 09:22:58,54.01,0.272,0.0147,7.48,-152.95,0.222,NORMAL,6,False,0
2026-08-19 09:22:58,54.04,0.2672,0.038,7.48,-153.73,0.222,NORMAL,6,False,0
2026-08-19 09:22:58,54.15,0.2596,0.0321,7.48,-153.9,0.222,NORMAL,6,False,0
2026-08-19 09:22:58,54.2,0.266,0.0316,7.48,-156.38,0.222,NORMAL,6,False,0
2026-08-19 09:22:58,54.25,0.2588,0.0205,7.48,-158.69,0.222,NORMAL,6,False,0
2026-08-19 09:22:58,54.3,0.2698,0.0174,7.48,-165.22,0.222,NORMAL,6,False,0
2026-08-19 09:22:58,54.34,0,0,0,0,0,NORMAL,6,False,0
2026-08-19 09:22:58,54.39,0.3278,0.0157,7.48,-173.85,0.222,NORMAL,6,False,0
2026-08-19 09:22:58,54.43,0.2693,0.026,7.48,38.17,0.022,NORMAL,6,False,0
2026-08-19 09:22:58,54.48,0.3097,0.0163,7.48,-173.32,0.022,NORMAL,6,False,0
2026-08-19 09:22:58,54.53,0.2852,0.0384,7.48,-176.04,0.036,NORMAL,6,False,0
2026-08-19 09:22:58,54.56,0.3486,0.032,7.48,-170.97,0.045,NORMAL,6,False,0
2026-08-19 09:22:58,54.67,0.3629,0.0837,7.48,-151.93,0.078,NORMAL,6,False,0
2026-08-19 09:22:58,54.71,0.2415,0.015,7.48,-164.71,0.089,NORMAL,6,False,0
2026-08-19 09:22:59,54.76,0.194,0.025,7.66,174.22,0.023,NORMAL,6,False,0
2026-08-19 09:22:59,54.81,0.2018,0.0478,7.66,174.17,0.023,NORMAL,6,False,0
2026-08-19 09:22:59,54.86,0.2392,0.0288,7.66,177.88,0.023,NORMAL,6,False,0
2026-08-19 09:22:59,54.98,0.2093,0.0352,7.66,175.96,0.023,NORMAL,6,False,0
2026-08-19 09:22:59,55.01,0.2094,0.0539,7.66,170.95,0.023,NORMAL,6,False,0
2026-08-19 09:22:59,55.06,0.2098,0.0505,7.66,173.98,0.023,NORMAL,6,False,0
2026-08-19 09:22:59,55.11,0.1915,0.0378,7.85,173.88,0.024,NORMAL,6,False,0
2026-08-19 09:22:59,55.16,0.1513,0.0383,8.03,172.1,0.064,NORMAL,6,False,0
2026-08-19 09:22:59,55.29,0.2207,0.0359,8.04,174.19,0.024,NORMAL,7,False,0
2026-08-19 09:22:59,55.34,0.304,0.0338,8.04,175.09,0.024,NORMAL,7,False,0
2026-08-19 09:22:59,55.39,0.3031,0.0244,8.04,174.88,0.024,NORMAL,7,False,0
2026-08-19 09:22:59,55.43,0.3074,0.0279,8.04,174.52,0.024,NORMAL,7,False,0
2026-08-19 09:22:59,55.48,0.3234,0.0378,8.04,174.31,0.024,NORMAL,7,False,0
2026-08-19 09:22:59,55.58,0.317,0.0251,8.04,176.72,0.024,NORMAL,7,False,0
2026-08-19 09:22:59,55.62,0.3271,0.025,8.04,177.56,0.024,NORMAL,7,False,0
2026-08-19 09:22:59,55.67,0.3092,0.0332,8.04,176.96,0.024,NORMAL,7,False,0
2026-08-19 09:22:59,55.71,0.3164,0.028,8.04,176.96,0.024,NORMAL,7,False,0
2026-08-19 09:22:59,55.74,0.3261,0.0282,8.04,175.31,0.024,NORMAL,7,False,0
2026-08-19 09:23:00,55.87,0.3112,0.0418,8.06,172.61,0.024,NORMAL,7,False,0
2026-08-19 09:23:00,55.91,0.3422,0.0258,8.04,171.36,0.024,NORMAL,7,False,0
2026-08-19 09:23:00,55.95,0.3176,0.0344,8.06,169.46,0.024,NORMAL,7,False,0
2026-08-19 09:23:00,56.0,0.3354,0.0234,8.06,169.99,0.024,NORMAL,7,False,0
2026-08-19 09:23:00,56.04,0.3072,0.0301,8.04,169.32,0.024,NORMAL,7,False,0
2026-08-19 09:23:00,56.14,0.3066,0.1037,8.06,170.09,0.024,NORMAL,7,False,0
2026-08-19 09:23:00,56.2,0.307,0.1726,8.06,170.93,0.024,NORMAL,7,False,0
2026-08-19 09:23:00,56.23,0.3133,0.1981,8.06,171.09,0.024,NORMAL,7,False,0
2026-08-19 09:23:00,56.27,0.3107,0.2154,8.04,172.1,0.024,NORMAL,7,False,0
2026-08-19 09:23:00,56.36,0.3133,0.1645,8.04,172.02,0.024,NORMAL,7,False,0
2026-08-19 09:23:00,56.47,0.2895,0.1258,8.06,173.17,0.024,NORMAL,7,False,0
2026-08-19 09:23:00,56.5,0.3111,0.125,8.06,172.92,0.024,NORMAL,7,False,0
2026-08-19 09:23:00,56.53,0.32,0.1021,8.06,174.63,0.024,NORMAL,7,False,0
2026-08-19 09:23:00,56.56,0.3021,0.0842,8.04,174.35,0.024,NORMAL,7,False,0
2026-08-19 09:23:00,56.61,0.3132,0.1079,8.04,173.77,0.024,NORMAL,7,False,0
2026-08-19 09:23:00,56.71,0.3168,0.0967,8.04,172.85,0.024,NORMAL,7,False,0
2026-08-19 09:23:00,56.75,0.3323,0.0919,8.04,171.55,0.024,NORMAL,7,False,0
2026-08-19 09:23:01,56.8,0.3376,0.0862,8.04,172.17,0.024,NORMAL,7,False,0
2026-08-19 09:23:01,56.85,0.3374,0.097,8.04,171.67,0.024,NORMAL,7,False,0
2026-08-19 09:23:01,56.89,0.3303,0.1205,8.04,171.5,0.024,NORMAL,7,False,0
2026-08-19 09:23:01,56.97,0.3252,0.1372,8.03,171.75,0.024,NORMAL,7,False,0
2026-08-19 09:23:01,57.0,0.3358,0.0961,8.03,172.17,0.024,NORMAL,7,False,0
2026-08-19 09:23:01,57.03,0.3445,0.1181,8.03,172.06,0.024,NORMAL,7,False,0
2026-08-19 09:23:01,57.06,0.332,0.1392,8.03,171.5,0.024,NORMAL,7,False,0
2026-08-19 09:23:01,57.09,0.3326,0.0991,8.03,172.63,0.024,NORMAL,7,False,0
2026-08-19 09:23:01,57.17,0.3255,0.1031,8.03,172.43,0.024,NORMAL,7,False,0
2026-08-19 09:23:01,57.23,0.3405,0.1006,8.03,171.74,0.024,NORMAL,7,False,0
2026-08-19 09:23:01,57.27,0.3307,0.1127,8.03,172.34,0.024,NORMAL,7,False,0
2026-08-19 09:23:01,57.32,0.3312,0.0955,8.03,172.44,0.024,NORMAL,7,False,0
2026-08-19 09:23:01,57.35,0.3249,0.1007,8.03,171.25,0.024,NORMAL,7,False,0
2026-08-19 09:23:01,57.46,0.3275,0.0908,8.03,172.66,0.024,NORMAL,7,False,0
2026-08-19 09:23:01,57.5,0.3323,0.0928,8.01,172.76,0.024,NORMAL,7,False,0
2026-08-19 09:23:01,57.53,0.3159,0.0968,8.01,172.8,0.024,NORMAL,7,False,0
2026-08-19 09:23:01,57.56,0.3278,0.0872,8.01,173.11,0.024,NORMAL,7,False,0
2026-08-19 09:23:01,57.6,0.3195,0.0898,8.0,171.83,0.024,NORMAL,7,False,0
2026-08-19 09:23:01,57.68,0.3048,0.0784,8.01,171.09,0.024,NORMAL,7,False,0
2026-08-19 09:23:01,57.72,0.3106,0.0908,8.0,172.62,0.024,NORMAL,7,False,0
2026-08-19 09:23:01,57.75,0.3232,0.0808,8.0,172.66,0.024,NORMAL,7,False,0
2026-08-19 09:23:02,57.8,0.3322,0.088,7.99,173.74,0.024,NORMAL,7,False,0
2026-08-19 09:23:02,57.83,0.3066,0.0822,7.97,171.78,0.024,NORMAL,7,False,0
2026-08-19 09:23:02,57.91,0.3178,0.0707,7.8,172.13,0.023,NORMAL,7,False,0
2026-08-19 09:23:02,57.96,0.3256,0.0644,7.8,173.2,0.023,NORMAL,7,False,0
2026-08-19 09:23:02,57.99,0.3105,0.0606,7.8,171.97,0.023,NORMAL,7,False,0
2026-08-19 09:23:02,58.04,0.3041,0.0596,7.8,172.4,0.023,NORMAL,7,False,0
2026-08-19 09:23:02,58.07,0.3153,0.071,7.79,172.78,0.023,NORMAL,7,False,0
2026-08-19 09:23:02,58.17,0.3197,0.069,7.8,171.99,0.023,NORMAL,7,False,0
2026-08-19 09:23:02,58.21,0.3091,0.0602,7.8,171.9,0.023,NORMAL,7,False,0
2026-08-19 09:23:02,58.26,0.3046,0.064,7.8,171.3,0.023,NORMAL,7,False,0
2026-08-19 09:23:02,58.31,0.3148,0.0536,7.8,170.98,0.023,NORMAL,7,False,0
2026-08-19 09:23:02,58.35,0.328,0.0461,7.79,171.6,0.023,NORMAL,7,False,0
2026-08-19 09:23:02,58.44,0.3103,0.0562,7.8,171.38,0.023,NORMAL,7,False,0
2026-08-19 09:23:02,58.46,0.3228,0.0419,7.79,172.37,0.023,NORMAL,7,False,0
2026-08-19 09:23:02,58.5,0.3178,0.0424,7.79,172.82,0.023,NORMAL,7,False,0
2026-08-19 09:23:02,58.53,0.3282,0.0499,7.79,172.43,0.023,NORMAL,7,False,0
2026-08-19 09:23:02,58.57,0.3235,0.0646,7.79,171.49,0.023,NORMAL,7,False,0
2026-08-19 09:23:02,58.67,0.3126,0.059,7.79,172.6,0.023,NORMAL,7,False,0
2026-08-19 09:23:02,58.72,0.3233,0.0568,7.79,171.94,0.023,NORMAL,7,False,0
2026-08-19 09:23:03,58.76,0.314,0.0568,7.79,173.19,0.023,NORMAL,7,False,0
2026-08-19 09:23:03,58.81,0.3112,0.0499,7.79,173.15,0.023,NORMAL,7,False,0
2026-08-19 09:23:03,58.85,0.3271,0.057,7.79,172.61,0.023,NORMAL,7,False,0
2026-08-19 09:23:03,58.95,0.3139,0.0493,7.8,172.34,0.023,NORMAL,7,False,0
2026-08-19 09:23:03,58.98,0.3208,0.0588,7.8,172.64,0.023,NORMAL,7,False,0
2026-08-19 09:23:03,59.01,0.3161,0.054,7.8,171.91,0.023,NORMAL,7,False,0
2026-08-19 09:23:03,59.06,0.3236,0.0695,7.8,172.76,0.023,NORMAL,7,False,0
2026-08-19 09:23:03,59.11,0.3088,0.0489,7.79,172.75,0.023,NORMAL,7,False,0
2026-08-19 09:23:03,59.21,0.3124,0.0456,7.8,172.03,0.023,NORMAL,7,False,0
2026-08-19 09:23:03,59.25,0.3097,0.0661,7.8,172.91,0.023,NORMAL,7,False,0
2026-08-19 09:23:03,59.3,0.3107,0.0626,7.82,173.07,0.023,NORMAL,7,False,0
2026-08-19 09:23:03,59.34,0.3199,0.0537,7.8,172.49,0.023,NORMAL,7,False,0
2026-08-19 09:23:03,59.39,0.3113,0.0608,7.8,172.57,0.023,NORMAL,7,False,0
2026-08-19 09:23:03,59.49,0.3218,0.0734,7.82,170.91,0.023,NORMAL,7,False,0
2026-08-19 09:23:03,59.53,0.3303,0.0615,7.82,172.29,0.023,NORMAL,7,False,0
2026-08-19 09:23:03,59.58,0.3213,0.0658,7.82,172.08,0.023,NORMAL,7,False,0
2026-08-19 09:23:03,59.62,0.3145,0.062,7.8,170.47,0.023,NORMAL,7,False,0
2026-08-19 09:23:03,59.67,0.3265,0.0701,7.8,169.97,0.023,NORMAL,7,False,0
2026-08-19 09:23:04,59.78,0.3252,0.057,7.83,171.19,0.023,NORMAL,7,False,0
2026-08-19 09:23:04,59.83,0.3305,0.0563,7.83,171.06,0.023,NORMAL,7,False,0
2026-08-19 09:23:04,59.88,0.3285,0.0801,7.82,170.26,0.023,NORMAL,7,False,0
2026-08-19 09:23:04,59.92,0.321,0.0704,7.8,171.02,0.023,NORMAL,7,False,0
2026-08-19 09:23:04,59.96,0.3317,0.08,7.79,170.64,0.023,NORMAL,7,False,0
2026-08-19 09:23:04,60.04,0.3157,0.0685,7.78,170.76,0.023,NORMAL,7,False,0
2026-08-19 09:23:04,60.08,0.3147,0.0635,7.76,170.49,0.023,NORMAL,7,False,0
2026-08-19 09:23:04,60.11,0.3147,0.0874,7.75,170.76,0.023,NORMAL,7,False,0
2026-08-19 09:23:04,60.17,0.341,0.0607,7.73,170.65,0.023,NORMAL,7,False,0
2026-08-19 09:23:04,60.2,0.3226,0.0673,7.72,171.04,0.023,NORMAL,7,False,0
2026-08-19 09:23:04,60.3,0.3253,0.0625,7.71,170.97,0.023,NORMAL,7,False,0
2026-08-19 09:23:04,60.35,0.3177,0.0718,7.69,170.76,0.023,NORMAL,7,False,0
2026-08-19 09:23:04,60.39,0.3196,0.0781,7.68,170.6,0.023,NORMAL,7,False,0
2026-08-19 09:23:04,60.42,0.3182,0.0636,7.66,170.01,0.023,NORMAL,7,False,0
2026-08-19 09:23:04,60.46,0.3184,0.0759,7.65,170.06,0.023,NORMAL,7,False,0
2026-08-19 09:23:04,60.54,0.3221,0.0824,7.64,170.34,0.023,NORMAL,7,False,0
2026-08-19 09:23:04,60.58,0.3205,0.0814,7.62,171.25,0.023,NORMAL,7,False,0
2026-08-19 09:23:04,60.63,0.3161,0.0739,7.61,169.94,0.023,NORMAL,7,False,0
2026-08-19 09:23:04,60.66,0.3208,0.0637,7.6,170.37,0.023,NORMAL,7,False,0
2026-08-19 09:23:04,60.7,0.3067,0.0823,7.6,170.84,0.023,NORMAL,7,False,0
2026-08-19 09:23:05,60.79,0.3196,0.0804,7.6,171.68,0.023,NORMAL,7,False,0
2026-08-19 09:23:05,60.83,0.3298,0.0505,7.6,170.55,0.023,NORMAL,7,False,0
2026-08-19 09:23:05,60.87,0.317,0.0752,7.58,171.05,0.023,NORMAL,7,False,0
2026-08-19 09:23:05,60.9,0.324,0.0691,7.58,171.02,0.023,NORMAL,7,False,0
2026-08-19 09:23:05,60.94,0.3263,0.069,7.58,170.33,0.023,NORMAL,7,False,0
2026-08-19 09:23:05,61.06,0.3144,0.0632,7.6,170.91,0.023,NORMAL,7,False,0
2026-08-19 09:23:05,61.1,0.3163,0.0789,7.6,170.04,0.023,NORMAL,7,False,0
2026-08-19 09:23:05,61.13,0.3248,0.0816,7.6,169.93,0.023,NORMAL,7,False,0
2026-08-19 09:23:05,61.18,0.32,0.0757,7.61,171.03,0.023,NORMAL,7,False,0
2026-08-19 09:23:05,61.23,0.3087,0.0832,7.61,170.91,0.023,NORMAL,7,False,0
2026-08-19 09:23:05,61.32,0.3192,0.0728,7.62,171.35,0.023,NORMAL,7,False,0
2026-08-19 09:23:05,61.35,0.3223,0.0744,7.62,170.98,0.023,NORMAL,7,False,0
2026-08-19 09:23:05,61.4,0.304,0.0671,7.62,171.19,0.023,NORMAL,7,False,0
2026-08-19 09:23:05,61.45,0.3163,0.0779,7.45,170.94,0.022,NORMAL,7,False,0
2026-08-19 09:23:05,61.48,0.3198,0.0649,7.43,171.53,0.022,NORMAL,7,False,0
2026-08-19 09:23:05,61.56,0.321,0.0707,7.45,171.64,0.022,NORMAL,7,False,0
2026-08-19 09:23:05,61.59,0.3078,0.0659,7.45,171.04,0.022,NORMAL,7,False,0
2026-08-19 09:23:05,61.64,0.316,0.073,7.45,171.67,0.022,NORMAL,7,False,0
2026-08-19 09:23:05,61.67,0.3146,0.0747,7.45,171.45,0.022,NORMAL,7,False,0
2026-08-19 09:23:05,61.7,0.3189,0.0703,7.43,171.26,0.022,NORMAL,7,False,0
2026-08-19 09:23:06,61.77,0.3265,0.0878,7.45,171.04,0.022,NORMAL,7,False,0
2026-08-19 09:23:06,61.81,0.319,0.0765,7.45,171.98,0.022,NORMAL,7,False,0
2026-08-19 09:23:06,61.86,0.3226,0.0595,7.45,172.62,0.022,NORMAL,7,False,0
2026-08-19 09:23:06,61.9,0.308,0.0815,7.45,171.49,0.022,NORMAL,7,False,0
2026-08-19 09:23:06,61.95,0.3159,0.0656,7.43,171.95,0.022,NORMAL,7,False,0
2026-08-19 09:23:06,62.04,0.3293,0.069,7.43,171.14,0.022,NORMAL,7,False,0
2026-08-19 09:23:06,62.09,0.3256,0.0584,7.26,171.89,0.022,NORMAL,7,False,0
2026-08-19 09:23:06,62.13,0.3114,0.0552,7.27,172.67,0.022,NORMAL,7,False,0
2026-08-19 09:23:06,62.18,0.3112,0.0544,7.27,172.45,0.022,NORMAL,7,False,0
2026-08-19 09:23:06,62.23,0.315,0.0557,7.26,172.64,0.022,NORMAL,7,False,0
2026-08-19 09:23:06,62.3,0.3233,0.06,7.26,172.44,0.022,NORMAL,7,False,0
2026-08-19 09:23:06,62.34,0.3162,0.0384,7.26,171.81,0.022,NORMAL,7,False,0
2026-08-19 09:23:06,62.38,0.3226,0.0518,7.27,173.09,0.022,NORMAL,7,False,0
2026-08-19 09:23:06,62.43,0.3215,0.0497,7.27,172.02,0.022,NORMAL,7,False,0
2026-08-19 09:23:06,62.46,0.3047,0.0502,7.26,172.77,0.022,NORMAL,7,False,0
2026-08-19 09:23:06,62.56,0.3063,0.0401,7.28,171.85,0.022,NORMAL,7,False,0
2026-08-19 09:23:06,62.6,0.3062,0.0462,7.28,172.75,0.022,NORMAL,7,False,0
2026-08-19 09:23:06,62.63,0.3076,0.0488,7.28,171.84,0.022,NORMAL,7,False,0
2026-08-19 09:23:06,62.66,0.3229,0.0405,7.27,172.59,0.022,NORMAL,7,False,0
2026-08-19 09:23:06,62.69,0.3082,0.0375,7.26,172.38,0.022,NORMAL,7,False,0
2026-08-19 09:23:07,62.79,0.3186,0.0467,7.1,172.02,0.021,NORMAL,7,False,0
2026-08-19 09:23:07,62.82,0.3187,0.0386,7.1,172.13,0.021,NORMAL,7,False,0
2026-08-19 09:23:07,62.87,0.3029,0.0533,7.1,172.51,0.021,NORMAL,7,False,0
2026-08-19 09:23:07,62.9,0.3071,0.0519,7.09,172.51,0.021,NORMAL,7,False,0
2026-08-19 09:23:07,62.93,0.3218,0.0544,7.08,172.75,0.021,NORMAL,7,False,0
2026-08-19 09:23:07,63.02,0.2633,0.0444,7.1,173.33,0.021,NORMAL,7,False,0
2026-08-19 09:23:07,63.06,0.217,0.0643,7.09,172.57,0.021,NORMAL,7,False,0
2026-08-19 09:23:07,63.09,0.1685,0.0526,7.27,171.87,0.022,NORMAL,7,False,0
2026-08-19 09:23:07,63.12,0.1517,0.0444,7.45,170.32,0.048,NORMAL,7,False,0
2026-08-19 09:23:07,63.16,0.1604,0.0546,7.61,170.27,0.081,NORMAL,7,False,0
2026-08-19 09:23:07,63.27,0.2538,0.0679,7.62,171.4,0.023,NORMAL,8,False,0
2026-08-19 09:23:07,63.32,0.2435,0.0652,7.62,171.4,0.023,NORMAL,8,False,0
2026-08-19 09:23:07,63.37,0.2455,0.0618,7.62,171.02,0.023,NORMAL,8,False,0
2026-08-19 09:23:07,63.41,0.2669,0.0693,7.62,171.35,0.023,NORMAL,8,False,0
2026-08-19 09:23:07,63.46,0.2652,0.0678,7.61,173.11,0.023,NORMAL,8,False,0
2026-08-19 09:23:07,63.57,0.279,0.072,7.62,173.09,0.023,NORMAL,8,False,0
2026-08-19 09:23:07,63.62,0.3028,0.086,7.64,171.54,0.023,NORMAL,8,False,0
2026-08-19 09:23:07,63.66,0.3077,0.0791,7.64,172.18,0.023,NORMAL,8,False,0
2026-08-19 09:23:07,63.7,0.3033,0.0785,7.62,171.92,0.023,NORMAL,8,False,0
2026-08-19 09:23:07,63.74,0.2897,0.0715,7.61,169.93,0.023,NORMAL,8,False,0
2026-08-19 09:23:08,63.83,0.2978,0.0704,7.62,171.6,0.023,NORMAL,8,False,0
2026-08-19 09:23:08,63.86,0.3094,0.0649,7.62,169.8,0.023,NORMAL,8,False,0
2026-08-19 09:23:08,63.9,0.2944,0.0774,7.62,171.04,0.023,NORMAL,8,False,0
2026-08-19 09:23:08,63.94,0.2902,0.0818,7.62,170.65,0.023,NORMAL,8,False,0
2026-08-19 09:23:08,63.99,0.3211,0.0683,7.61,173.19,0.023,NORMAL,8,False,0
2026-08-19 09:23:08,64.07,0.3297,0.055,7.6,174.01,0.023,NORMAL,8,False,0
2026-08-19 09:23:08,64.1,0.3387,0.0616,7.58,175.11,0.023,NORMAL,8,False,0
2026-08-19 09:23:08,64.13,0.3273,0.0637,7.57,174.99,0.023,NORMAL,8,False,0
2026-08-19 09:23:08,64.18,0.3487,0.0479,7.56,174.42,0.023,NORMAL,8,False,0
2026-08-19 09:23:08,64.21,0.2958,0.064,7.54,172.65,0.023,NORMAL,8,False,0
2026-08-19 09:23:08,64.29,0.2448,0.0544,7.56,172.67,0.023,NORMAL,8,False,0
2026-08-19 09:23:08,64.33,0.2193,0.0545,7.54,173.59,0.023,NORMAL,8,False,0
2026-08-19 09:23:08,64.36,0.2795,0.0629,7.54,175.12,0.023,NORMAL,8,False,0
2026-08-19 09:23:08,64.4,0.3016,0.0497,7.54,174.42,0.023,NORMAL,8,False,0
2026-08-19 09:23:08,64.45,0.2827,0.0521,7.53,173.99,0.023,NORMAL,8,False,0
2026-08-19 09:23:08,64.51,0.2891,0.044,7.54,174.34,0.023,NORMAL,8,False,0
2026-08-19 09:23:08,64.55,0.3124,0.0568,7.53,174.42,0.023,NORMAL,8,False,0
2026-08-19 09:23:08,64.58,0.3144,0.0489,7.53,174.6,0.023,NORMAL,8,False,0
2026-08-19 09:23:08,64.61,0.3023,0.0495,7.53,174.56,0.023,NORMAL,8,False,0
2026-08-19 09:23:08,64.64,0.3083,0.0348,7.53,173.84,0.023,NORMAL,8,False,0
2026-08-19 09:23:08,64.72,0.2992,0.0425,7.53,175.44,0.023,NORMAL,8,False,0
2026-08-19 09:23:09,64.76,0.3063,0.0608,7.53,174.59,0.023,NORMAL,8,False,0
2026-08-19 09:23:09,64.8,0.3156,0.0551,7.52,174.67,0.023,NORMAL,8,False,0
2026-08-19 09:23:09,64.85,0.3219,0.0491,7.52,175.63,0.023,NORMAL,8,False,0
2026-08-19 09:23:09,64.9,0.3261,0.0466,7.52,174.03,0.023,NORMAL,8,False,0
2026-08-19 09:23:09,64.99,0.3194,0.0509,7.52,174.7,0.023,NORMAL,8,False,0
2026-08-19 09:23:09,65.02,0.3166,0.0488,7.52,174.82,0.023,NORMAL,8,False,0
2026-08-19 09:23:09,65.05,0.3207,0.054,7.5,174.86,0.023,NORMAL,8,False,0
2026-08-19 09:23:09,65.08,0.3181,0.0457,7.5,175.2,0.023,NORMAL,8,False,0
2026-08-19 09:23:09,65.12,0.3245,0.0367,7.5,174.77,0.023,NORMAL,8,False,0
2026-08-19 09:23:09,65.21,0.3354,0.0697,7.52,174.94,0.023,NORMAL,8,False,0
2026-08-19 09:23:09,65.26,0.3211,0.0642,7.5,174.0,0.023,NORMAL,8,False,0
2026-08-19 09:23:09,65.3,0.3286,0.0693,7.52,174.23,0.023,NORMAL,8,False,0
2026-08-19 09:23:09,65.37,0.3189,0.0764,7.52,175.38,0.023,NORMAL,8,False,0
2026-08-19 09:23:09,65.41,0.3181,0.0781,7.52,176.15,0.023,NORMAL,8,False,0
2026-08-19 09:23:09,65.52,0.3131,0.0739,7.53,175.27,0.023,NORMAL,8,False,0
2026-08-19 09:23:09,65.55,0.3191,0.0792,7.52,175.91,0.023,NORMAL,8,False,0
2026-08-19 09:23:09,65.59,0.3018,0.0734,7.52,175.42,0.023,NORMAL,8,False,0
2026-08-19 09:23:09,65.63,0.3134,0.0727,7.52,176.17,0.023,NORMAL,8,False,0
2026-08-19 09:23:09,65.68,0.3144,0.0799,7.52,176.02,0.023,NORMAL,8,False,0
2026-08-19 09:23:10,65.77,0.3069,0.0764,7.52,176.57,0.023,NORMAL,8,False,0
2026-08-19 09:23:10,65.83,0.3067,0.0794,7.5,176.51,0.023,NORMAL,8,False,0
2026-08-19 09:23:10,65.87,0.3256,0.0634,7.52,177.14,0.023,NORMAL,8,False,0
2026-08-19 09:23:10,65.91,0.3117,0.0633,7.5,175.52,0.023,NORMAL,8,False,0
2026-08-19 09:23:10,65.94,0.3179,0.0704,7.49,176.96,0.022,NORMAL,8,False,0
2026-08-19 09:23:10,66.02,0.3142,0.0827,7.48,175.64,0.022,NORMAL,8,False,0
2026-08-19 09:23:10,66.07,0.2997,0.0706,7.47,176.37,0.022,NORMAL,8,False,0
2026-08-19 09:23:10,66.11,0.311,0.0746,7.45,176.04,0.022,NORMAL,8,False,0
2026-08-19 09:23:10,66.17,0.3234,0.0659,7.44,176.82,0.022,NORMAL,8,False,0
2026-08-19 09:23:10,66.21,0.309,0.0649,7.43,176.82,0.022,NORMAL,8,False,0
2026-08-19 09:23:10,66.29,0.302,0.0638,7.43,175.72,0.022,NORMAL,8,False,0
2026-08-19 09:23:10,66.33,0.3235,0.0653,7.41,175.25,0.022,NORMAL,8,False,0
2026-08-19 09:23:10,66.38,0.3222,0.0597,7.4,175.83,0.022,NORMAL,8,False,0
2026-08-19 09:23:10,66.43,0.2999,0.0611,7.4,176.5,0.022,NORMAL,8,False,0
2026-08-19 09:23:10,66.47,0.3189,0.0718,7.4,176.88,0.022,NORMAL,8,False,0
2026-08-19 09:23:10,66.57,0.3181,0.0664,7.41,176.15,0.022,NORMAL,8,False,0
2026-08-19 09:23:10,66.61,0.3258,0.0609,7.4,175.62,0.022,NORMAL,8,False,0
2026-08-19 09:23:10,66.65,0.3326,0.0766,7.4,176.04,0.022,NORMAL,8,False,0
2026-08-19 09:23:10,66.69,0.3267,0.0694,7.39,176.55,0.022,NORMAL,8,False,0
2026-08-19 09:23:10,66.73,0.3207,0.0642,7.39,175.77,0.022,NORMAL,8,False,0
2026-08-19 09:23:11,66.8,0.3324,0.0748,7.06,176.18,0.021,NORMAL,8,False,0
2026-08-19 09:23:11,66.83,0.3247,0.0743,6.88,176.49,0.021,NORMAL,8,False,0
2026-08-19 09:23:11,66.86,0.3233,0.0752,6.87,176.86,0.021,NORMAL,8,False,0
2026-08-19 09:23:11,66.9,0.3193,0.0689,6.86,177.59,0.021,NORMAL,8,False,0
2026-08-19 09:23:11,66.93,0.3148,0.0622,6.69,176.95,0.02,NORMAL,8,False,0
2026-08-19 09:23:11,67.01,0.3227,0.0622,6.36,176.89,0.019,NORMAL,8,False,0
2026-08-19 09:23:11,67.06,0.3127,0.0712,6.19,178.19,0.019,NORMAL,8,False,0
2026-08-19 09:23:11,67.09,0.3187,0.0647,6.19,176.54,0.019,NORMAL,8,False,0
2026-08-19 09:23:11,67.12,0.3412,0.0565,6.17,177.34,0.019,NORMAL,8,False,0
2026-08-19 09:23:11,67.15,0.3192,0.0607,6.16,176.91,0.018,NORMAL,8,False,0
2026-08-19 09:23:11,67.25,0.3218,0.0591,6.17,174.32,0.019,NORMAL,8,False,0
2026-08-19 09:23:11,67.28,0.295,0.0611,6.17,173.38,0.019,NORMAL,8,False,0
2026-08-19 09:23:11,67.31,0.2836,0.0708,6.17,173.47,0.019,NORMAL,8,False,0
2026-08-19 09:23:11,67.34,0.2878,0.0677,6.16,173.63,0.018,NORMAL,8,False,0
2026-08-19 09:23:11,67.39,0.2839,0.0768,6.16,173.76,0.018,NORMAL,8,False,0
2026-08-19 09:23:11,67.46,0.283,0.0726,6.16,172.53,0.018,NORMAL,8,False,0
2026-08-19 09:23:11,67.5,0.289,0.0541,6.16,172.48,0.018,NORMAL,8,False,0
2026-08-19 09:23:11,67.53,0.2761,0.0393,6.16,174.52,0.018,NORMAL,8,False,0
2026-08-19 09:23:11,67.56,0.2839,0.0419,6.15,173.83,0.018,NORMAL,8,False,0
2026-08-19 09:23:11,67.61,0.2684,0.0379,6.15,173.4,0.018,NORMAL,8,False,0
2026-08-19 09:23:11,67.69,0.2252,0.0092,6.15,175.89,0.018,NORMAL,8,False,0
2026-08-19 09:23:11,67.73,0.1477,0.0217,6.31,174.02,0.019,NORMAL,8,False,0
2026-08-19 09:23:12,67.78,0.1263,0.0354,6.48,176.74,0.058,NORMAL,8,False,0
2026-08-19 09:23:12,67.82,0.1433,0.0321,6.66,-179.6,0.091,NORMAL,8,False,0
2026-08-19 09:23:12,67.87,0.3108,0.0287,6.66,-166.09,0.035,NORMAL,9,False,0
2026-08-19 09:23:12,67.98,0.3253,0.0173,6.67,-165.1,0.066,NORMAL,9,False,0
2026-08-19 09:23:12,68.03,0.3337,0.0087,6.66,-155.27,0.08,NORMAL,9,False,0
2026-08-19 09:23:12,68.06,0.3103,0.0058,6.66,-157.35,0.09,NORMAL,9,False,0
2026-08-19 09:23:12,68.1,0.3184,0.0131,6.66,-155.56,0.101,NORMAL,9,False,0
2026-08-19 09:23:12,68.15,0.3392,0.0126,6.64,-156.3,0.113,NORMAL,9,False,0
2026-08-19 09:23:12,68.23,0.3458,0.0171,6.66,-155.75,0.138,NORMAL,9,False,0
2026-08-19 09:23:12,68.28,0.3465,0.0187,6.66,-156.95,0.15,NORMAL,9,False,0
2026-08-19 09:23:12,68.32,0.3372,0.0161,6.64,-157.24,0.163,NORMAL,9,False,0
2026-08-19 09:23:12,68.35,0.3533,0.0131,6.64,-154.64,0.173,NORMAL,9,False,0
2026-08-19 09:23:12,68.39,0.3534,0.0197,6.64,-155.82,0.182,NORMAL,9,False,0
2026-08-19 09:23:12,68.46,0.3399,0.0171,6.48,-157.37,0.203,NORMAL,9,False,0
2026-08-19 09:23:12,68.51,0.3379,0.02,6.47,-157.2,0.215,NORMAL,9,False,0
2026-08-19 09:23:12,68.54,0.3294,0.0125,6.3,-156.3,0.219,NORMAL,9,False,0
2026-08-19 09:23:12,68.58,0.3119,0.0152,6.29,-154.98,0.219,NORMAL,9,False,0
2026-08-19 09:23:12,68.61,0.3174,0.0118,6.12,-155.63,0.218,NORMAL,9,False,0
2026-08-19 09:23:12,68.71,0.3327,0.0233,6.13,-154.53,0.218,NORMAL,9,False,0
2026-08-19 09:23:12,68.74,0.3483,0.0195,6.13,-155.64,0.218,NORMAL,9,False,0
2026-08-19 09:23:13,68.79,0.3366,0.0186,6.12,-155.4,0.218,NORMAL,9,False,0
2026-08-19 09:23:13,68.82,0.3505,0.0286,6.12,-155.98,0.218,NORMAL,9,False,0
2026-08-19 09:23:13,68.87,0.3324,0.0303,6.11,-156.88,0.218,NORMAL,9,False,0
2026-08-19 09:23:13,68.95,0.3371,0.0229,5.95,-156.3,0.218,NORMAL,9,False,0
2026-08-19 09:23:13,68.99,0.3354,0.0262,5.78,-155.52,0.217,NORMAL,9,False,0
2026-08-19 09:23:13,69.03,0.2887,0.0234,5.61,-158.59,0.217,NORMAL,9,False,0
2026-08-19 09:23:13,69.06,0.3018,0.0342,5.44,-162.49,0.216,NORMAL,9,False,0
2026-08-19 09:23:13,69.1,0.29,0.056,5.43,-164.84,0.216,NORMAL,9,False,0
2026-08-19 09:23:13,69.17,0.3034,0.0372,5.43,-166.58,0.216,NORMAL,9,False,0
2026-08-19 09:23:13,69.21,0.3012,0.0274,5.43,-167.85,0.216,NORMAL,9,False,0
2026-08-19 09:23:13,69.25,0.2948,0.0292,5.43,-168.72,0.216,NORMAL,9,False,0
2026-08-19 09:23:13,69.28,0.2885,0.0411,5.42,-172.9,0.216,NORMAL,9,False,0
2026-08-19 09:23:13,69.32,0.2987,0.0436,5.42,-173.11,0.216,NORMAL,9,False,0
2026-08-19 09:23:13,69.4,0.2257,0.3228,5.42,176.1,0.016,NORMAL,9,False,0
2026-08-19 09:23:13,69.44,0.2297,0.3132,5.42,175.39,0.016,NORMAL,9,False,0
2026-08-19 09:23:13,69.49,0.2401,0.2984,5.42,174.5,0.016,NORMAL,9,False,0
2026-08-19 09:23:13,69.53,0.2453,0.3186,5.42,174.15,0.016,NORMAL,9,False,0
2026-08-19 09:23:13,69.57,0.2204,0.3176,5.42,174.77,0.016,NORMAL,9,False,0
2026-08-19 09:23:13,69.64,0.2284,0.36,5.42,174.66,0.016,NORMAL,9,False,0
2026-08-19 09:23:13,69.69,0.1992,0.1313,5.58,177.45,0.017,NORMAL,9,False,0
2026-08-19 09:23:13,69.74,0.2138,0.2063,5.41,177.51,0.016,NORMAL,9,False,0
2026-08-19 09:23:14,69.79,0.223,0.1693,5.41,173.56,0.016,NORMAL,9,False,0
2026-08-19 09:23:14,69.82,0.2093,0.2528,5.25,173.14,0.016,NORMAL,9,False,0
2026-08-19 09:23:14,69.92,0.2333,0.2203,5.08,171.13,0.015,NORMAL,9,False,0
2026-08-19 09:23:14,69.96,0.2546,0.069,5.08,167.26,0.015,NORMAL,9,False,0
2026-08-19 09:23:14,70.01,0.2408,0.0465,5.09,168.29,0.015,NORMAL,9,False,0
2026-08-19 09:23:14,70.06,0.2329,0.0615,5.09,167.03,0.015,NORMAL,9,False,0
2026-08-19 09:23:14,70.1,0.232,0.1451,5.09,168.05,0.015,NORMAL,9,False,0
2026-08-19 09:23:14,70.18,0.2306,0.1504,5.08,168.27,0.015,NORMAL,9,False,0
2026-08-19 09:23:14,70.23,0.241,0.1718,5.08,168.72,0.015,NORMAL,9,False,0
2026-08-19 09:23:14,70.26,0.227,0.1689,5.08,168.9,0.015,NORMAL,9,False,0
2026-08-19 09:23:14,70.31,0.2294,0.0859,5.08,168.89,0.015,NORMAL,9,False,0
2026-08-19 09:23:14,70.34,0.222,0.0428,5.08,168.58,0.015,NORMAL,9,False,0
2026-08-19 09:23:14,70.41,0.2323,0.0196,5.08,169.76,0.015,NORMAL,9,False,0
2026-08-19 09:23:14,70.45,0.2131,0.0221,5.08,168.53,0.015,NORMAL,9,False,0
2026-08-19 09:23:14,70.5,0.2078,0.0242,5.08,168.07,0.015,NORMAL,9,False,0
2026-08-19 09:23:14,70.54,0.2158,0.0199,4.92,169.02,0.015,NORMAL,9,False,0
2026-08-19 09:23:14,70.59,0.2214,0.0174,4.92,168.33,0.015,NORMAL,9,False,0
2026-08-19 09:23:14,70.68,0.2109,0.0082,4.92,168.16,0.015,NORMAL,9,False,0
2026-08-19 09:23:14,70.71,0.2015,0.0176,4.92,166.11,0.015,NORMAL,9,False,0
2026-08-19 09:23:15,70.76,0.1922,0.0289,5.09,165.91,0.015,NORMAL,9,False,0
2026-08-19 09:23:15,70.81,0.1799,0.029,5.09,170.04,0.052,NORMAL,9,False,0
2026-08-19 09:23:15,70.86,0.1927,0.0324,5.09,172.37,0.092,NORMAL,9,False,0
2026-08-19 09:23:15,70.99,0.2363,0.041,5.09,-179.72,0.015,NORMAL,10,False,0
2026-08-19 09:23:15,71.03,0.2105,0.0335,5.09,-176.23,0.029,NORMAL,10,False,0
2026-08-19 09:23:15,71.07,0.2359,0.0375,5.09,-178.37,0.04,NORMAL,10,False,0
2026-08-19 09:23:15,71.12,0.2203,0.0521,5.09,-177.17,0.053,NORMAL,10,False,0
2026-08-19 09:23:15,71.15,0.2359,0.0747,5.09,-179.15,0.061,NORMAL,10,False,0
2026-08-19 09:23:15,71.23,0.2256,0.1619,5.09,-179.65,0.085,NORMAL,10,False,0
2026-08-19 09:23:15,71.28,0.2266,0.235,5.09,-179.84,0.099,NORMAL,10,False,0
2026-08-19 09:23:15,71.32,0.1911,0.2671,5.26,177.33,0.016,NORMAL,10,False,0
2026-08-19 09:23:15,71.35,0.1744,0.2582,5.43,179.18,0.042,NORMAL,10,False,0
2026-08-19 09:23:15,71.4,0.1842,0.2519,5.6,-179.23,0.078,NORMAL,10,False,0
2026-08-19 09:23:15,71.48,0.1944,0.2746,5.76,179.35,0.143,NORMAL,10,False,0
2026-08-19 09:23:15,71.53,0.1853,0.2955,5.6,-179.79,0.18,NORMAL,10,False,0
2026-08-19 09:23:15,71.58,0.1642,0.2821,5.6,176.88,0.219,NORMAL,10,False,0
2026-08-19 09:23:15,71.62,0.137,0.3232,5.77,179.81,0.258,NORMAL,10,False,0
2026-08-19 09:23:15,71.66,0.1398,0.2487,5.94,179.78,0.292,NORMAL,10,False,0
2026-08-19 09:23:16,71.76,0.1756,0.1564,6.12,-168.11,0.371,MILD FATIGUE,10,False,0
2026-08-19 09:23:16,71.81,0.1576,0.1457,6.29,-165.13,0.426,MILD FATIGUE,10,False,0
2026-08-19 09:23:16,71.86,0.1622,0.1218,6.46,-162.13,0.446,MILD FATIGUE,10,False,0
2026-08-19 09:23:16,71.89,0.1881,0.1603,6.63,-156.89,0.456,MILD FATIGUE,10,False,0
2026-08-19 09:23:16,71.93,0.1848,0.2107,6.79,-155.62,0.469,MILD FATIGUE,10,False,0
2026-08-19 09:23:16,72.02,0.1946,0.2399,6.97,-158.54,0.495,MILD FATIGUE,10,False,0
2026-08-19 09:23:16,72.06,0.1857,0.2182,7.14,-159.17,0.507,DROWSY,10,False,0
2026-08-19 09:23:16,72.11,0.1909,0.2263,7.31,-159.94,0.521,DROWSY,10,False,0
2026-08-19 09:23:16,72.16,0.1702,0.2292,7.48,-157.34,0.535,DROWSY,10,False,0
2026-08-19 09:23:16,72.2,0.1882,0.2035,7.64,-155.83,0.548,DROWSY,10,False,0
2026-08-19 09:23:16,72.3,0.183,0.203,7.82,-156.44,0.578,DROWSY,10,False,0
2026-08-19 09:23:16,72.35,0.1687,0.1607,7.99,-156.32,0.591,DROWSY,10,False,0
2026-08-19 09:23:16,72.39,0.1828,0.1718,8.16,-154.08,0.603,DROWSY,10,False,0
2026-08-19 09:23:16,72.42,0.1744,0.2455,8.33,-159.65,0.614,DROWSY,10,False,0
2026-08-19 09:23:16,72.47,0.1567,0.1942,8.49,-158.36,0.625,DROWSY,10,False,0
2026-08-19 09:23:16,72.59,0.1895,0.2484,8.69,-154.33,0.626,DROWSY,10,False,0
2026-08-19 09:23:16,72.63,0.2038,0.2524,8.69,-153.36,0.226,NORMAL,11,False,0
2026-08-19 09:23:16,72.67,0.1939,0.2578,8.86,-152.61,0.227,NORMAL,11,False,0
2026-08-19 09:23:16,72.71,0.2007,0.2564,9.01,-153.19,0.26,NORMAL,11,False,0
2026-08-19 09:23:16,72.75,0.1987,0.2606,9.17,-153.34,0.294,NORMAL,11,False,0
2026-08-19 09:23:17,72.84,0.198,0.2793,9.37,-156.84,0.365,MILD FATIGUE,11,False,0
2026-08-19 09:23:17,72.88,0.1712,0.2902,9.54,-157.05,0.396,MILD FATIGUE,11,False,0
2026-08-19 09:23:17,72.92,0.2189,0.1433,9.54,-153.32,0.229,NORMAL,12,False,0
2026-08-19 09:23:17,72.96,0.1861,0.2801,9.69,-157.23,0.229,NORMAL,12,False,0
2026-08-19 09:23:17,73.0,0.1829,0.3033,9.86,-157.12,0.265,NORMAL,12,False,0
2026-08-19 09:23:17,73.11,0.1758,0.2793,10.05,-156.05,0.349,MILD FATIGUE,12,False,0
2026-08-19 09:23:17,73.15,0.179,0.2962,10.24,-158.06,0.384,MILD FATIGUE,12,False,0
2026-08-19 09:23:17,73.19,0.179,0.2891,10.39,-158.15,0.419,MILD FATIGUE,12,False,0
2026-08-19 09:23:17,73.24,0.1976,0.2507,10.56,-157.67,0.454,MILD FATIGUE,12,False,0
2026-08-19 09:23:17,73.28,0.1754,0.2454,10.73,-157.47,0.493,MILD FATIGUE,12,False,0
2026-08-19 09:23:17,73.39,0.1883,0.2708,10.92,-158.74,0.579,DROWSY,12,False,0
2026-08-19 09:23:17,73.44,0.1879,0.2727,11.09,-158.99,0.621,DROWSY,12,False,0
2026-08-19 09:23:17,73.49,0.1788,0.2703,11.26,-157.87,0.634,DROWSY,12,False,0
2026-08-19 09:23:17,73.53,0.1796,0.2671,11.43,-157.03,0.634,DROWSY,12,False,0
2026-08-19 09:23:17,73.56,0.1828,0.2177,11.6,-158.28,0.635,DROWSY,12,False,0
2026-08-19 09:23:17,73.64,0.187,0.2139,11.79,-154.97,0.635,DROWSY,12,False,0
2026-08-19 09:23:17,73.68,0.2147,0.2527,11.77,-160.1,0.235,NORMAL,13,False,0
2026-08-19 09:23:17,73.71,0.2059,0.2709,11.77,-158.86,0.235,NORMAL,13,False,0
2026-08-19 09:23:17,73.75,0.2375,0.2516,11.77,-158.93,0.235,NORMAL,13,False,0
2026-08-19 09:23:18,73.79,0.2603,0.2368,11.77,-160.25,0.235,NORMAL,13,False,0
2026-08-19 09:23:18,73.91,0.2059,0.2982,11.79,-170.6,0.235,NORMAL,13,False,0
2026-08-19 09:23:18,73.96,0.2229,0.2534,11.79,-170.99,0.235,NORMAL,13,False,0
2026-08-19 09:23:18,74.0,0.2582,0.2417,11.79,176.83,0.035,NORMAL,13,False,0
2026-08-19 09:23:18,74.05,0.2669,0.2993,11.82,174.28,0.035,NORMAL,13,False,0
2026-08-19 09:23:18,74.09,0.2755,0.3196,11.82,171.19,0.035,NORMAL,13,False,0
2026-08-19 09:23:18,74.19,0.3045,0.4089,11.82,167.5,0.035,NORMAL,13,False,0
2026-08-19 09:23:18,74.23,0.2696,0.3701,11.82,169.55,0.035,NORMAL,13,False,0
2026-08-19 09:23:18,74.28,0.2568,0.2908,11.82,168.8,0.035,NORMAL,13,False,0
2026-08-19 09:23:18,74.31,0.2507,0.3085,11.82,168.25,0.035,NORMAL,13,False,0
2026-08-19 09:23:18,74.36,0.2523,0.2781,11.82,168.11,0.035,NORMAL,13,False,0
2026-08-19 09:23:18,74.44,0.2489,0.2779,11.84,168.22,0.036,NORMAL,13,False,0
2026-08-19 09:23:18,74.48,0.2442,0.3185,11.84,167.91,0.036,NORMAL,13,False,0
2026-08-19 09:23:18,74.51,0.2327,0.3412,11.84,167.74,0.036,NORMAL,13,False,0
2026-08-19 09:23:18,74.55,0.2467,0.3276,11.84,169.55,0.036,NORMAL,13,False,0
2026-08-19 09:23:18,74.59,0.2263,0.283,11.82,169.8,0.035,NORMAL,13,False,0
2026-08-19 09:23:18,74.68,0.2013,0.2672,11.84,170.39,0.036,NORMAL,13,False,0
2026-08-19 09:23:18,74.72,0.1807,0.2804,12.03,170.36,0.036,NORMAL,13,False,0
2026-08-19 09:23:18,74.76,0.1754,0.2689,12.18,170.09,0.066,NORMAL,13,False,0
2026-08-19 09:23:19,74.8,0.1943,0.2714,12.35,170.5,0.097,NORMAL,13,False,0
2026-08-19 09:23:19,74.83,0.2113,0.3137,12.33,170.0,0.037,NORMAL,14,False,0
2026-08-19 09:23:19,74.93,0.2304,0.346,12.35,172.3,0.037,NORMAL,14,False,0
2026-08-19 09:23:19,74.98,0.2373,0.374,12.37,172.3,0.037,NORMAL,14,False,0
2026-08-19 09:23:19,75.02,0.2418,0.3375,12.35,171.89,0.037,NORMAL,14,False,0
2026-08-19 09:23:19,75.06,0.2445,0.3735,12.35,172.19,0.037,NORMAL,14,False,0
2026-08-19 09:23:19,75.1,0.2324,0.3539,12.33,171.86,0.037,NORMAL,14,False,0
2026-08-19 09:23:19,75.17,0.2377,0.3329,12.33,171.68,0.037,NORMAL,14,False,0
2026-08-19 09:23:19,75.21,0.2275,0.2901,12.33,172.02,0.037,NORMAL,14,False,0
2026-08-19 09:23:19,75.29,0.2362,0.2942,12.37,172.25,0.037,NORMAL,14,False,0
2026-08-19 09:23:19,75.33,0.2397,0.2628,12.35,172.47,0.037,NORMAL,14,False,0
2026-08-19 09:23:19,75.38,0.2207,0.2646,12.33,173.07,0.037,NORMAL,14,False,0
2026-08-19 09:23:19,75.47,0.249,0.2345,12.35,177.15,0.037,NORMAL,14,False,0
2026-08-19 09:23:19,75.52,0.2245,0.2394,12.35,178.85,0.037,NORMAL,14,False,0
2026-08-19 09:23:19,75.57,0.2543,0.2211,12.35,-178.92,0.037,NORMAL,14,False,0
2026-08-19 09:23:19,75.61,0.2668,0.234,12.35,-179.2,0.051,NORMAL,14,False,0
2026-08-19 09:23:19,75.66,0.3351,0.3712,12.33,179.79,0.037,NORMAL,14,False,0
2026-08-19 09:23:19,75.75,0.3676,0.4056,12.35,179.86,0.037,NORMAL,14,False,0
2026-08-19 09:23:20,75.8,0.3664,0.4443,12.35,-179.58,0.037,NORMAL,14,False,0
2026-08-19 09:23:20,75.83,0.3573,0.3111,12.35,176.23,0.037,NORMAL,14,False,0
2026-08-19 09:23:20,75.86,0.3446,0.2884,12.35,175.37,0.037,NORMAL,14,False,0
2026-08-19 09:23:20,75.91,0.3255,0.2496,12.33,172.75,0.037,NORMAL,14,False,0
2026-08-19 09:23:20,75.98,0.3342,0.3698,12.35,175.66,0.037,NORMAL,14,False,0
2026-08-19 09:23:20,76.02,0.3213,0.3973,12.35,176.99,0.037,NORMAL,14,False,0
2026-08-19 09:23:20,76.05,0.3246,0.3825,12.35,177.9,0.037,NORMAL,14,False,0
2026-08-19 09:23:20,76.08,0.3161,0.3944,12.33,178.05,0.037,NORMAL,14,False,0
2026-08-19 09:23:20,76.11,0.3237,0.3724,12.33,177.29,0.037,NORMAL,14,False,0
2026-08-19 09:23:20,76.18,0.3105,0.412,12.31,176.98,0.037,NORMAL,14,False,0
2026-08-19 09:23:20,76.23,0.3299,0.3594,12.33,176.39,0.037,NORMAL,14,False,0
2026-08-19 09:23:20,76.28,0.3199,0.3679,12.33,177.91,0.037,NORMAL,14,False,0
2026-08-19 09:23:20,76.32,0.3171,0.3168,12.33,179.42,0.037,NORMAL,14,False,0
2026-08-19 09:23:20,76.35,0.2962,0.3326,12.31,177.6,0.037,NORMAL,14,False,0
2026-08-19 09:23:20,76.45,0.3009,0.2197,12.31,-179.12,0.037,NORMAL,14,False,0
2026-08-19 09:23:20,76.49,0.2929,0.1644,12.31,-174.69,0.047,NORMAL,14,False,0
2026-08-19 09:23:20,76.54,0.3125,0.1155,12.31,-170.93,0.06,NORMAL,14,False,0
2026-08-19 09:23:20,76.57,0.2851,0.2133,12.31,-171.18,0.069,NORMAL,14,False,0
2026-08-19 09:23:20,76.6,0.2825,0.1411,12.29,-171.2,0.079,NORMAL,14,False,0
2026-08-19 09:23:20,76.66,0.2783,0.1249,12.31,-163.8,0.097,NORMAL,14,False,0
2026-08-19 09:23:20,76.71,0.2879,0.1331,12.29,-165.21,0.109,NORMAL,14,False,0
2026-08-19 09:23:20,76.75,0.2923,0.1183,12.29,-163.73,0.122,NORMAL,14,False,0
2026-08-19 09:23:21,76.79,0.2737,0.127,12.29,-164.32,0.132,NORMAL,14,False,0
2026-08-19 09:23:21,76.82,0.2919,0.117,12.29,-161.8,0.141,NORMAL,14,False,0
2026-08-19 09:23:21,76.89,0.2924,0.091,12.31,-162.31,0.161,NORMAL,14,False,0
2026-08-19 09:23:21,76.93,0.2851,0.1023,12.29,-162.39,0.172,NORMAL,14,False,0
2026-08-19 09:23:21,76.96,0.2972,0.0837,12.27,-162.25,0.181,NORMAL,14,False,0
2026-08-19 09:23:21,77.01,0.297,0.092,12.27,-162.26,0.195,NORMAL,14,False,0
2026-08-19 09:23:21,77.06,0.3097,0.0642,12.27,-162.32,0.208,NORMAL,14,False,0
2026-08-19 09:23:21,77.14,0.298,0.0513,12.29,-161.74,0.233,NORMAL,14,False,0
2026-08-19 09:23:21,77.18,0.3058,0.0443,12.29,-162.1,0.237,NORMAL,14,False,0
2026-08-19 09:23:21,77.21,0.3022,0.0585,12.27,-163.04,0.237,NORMAL,14,False,0
2026-08-19 09:23:21,77.24,0.2867,0.0437,12.24,-161.96,0.237,NORMAL,14,False,0
2026-08-19 09:23:21,77.28,0.2123,0.0552,12.24,-163.11,0.237,NORMAL,14,False,0
2026-08-19 09:23:21,77.36,0.1572,0.0287,12.44,-167.54,0.237,NORMAL,14,False,0
2026-08-19 09:23:21,77.4,0.1459,0.0342,12.61,-167.56,0.272,NORMAL,14,False,0
2026-08-19 09:23:21,77.43,0.1537,0.0492,12.76,-169.94,0.299,NORMAL,14,False,0
2026-08-19 09:23:21,77.46,0.158,0.0343,12.93,-169.76,0.325,MILD FATIGUE,14,False,0
2026-08-19 09:23:21,77.51,0.1517,0.0306,13.07,-171.36,0.361,MILD FATIGUE,14,False,0
2026-08-19 09:23:21,77.61,0.1524,0.0342,13.29,-172.09,0.445,MILD FATIGUE,14,False,0
2026-08-19 09:23:21,77.65,0.152,0.0293,13.46,-174.99,0.478,MILD FATIGUE,14,False,0
2026-08-19 09:23:21,77.69,0.125,0.0225,13.63,-178.6,0.512,DROWSY,14,False,0
2026-08-19 09:23:21,77.74,0.1283,0.0252,13.78,177.96,0.351,MILD FATIGUE,14,False,0
2026-08-19 09:23:22,77.79,0.1194,0.0216,13.95,177.9,0.392,MILD FATIGUE,14,False,0
2026-08-19 09:23:22,77.9,0.1188,0.0335,14.14,176.58,0.442,MILD FATIGUE,14,False,0
2026-08-19 09:23:22,77.94,0.1268,0.0378,14.31,179.49,0.443,MILD FATIGUE,14,False,0
2026-08-19 09:23:22,77.99,0.1385,0.0291,14.48,-174.85,0.443,MILD FATIGUE,14,False,0
2026-08-19 09:23:22,78.03,0.1332,0.0388,14.63,-174.07,0.454,MILD FATIGUE,14,False,0
2026-08-19 09:23:22,78.07,0.14,0.0433,14.77,-172.44,0.466,MILD FATIGUE,14,False,0
2026-08-19 09:23:22,78.15,0.1525,0.0395,14.97,-171.11,0.49,MILD FATIGUE,14,False,0
2026-08-19 09:23:22,78.18,0.1518,0.0392,15.14,-170.46,0.5,MILD FATIGUE,14,False,0
2026-08-19 09:23:22,78.23,0.1519,0.039,15.31,-169.17,0.514,DROWSY,14,False,0
2026-08-19 09:23:22,78.27,0.1495,0.0362,15.48,-170.74,0.528,DROWSY,14,False,0
2026-08-19 09:23:22,78.32,0.1521,0.0365,15.65,-170.18,0.542,DROWSY,14,False,0
2026-08-19 09:23:22,78.43,0.2524,0.037,15.7,-169.44,0.173,NORMAL,15,False,0
2026-08-19 09:23:22,78.48,0.28,0.0368,15.7,-166.54,0.187,NORMAL,15,False,0
2026-08-19 09:23:22,78.52,0.2839,0.0425,15.67,-168.52,0.199,NORMAL,15,False,0
2026-08-19 09:23:22,78.55,0.2898,0.0394,15.67,-167.43,0.209,NORMAL,15,False,0
2026-08-19 09:23:22,78.59,0.2978,0.0312,15.67,-167.37,0.218,NORMAL,15,False,0
2026-08-19 09:23:22,78.68,0.2956,0.0449,15.7,-167.5,0.243,NORMAL,15,False,0
2026-08-19 09:23:22,78.73,0.282,0.0252,15.7,-169.24,0.247,NORMAL,15,False,0
2026-08-19 09:23:23,78.78,0.3046,0.0345,15.67,-169.75,0.247,NORMAL,15,False,0
2026-08-19 09:23:23,78.82,0.266,0.0395,15.67,-171.96,0.247,NORMAL,15,False,0
2026-08-19 09:23:23,78.87,0.204,0.0263,15.7,-175.16,0.247,NORMAL,15,False,0
2026-08-19 09:23:23,78.97,0.2487,0.0309,15.73,-178.99,0.247,NORMAL,15,False,0
2026-08-19 09:23:23,79.02,0.2899,0.0591,15.73,-179.64,0.247,NORMAL,15,False,0
2026-08-19 09:23:23,79.05,0.3321,0.0541,15.73,-178.24,0.247,NORMAL,15,False,0
2026-08-19 09:23:23,79.1,0.3143,0.0306,15.73,-178.93,0.247,NORMAL,15,False,0
2026-08-19 09:23:23,79.15,0.3192,0.0458,15.73,-178.35,0.247,NORMAL,15,False,0
2026-08-19 09:23:23,79.25,0.3139,0.0412,15.73,-178.73,0.247,NORMAL,15,False,0
2026-08-19 09:23:23,79.29,0.3045,0.0924,15.73,-178.47,0.247,NORMAL,15,False,0
2026-08-19 09:23:23,79.34,0.3103,0.3281,15.73,-178.74,0.247,NORMAL,15,False,0
2026-08-19 09:23:23,79.38,0.3286,0.4369,15.75,-177.47,0.247,NORMAL,15,False,0
2026-08-19 09:23:23,79.43,0.3334,0.4935,15.75,-178.38,0.247,NORMAL,15,False,0
2026-08-19 09:23:23,79.55,0.2879,0.1748,15.75,175.53,0.047,NORMAL,15,False,0
2026-08-19 09:23:23,79.59,0.3196,0.3395,15.75,175.03,0.047,NORMAL,15,False,0
2026-08-19 09:23:23,79.63,0.3013,0.2809,15.75,174.27,0.047,NORMAL,15,False,0
2026-08-19 09:23:23,79.66,0.3022,0.3654,15.75,173.52,0.047,NORMAL,15,False,0
2026-08-19 09:23:23,79.71,0.3183,0.4717,15.75,174.63,0.047,NORMAL,15,False,0
2026-08-19 09:23:24,79.79,0.2852,0.2792,15.75,174.04,0.047,NORMAL,15,False,0
2026-08-19 09:23:24,79.84,0.2802,0.3617,15.75,176.28,0.047,NORMAL,15,False,0
2026-08-19 09:23:24,79.88,0.3021,0.3435,15.75,175.6,0.047,NORMAL,15,False,0
2026-08-19 09:23:24,79.92,0.3091,0.2933,15.78,175.06,0.047,NORMAL,15,False,0
2026-08-19 09:23:24,79.95,0.2931,0.3305,15.75,173.61,0.047,NORMAL,15,False,0
2026-08-19 09:23:24,80.05,0.3046,0.2559,15.78,176.35,0.047,NORMAL,15,False,0
2026-08-19 09:23:24,80.09,0.302,0.2837,15.78,174.49,0.047,NORMAL,15,False,0
2026-08-19 09:23:24,80.13,0.3022,0.2449,15.78,173.03,0.047,NORMAL,15,False,0
2026-08-19 09:23:24,80.18,0.3099,0.2443,15.78,172.97,0.047,NORMAL,15,False,0
2026-08-19 09:23:24,80.23,0.3109,0.1942,15.75,174.55,0.047,NORMAL,15,False,0
2026-08-19 09:23:24,80.35,0.3052,0.1024,15.81,173.71,0.047,NORMAL,15,False,0
2026-08-19 09:23:24,80.38,0.3049,0.0915,15.81,172.98,0.047,NORMAL,15,False,0
2026-08-19 09:23:24,80.43,0.2938,0.1678,15.81,172.89,0.047,NORMAL,15,False,0
2026-08-19 09:23:24,80.46,0.2832,0.0719,15.78,173.54,0.047,NORMAL,15,False,0
2026-08-19 09:23:24,80.49,0.2998,0.0862,15.75,172.34,0.047,NORMAL,15,False,0
2026-08-19 09:23:24,80.57,0.2624,0.0584,15.81,171.41,0.047,NORMAL,15,False,0
2026-08-19 09:23:24,80.6,0.2861,0.0697,15.78,171.86,0.047,NORMAL,15,False,0
2026-08-19 09:23:24,80.63,0.2902,0.1469,15.78,173.97,0.047,NORMAL,15,False,0
2026-08-19 09:23:24,80.68,0.2708,0.308,15.78,175.06,0.047,NORMAL,15,False,0
2026-08-19 09:23:24,80.71,0.26,0.3513,15.75,174.55,0.047,NORMAL,15,False,0
2026-08-19 09:23:25,80.78,0.2745,0.3441,15.78,175.78,0.047,NORMAL,15,False,0
2026-08-19 09:23:25,80.82,0.2699,0.341,15.78,175.42,0.047,NORMAL,15,False,0
2026-08-19 09:23:25,80.85,0.2703,0.3462,15.78,176.36,0.047,NORMAL,15,False,0
2026-08-19 09:23:25,80.91,0.2749,0.386,15.78,176.61,0.047,NORMAL,15,False,0
2026-08-19 09:23:25,80.95,0.2659,0.312,15.75,175.13,0.047,NORMAL,15,False,0
2026-08-19 09:23:25,81.05,0.2662,0.3668,15.78,174.68,0.047,NORMAL,15,False,0
2026-08-19 09:23:25,81.09,0.2683,0.361,15.78,173.3,0.047,NORMAL,15,False,0
2026-08-19 09:23:25,81.12,0.2382,0.3441,15.78,172.03,0.047,NORMAL,15,False,0
2026-08-19 09:23:25,81.17,0.2627,0.3382,15.75,172.21,0.047,NORMAL,15,False,0
2026-08-19 09:23:25,81.22,0.2502,0.3309,15.75,171.03,0.047,NORMAL,15,False,0
2026-08-19 09:23:25,81.32,0.3027,0.2724,15.78,169.76,0.047,NORMAL,15,False,0
2026-08-19 09:23:25,81.36,0.2506,0.3151,15.81,170.65,0.047,NORMAL,15,False,0
2026-08-19 09:23:25,81.4,0.2666,0.3636,15.81,170.48,0.047,NORMAL,15,False,0
2026-08-19 09:23:25,81.43,0.2536,0.3404,15.78,169.75,0.047,NORMAL,15,False,0
2026-08-19 09:23:25,81.46,0.2585,0.3332,15.75,170.0,0.047,NORMAL,15,False,0
2026-08-19 09:23:25,81.55,0.2565,0.2988,15.78,169.4,0.047,NORMAL,15,False,0
2026-08-19 09:23:25,81.59,0.2631,0.2902,15.78,170.6,0.047,NORMAL,15,False,0
2026-08-19 09:23:25,81.64,0.2518,0.3031,15.78,172.47,0.047,NORMAL,15,False,0
2026-08-19 09:23:25,81.69,0.2359,0.314,15.78,173.3,0.047,NORMAL,15,False,0
2026-08-19 09:23:25,81.72,0.2342,0.2818,15.75,173.27,0.047,NORMAL,15,False,0
2026-08-19 09:23:26,81.81,0.2184,0.3152,15.78,170.41,0.047,NORMAL,15,False,0
2026-08-19 09:23:26,81.84,0.2168,0.254,15.78,171.57,0.047,NORMAL,15,False,0
2026-08-19 09:23:26,81.88,0.2123,0.2545,15.78,170.46,0.047,NORMAL,15,False,0
2026-08-19 09:23:26,81.91,0.2354,0.3479,15.78,172.18,0.047,NORMAL,15,False,0
2026-08-19 09:23:26,81.96,0.2268,0.3253,15.75,174.17,0.047,NORMAL,15,False,0
2026-08-19 09:23:26,82.04,0.2333,0.3518,15.75,175.14,0.047,NORMAL,15,False,0
2026-08-19 09:23:26,82.08,0.2664,0.3878,15.75,176.29,0.047,NORMAL,15,False,0
2026-08-19 09:23:26,82.13,0.2956,0.2641,15.75,174.48,0.047,NORMAL,15,False,0
2026-08-19 09:23:26,82.18,0.3215,0.3711,15.75,175.02,0.047,NORMAL,15,False,0
2026-08-19 09:23:26,82.22,0.3114,0.3509,15.75,173.99,0.047,NORMAL,15,False,0
2026-08-19 09:23:26,82.32,0.3109,0.3318,15.78,173.34,0.047,NORMAL,15,False,0
2026-08-19 09:23:26,82.36,0.2971,0.3,15.78,173.51,0.047,NORMAL,15,False,0
2026-08-19 09:23:26,82.39,0.3058,0.3018,15.78,173.48,0.047,NORMAL,15,False,0
2026-08-19 09:23:26,82.44,0.3147,0.2774,15.78,173.96,0.047,NORMAL,15,False,0
2026-08-19 09:23:26,82.49,0.3096,0.2877,15.75,173.01,0.047,NORMAL,15,False,0
2026-08-19 09:23:26,82.58,0.3204,0.2776,15.78,173.15,0.047,NORMAL,15,False,0
2026-08-19 09:23:26,82.63,0.2921,0.266,15.78,170.27,0.047,NORMAL,15,False,0
2026-08-19 09:23:26,82.67,0.3014,0.284,15.78,171.6,0.047,NORMAL,15,False,0
2026-08-19 09:23:26,82.71,0.3113,0.4185,15.61,172.94,0.047,NORMAL,15,False,0
2026-08-19 09:23:26,82.75,0.3051,0.421,15.58,173.59,0.047,NORMAL,15,False,0
2026-08-19 09:23:27,82.83,0.2945,0.4297,15.27,174.62,0.046,NORMAL,15,False,0
2026-08-19 09:23:27,82.88,0.2916,0.4705,15.09,174.02,0.045,NORMAL,15,False,0
2026-08-19 09:23:27,82.93,0.304,0.3945,14.92,173.91,0.045,NORMAL,15,False,0
2026-08-19 09:23:27,82.97,0.2835,0.4688,14.75,173.27,0.044,NORMAL,15,False,0
2026-08-19 09:23:27,83.01,0.2873,0.3581,14.73,171.8,0.044,NORMAL,15,False,0
2026-08-19 09:23:27,83.1,0.2748,0.4787,14.41,173.53,0.043,NORMAL,15,False,0
2026-08-19 09:23:27,83.15,0.2836,0.4826,14.24,173.83,0.043,NORMAL,15,False,0
2026-08-19 09:23:27,83.19,0.2776,0.5307,14.07,173.64,0.042,NORMAL,15,False,0
2026-08-19 09:23:27,83.24,0.289,0.4567,13.89,174.8,0.042,NORMAL,15,False,0
2026-08-19 09:23:27,83.28,0.302,0.5035,13.87,173.17,0.042,NORMAL,15,False,0
2026-08-19 09:23:27,83.39,0.2659,0.393,13.55,173.96,0.041,NORMAL,15,False,0
2026-08-19 09:23:27,83.43,0.2844,0.5144,13.38,174.86,0.04,NORMAL,15,False,0
2026-08-19 09:23:27,83.48,0.2837,0.4811,13.38,177.16,0.04,NORMAL,15,False,0
2026-08-19 09:23:27,83.52,0.289,0.4909,13.38,179.09,0.04,NORMAL,15,False,0
2026-08-19 09:23:27,83.57,0.2953,0.4938,13.38,178.96,0.04,NORMAL,15,False,0
2026-08-19 09:23:27,83.66,0.289,0.447,13.4,175.3,0.04,NORMAL,15,False,0
2026-08-19 09:23:27,83.69,0.2953,0.4097,13.38,173.12,0.04,NORMAL,15,False,0
2026-08-19 09:23:27,83.73,0.3125,0.4032,13.38,172.04,0.04,NORMAL,15,False,0
2026-08-19 09:23:28,83.77,0.2899,0.2955,13.38,171.94,0.04,NORMAL,15,False,0
2026-08-19 09:23:28,83.82,0.3118,0.2939,13.36,169.69,0.04,NORMAL,15,False,0
2026-08-19 09:23:28,83.9,0.3022,0.327,13.36,168.66,0.04,NORMAL,15,False,0
2026-08-19 09:23:28,83.95,0.2999,0.2979,13.36,167.91,0.04,NORMAL,15,False,0
2026-08-19 09:23:28,84.0,0.2745,0.1736,13.36,166.97,0.04,NORMAL,15,False,0
2026-08-19 09:23:28,84.04,0.2779,0.2849,13.38,164.44,0.04,NORMAL,15,False,0
2026-08-19 09:23:28,84.09,0.2922,0.2943,13.36,164.93,0.04,NORMAL,15,False,0
2026-08-19 09:23:28,84.2,0.2503,0.2439,13.36,163.32,0.04,NORMAL,15,False,0
2026-08-19 09:23:28,84.24,0.3293,0.2403,13.36,164.46,0.04,NORMAL,15,False,0
2026-08-19 09:23:28,84.28,0.2961,0.3113,13.36,166.71,0.04,NORMAL,15,False,0
2026-08-19 09:23:28,84.32,0.2949,0.355,13.36,165.81,0.04,NORMAL,15,False,0
2026-08-19 09:23:28,84.36,0.2992,0.3263,13.33,169.09,0.04,NORMAL,15,False,0
2026-08-19 09:23:28,84.45,0.3004,0.3181,13.36,167.77,0.04,NORMAL,15,False,0
2026-08-19 09:23:28,84.49,0.2377,0.3259,13.36,170.73,0.04,NORMAL,15,False,0
2026-08-19 09:23:28,84.52,0.2479,0.3308,13.33,172.83,0.04,NORMAL,15,False,0
2026-08-19 09:23:28,84.56,0.2556,0.2594,13.36,173.8,0.04,NORMAL,15,False,0
2026-08-19 09:23:28,84.61,0.2476,0.2083,13.33,174.81,0.04,NORMAL,15,False,0
2026-08-19 09:23:28,84.71,0.2718,0.2274,13.33,173.95,0.04,NORMAL,15,False,0
2026-08-19 09:23:28,84.74,0.2453,0.1736,13.33,172.34,0.04,NORMAL,15,False,0
2026-08-19 09:23:29,84.78,0.2454,0.2042,13.16,171.7,0.039,NORMAL,15,False,0
2026-08-19 09:23:29,84.83,0.2558,0.2442,13.16,170.42,0.039,NORMAL,15,False,0
2026-08-19 09:23:29,84.88,0.2439,0.2552,13.16,171.27,0.039,NORMAL,15,False,0
2026-08-19 09:23:29,84.98,0.3102,0.2665,13.16,171.27,0.039,NORMAL,15,False,0
2026-08-19 09:23:29,85.03,0.3267,0.2699,13.16,172.56,0.039,NORMAL,15,False,0
2026-08-19 09:23:29,85.06,0.3333,0.168,13.16,172.94,0.039,NORMAL,15,False,0
2026-08-19 09:23:29,85.1,0.3217,0.2127,13.14,172.36,0.039,NORMAL,15,False,0
2026-08-19 09:23:29,85.14,0.297,0.2091,12.97,171.36,0.039,NORMAL,15,False,0
2026-08-19 09:23:29,85.22,0.319,0.2417,12.8,172.85,0.038,NORMAL,15,False,0
2026-08-19 09:23:29,85.27,0.3196,0.1817,12.78,172.12,0.038,NORMAL,15,False,0
2026-08-19 09:23:29,85.3,0.3028,0.2076,12.78,170.13,0.038,NORMAL,15,False,0
2026-08-19 09:23:29,85.35,0.3206,0.1764,12.78,170.19,0.038,NORMAL,15,False,0
2026-08-19 09:23:29,85.39,0.2614,0.3003,12.78,171.0,0.038,NORMAL,15,False,0
2026-08-19 09:23:29,85.52,0.2272,0.2549,12.8,169.84,0.038,NORMAL,15,False,0
2026-08-19 09:23:29,85.57,0.2413,0.2161,12.78,173.77,0.038,NORMAL,15,False,0
2026-08-19 09:23:29,85.61,0.2426,0.17,12.78,173.37,0.038,NORMAL,15,False,0
2026-08-19 09:23:29,85.66,0.223,0.2232,12.78,171.89,0.038,NORMAL,15,False,0
2026-08-19 09:23:29,85.7,0.2227,0.2598,12.78,173.98,0.038,NORMAL,15,False,0
2026-08-19 09:23:30,85.8,0.1517,0.253,12.97,168.6,0.039,NORMAL,15,False,0
2026-08-19 09:23:30,85.85,0.2024,0.2666,12.95,169.56,0.039,NORMAL,15,False,0
2026-08-19 09:23:30,85.88,0.1622,0.259,13.12,170.85,0.039,NORMAL,15,False,0
2026-08-19 09:23:30,85.93,0.1553,0.256,13.29,172.68,0.077,NORMAL,15,False,0
2026-08-19 09:23:30,85.97,0.1363,0.2907,13.46,174.43,0.11,NORMAL,15,False,0
2026-08-19 09:23:30,86.09,0.1245,0.2416,13.65,-173.57,0.205,NORMAL,15,False,0
2026-08-19 09:23:30,86.13,0.1347,0.3129,13.8,-175.74,0.252,NORMAL,15,False,0
2026-08-19 09:23:30,86.17,0.1384,0.2709,13.97,-172.97,0.304,MILD FATIGUE,15,False,0
2026-08-19 09:23:30,86.22,0.1431,0.3009,14.14,-173.84,0.354,MILD FATIGUE,15,False,0
2026-08-19 09:23:30,86.27,0.171,0.3185,14.33,-171.73,0.41,MILD FATIGUE,15,False,0
2026-08-19 09:23:30,86.39,0.1632,0.2165,14.51,-165.82,0.531,DROWSY,15,False,0
2026-08-19 09:23:30,86.44,0.1718,0.2437,14.65,-167.6,0.545,DROWSY,15,False,0
2026-08-19 09:23:30,86.49,0.1761,0.2142,14.82,-157.91,0.56,DROWSY,15,False,0
2026-08-19 09:23:30,86.58,0.1912,0.2387,15.04,-156.59,0.586,DROWSY,15,False,0
2026-08-19 09:23:30,86.62,0.2088,0.2548,15.04,-155.33,0.199,NORMAL,16,False,0
2026-08-19 09:23:30,86.75,0.1987,0.1871,15.21,-152.18,0.237,NORMAL,16,False,0
2026-08-19 09:23:31,86.8,0.236,0.2588,15.21,-152.16,0.246,NORMAL,16,False,0
2026-08-19 09:23:31,86.83,0.2287,0.2235,15.21,-151.86,0.246,NORMAL,16,False,0
2026-08-19 09:23:31,86.86,0.2191,0.2283,15.21,-152.52,0.246,NORMAL,16,False,0
2026-08-19 09:23:31,86.91,0.2214,0.1888,15.21,-151.81,0.246,NORMAL,16,False,0
2026-08-19 09:23:31,87.01,0.2186,0.1803,15.24,-152.11,0.246,NORMAL,16,False,0
2026-08-19 09:23:31,87.06,0.2135,0.1488,15.27,-157.21,0.246,NORMAL,16,False,0
2026-08-19 09:23:31,87.09,0.2065,0.1408,15.24,-157.84,0.246,NORMAL,16,False,0
2026-08-19 09:23:31,87.12,0.218,0.1659,15.24,-159.33,0.246,NORMAL,16,False,0
2026-08-19 09:23:31,87.17,0.2028,0.1682,15.24,-159.72,0.246,NORMAL,16,False,0
2026-08-19 09:23:31,87.28,0.2033,0.1532,15.27,-158.5,0.246,NORMAL,16,False,0
2026-08-19 09:23:31,87.32,0.2263,0.1297,15.27,-157.87,0.246,NORMAL,16,False,0
2026-08-19 09:23:31,87.36,0.2026,0.0913,15.27,-158.88,0.246,NORMAL,16,False,0
2026-08-19 09:23:31,87.41,0.2254,0.1008,15.24,-157.69,0.246,NORMAL,16,False,0
2026-08-19 09:23:31,87.46,0.2141,0.0918,15.21,-156.9,0.246,NORMAL,16,False,0
2026-08-19 09:23:31,87.59,0.2269,0.0593,15.29,-156.93,0.246,NORMAL,16,False,0
2026-08-19 09:23:31,87.63,0.2193,0.068,15.29,-157.38,0.246,NORMAL,16,False,0
2026-08-19 09:23:31,87.67,0.223,0.0598,15.27,-158.53,0.246,NORMAL,16,False,0
2026-08-19 09:23:31,87.71,0.2299,0.0508,15.27,-155.99,0.246,NORMAL,16,False,0
2026-08-19 09:23:31,87.75,0.2183,0.0436,15.29,-157.73,0.246,NORMAL,16,False,0
2026-08-19 09:23:32,87.88,0.2238,0.0376,15.32,-156.61,0.246,NORMAL,16,False,0
2026-08-19 09:23:32,87.93,0.2293,0.0499,15.32,-157.97,0.246,NORMAL,16,False,0
2026-08-19 09:23:32,87.97,0.2178,0.0708,15.32,-158.14,0.246,NORMAL,16,False,0
2026-08-19 09:23:32,88.01,0.209,0.0493,15.32,-157.83,0.246,NORMAL,16,False,0
2026-08-19 09:23:32,88.05,0.2246,0.0635,15.32,-157.87,0.246,NORMAL,16,False,0
2026-08-19 09:23:32,88.17,0.2194,0.0578,15.32,-158.45,0.246,NORMAL,16,False,0
2026-08-19 09:23:32,88.21,0.2112,0.0592,15.32,-159.17,0.246,NORMAL,16,False,0
2026-08-19 09:23:32,88.25,0.229,0.0608,15.32,-159.48,0.246,NORMAL,16,False,0
2026-08-19 09:23:32,88.31,0.2106,0.0668,15.34,-159.09,0.246,NORMAL,16,False,0
2026-08-19 09:23:32,88.34,0.2187,0.0605,15.32,-159.53,0.246,NORMAL,16,False,0
2026-08-19 09:23:32,88.45,0.2094,0.0623,15.34,-159.94,0.246,NORMAL,16,False,0
2026-08-19 09:23:32,88.48,0.2026,0.0655,15.34,-160.19,0.246,NORMAL,16,False,0
2026-08-19 09:23:32,88.53,0.2196,0.0745,15.37,-159.76,0.246,NORMAL,16,False,0
2026-08-19 09:23:32,88.58,0.2142,0.0616,15.37,-160.37,0.246,NORMAL,16,False,0
2026-08-19 09:23:32,88.62,0.2157,0.0661,15.34,-160.28,0.246,NORMAL,16,False,0
2026-08-19 09:23:32,88.75,0.2173,0.0865,15.37,-160.7,0.246,NORMAL,16,False,0
2026-08-19 09:23:33,88.79,0.2031,0.1174,15.37,-163.15,0.246,NORMAL,16,False,0
2026-08-19 09:23:33,88.83,0.2049,0.1134,15.37,-162.32,0.246,NORMAL,16,False,0
2026-08-19 09:23:33,88.87,0.2172,0.0829,15.37,-162.14,0.246,NORMAL,16,False,0
2026-08-19 09:23:33,88.92,0.203,0.0919,15.34,-163.07,0.246,NORMAL,16,False,0
2026-08-19 09:23:33,89.02,0.2112,0.0909,15.4,-162.12,0.246,NORMAL,16,False,0
2026-08-19 09:23:33,89.06,0.2029,0.0977,15.37,-163.36,0.246,NORMAL,16,False,0
2026-08-19 09:23:33,89.09,0.2027,0.0942,15.37,-163.43,0.246,NORMAL,16,False,0
2026-08-19 09:23:33,89.14,0.2018,0.1601,15.37,-163.32,0.246,NORMAL,16,False,0
2026-08-19 09:23:33,89.18,0.1851,0.1186,15.52,-166.47,0.247,NORMAL,16,False,0
2026-08-19 09:23:33,89.27,0.2018,0.0959,15.54,-167.6,0.247,NORMAL,16,False,0
2026-08-19 09:23:33,89.31,0.2444,0.0719,15.54,-167.72,0.247,NORMAL,16,False,0
2026-08-19 09:23:33,89.35,0.2984,0.1047,15.54,-176.57,0.247,NORMAL,16,False,0
2026-08-19 09:23:33,89.39,0.3217,0.0989,15.52,-177.22,0.247,NORMAL,16,False,0
2026-08-19 09:23:33,89.42,0.2962,0.1087,15.52,-178.96,0.247,NORMAL,16,False,0
2026-08-19 09:23:33,89.49,0.3165,0.1432,15.52,179.74,0.047,NORMAL,16,False,0
2026-08-19 09:23:33,89.53,0.3129,0.1334,15.49,-178.78,0.046,NORMAL,16,False,0
2026-08-19 09:23:33,89.56,0.3215,0.1319,15.49,178.95,0.046,NORMAL,16,False,0
2026-08-19 09:23:33,89.61,0.3238,0.1077,15.49,177.64,0.046,NORMAL,16,False,0
2026-08-19 09:23:33,89.64,0.3204,0.1844,15.49,178.15,0.046,NORMAL,16,False,0
2026-08-19 09:23:33,89.73,0.333,0.2047,15.49,174.26,0.046,NORMAL,16,False,0
2026-08-19 09:23:33,89.76,0.3104,0.1646,15.46,174.08,0.046,NORMAL,16,False,0
2026-08-19 09:23:34,89.81,0.3173,0.2521,15.46,175.09,0.046,NORMAL,16,False,0
2026-08-19 09:23:34,89.86,0.3167,0.2202,15.46,172.92,0.046,NORMAL,16,False,0
2026-08-19 09:23:34,89.9,0.3066,0.2258,15.46,174.53,0.046,NORMAL,16,False,0
2026-08-19 09:23:34,90.0,0.3123,0.2274,15.49,172.46,0.046,NORMAL,16,False,0
2026-08-19 09:23:34,90.04,0.3264,0.2523,15.49,174.01,0.046,NORMAL,16,False,0
2026-08-19 09:23:34,90.08,0.3325,0.2567,15.46,173.84,0.046,NORMAL,16,False,0
2026-08-19 09:23:34,90.12,0.3201,0.2396,15.49,173.57,0.046,NORMAL,16,False,0
2026-08-19 09:23:34,90.15,0.3223,0.2727,15.46,172.9,0.046,NORMAL,16,False,0
2026-08-19 09:23:34,90.23,0.3179,0.2869,15.49,173.88,0.046,NORMAL,16,False,0
2026-08-19 09:23:34,90.28,0.3212,0.2895,15.46,173.4,0.046,NORMAL,16,False,0
2026-08-19 09:23:34,90.31,0.3358,0.3318,15.46,173.72,0.046,NORMAL,16,False,0
2026-08-19 09:23:34,90.34,0.3132,0.3086,15.44,173.5,0.046,NORMAL,16,False,0
2026-08-19 09:23:34,90.37,0.3279,0.3001,15.44,174.23,0.046,NORMAL,16,False,0
2026-08-19 09:23:34,90.45,0.3265,0.3162,15.46,175.34,0.046,NORMAL,16,False,0
2026-08-19 09:23:34,90.5,0.3092,0.3337,15.46,175.27,0.046,NORMAL,16,False,0
2026-08-19 09:23:34,90.53,0.3008,0.312,15.44,173.53,0.046,NORMAL,16,False,0
2026-08-19 09:23:34,90.58,0.3276,0.3713,15.44,175.02,0.046,NORMAL,16,False,0
2026-08-19 09:23:34,90.63,0.305,0.3098,15.44,174.42,0.046,NORMAL,16,False,0
2026-08-19 09:23:34,90.72,0.3213,0.2374,15.49,174.49,0.046,NORMAL,16,False,0
2026-08-19 09:23:35,90.77,0.3054,0.26,15.46,174.54,0.046,NORMAL,16,False,0
2026-08-19 09:23:35,90.81,0.325,0.2496,15.46,176.2,0.046,NORMAL,16,False,0
2026-08-19 09:23:35,90.85,0.2976,0.2816,15.46,175.22,0.046,NORMAL,16,False,0
2026-08-19 09:23:35,90.89,0.3203,0.2595,15.46,175.02,0.046,NORMAL,16,False,0
2026-08-19 09:23:35,91.02,0.3429,0.3014,15.49,176.94,0.046,NORMAL,16,False,0
2026-08-19 09:23:35,91.07,0.3366,0.2893,15.49,176.49,0.046,NORMAL,16,False,0
2026-08-19 09:23:35,91.11,0.3305,0.2953,15.49,-179.34,0.046,NORMAL,16,False,0
2026-08-19 09:23:35,91.16,0.3567,0.3246,15.49,-178.02,0.06,NORMAL,16,False,0
2026-08-19 09:23:35,91.21,0.3651,0.3005,15.49,-178.5,0.073,NORMAL,16,False,0
2026-08-19 09:23:35,91.32,0.3469,0.2649,15.52,-176.83,0.107,NORMAL,16,False,0
2026-08-19 09:23:35,91.36,0.3549,0.2083,15.52,-175.23,0.117,NORMAL,16,False,0
2026-08-19 09:23:35,91.41,0.3571,0.2804,15.52,-174.85,0.13,NORMAL,16,False,0
2026-08-19 09:23:35,91.46,0.3534,0.2372,15.52,-175.11,0.144,NORMAL,16,False,0
2026-08-19 09:23:35,91.51,0.3362,0.143,15.52,-172.91,0.158,NORMAL,16,False,0
2026-08-19 09:23:35,91.65,0.3282,0.2684,15.57,-173.31,0.198,NORMAL,16,False,0
2026-08-19 09:23:35,91.69,0.3422,0.2452,15.57,-173.12,0.21,NORMAL,16,False,0
2026-08-19 09:23:35,91.72,0.3312,0.2179,15.57,-174.55,0.22,NORMAL,16,False,0
2026-08-19 09:23:36,91.77,0.3551,0.2909,15.57,-174.7,0.234,NORMAL,16,False,0
2026-08-19 09:23:36,91.82,0.3614,0.2928,15.57,-172.71,0.247,NORMAL,16,False,0
2026-08-19 09:23:36,91.92,0.3412,0.2424,15.6,-172.71,0.247,NORMAL,16,False,0
2026-08-19 09:23:36,91.97,0.3363,0.2256,15.6,-171.51,0.247,NORMAL,16,False,0
2026-08-19 09:23:36,92.01,0.3401,0.2651,15.57,-169.74,0.247,NORMAL,16,False,0
2026-08-19 09:23:36,92.06,0.331,0.2793,15.57,-169.63,0.247,NORMAL,16,False,0
2026-08-19 09:23:36,92.11,0.3389,0.2306,15.57,-169.66,0.247,NORMAL,16,False,0
2026-08-19 09:23:36,92.22,0.3443,0.287,15.6,-170.88,0.247,NORMAL,16,False,0
2026-08-19 09:23:36,92.26,0.3451,0.274,15.6,-171.56,0.247,NORMAL,16,False,0
2026-08-19 09:23:36,92.31,0.3461,0.1806,15.6,-172.37,0.247,NORMAL,16,False,0
2026-08-19 09:23:36,92.36,0.3397,0.1943,15.6,-172.19,0.247,NORMAL,16,False,0
2026-08-19 09:23:36,92.41,0.3503,0.2088,15.6,-173.29,0.247,NORMAL,16,False,0
2026-08-19 09:23:36,92.55,0.3274,0.2098,15.62,-173.8,0.247,NORMAL,16,False,0
2026-08-19 09:23:36,92.59,0.3436,0.1888,15.62,-173.58,0.247,NORMAL,16,False,0
2026-08-19 09:23:36,92.64,0.3328,0.2051,15.65,-173.76,0.247,NORMAL,16,False,0
2026-08-19 09:23:36,92.68,0.3469,0.2523,15.65,-174.96,0.247,NORMAL,16,False,0
2026-08-19 09:23:36,92.73,0.3382,0.2172,15.65,-175.43,0.247,NORMAL,16,False,0
2026-08-19 09:23:37,92.81,0.3322,0.2188,15.65,-174.96,0.247,NORMAL,16,False,0
2026-08-19 09:23:37,92.84,0.3389,0.2419,15.65,-175.47,0.247,NORMAL,16,False,0
2026-08-19 09:23:37,92.88,0.3388,0.242,15.65,-175.4,0.247,NORMAL,16,False,0
2026-08-19 09:23:37,92.92,0.3417,0.1912,15.65,-175.91,0.247,NORMAL,16,False,0
2026-08-19 09:23:37,92.95,0.3534,0.2237,15.65,-175.79,0.247,NORMAL,16,False,0
2026-08-19 09:23:37,93.04,0.3427,0.2328,15.65,-177.18,0.247,NORMAL,16,False,0
2026-08-19 09:23:37,93.09,0.3483,0.2372,15.65,-176.97,0.247,NORMAL,16,False,0
2026-08-19 09:23:37,93.12,0.3249,0.2427,15.48,-176.9,0.246,NORMAL,16,False,0
2026-08-19 09:23:37,93.17,0.3288,0.2164,15.16,-177.15,0.245,NORMAL,16,False,0
2026-08-19 09:23:37,93.21,0.3485,0.2952,15.13,-176.74,0.245,NORMAL,16,False,0
2026-08-19 09:23:37,93.33,0.3441,0.2442,15.16,-178.52,0.245,NORMAL,16,False,0
2026-08-19 09:23:37,93.37,0.352,0.2516,15.16,-179.32,0.245,NORMAL,16,False,0
2026-08-19 09:23:37,93.42,0.3349,0.2507,15.16,-178.93,0.245,NORMAL,16,False,0
2026-08-19 09:23:37,93.47,0.3426,0.2641,15.16,179.85,0.045,NORMAL,16,False,0
2026-08-19 09:23:37,93.51,0.3547,0.2981,15.13,-179.07,0.045,NORMAL,16,False,0
2026-08-19 09:23:37,93.63,0.3487,0.3002,15.16,-179.02,0.079,NORMAL,16,False,0
2026-08-19 09:23:37,93.67,0.3258,0.2989,15.16,179.53,0.045,NORMAL,16,False,0
2026-08-19 09:23:37,93.72,0.3322,0.2935,15.16,178.83,0.045,NORMAL,16,False,0
2026-08-19 09:23:38,93.76,0.3641,0.3743,15.16,178.53,0.045,NORMAL,16,False,0
2026-08-19 09:23:38,93.81,0.3588,0.2759,15.13,177.64,0.045,NORMAL,16,False,0
2026-08-19 09:23:38,93.92,0.3417,0.2077,15.18,178.61,0.046,NORMAL,16,False,0
2026-08-19 09:23:38,93.96,0.3514,0.2948,15.18,177.57,0.046,NORMAL,16,False,0
2026-08-19 09:23:38,94.01,0.3387,0.2071,15.18,176.93,0.046,NORMAL,16,False,0
2026-08-19 09:23:38,94.04,0.3259,0.2316,15.16,176.5,0.045,NORMAL,16,False,0
2026-08-19 09:23:38,94.09,0.3341,0.2083,15.16,176.41,0.045,NORMAL,16,False,0
2026-08-19 09:23:38,94.19,0.3477,0.2475,15.21,177.42,0.046,NORMAL,16,False,0
2026-08-19 09:23:38,94.22,0.3449,0.2483,15.21,177.06,0.046,NORMAL,16,False,0
2026-08-19 09:23:38,94.26,0.3358,0.2083,15.18,176.85,0.046,NORMAL,16,False,0
2026-08-19 09:23:38,94.29,0.3363,0.2016,15.16,176.32,0.045,NORMAL,16,False,0
2026-08-19 09:23:38,94.34,0.3498,0.1992,15.18,176.95,0.046,NORMAL,16,False,0
2026-08-19 09:23:38,94.42,0.3576,0.2444,15.21,177.91,0.046,NORMAL,16,False,0
2026-08-19 09:23:38,94.46,0.3412,0.2113,15.21,178.05,0.046,NORMAL,16,False,0
2026-08-19 09:23:38,94.49,0.3395,0.1843,15.18,177.93,0.046,NORMAL,16,False,0
2026-08-19 09:23:38,94.52,0.346,0.2379,15.18,178.22,0.046,NORMAL,16,False,0
2026-08-19 09:23:38,94.57,0.3581,0.2055,15.18,178.5,0.046,NORMAL,16,False,0
2026-08-19 09:23:38,94.67,0.3449,0.2633,15.24,178.96,0.046,NORMAL,16,False,0
2026-08-19 09:23:38,94.71,0.3281,0.1883,15.21,178.28,0.046,NORMAL,16,False,0
2026-08-19 09:23:38,94.75,0.3391,0.2606,15.21,179.58,0.046,NORMAL,16,False,0
2026-08-19 09:23:39,94.79,0.3437,0.2105,15.21,179.24,0.046,NORMAL,16,False,0
2026-08-19 09:23:39,94.83,0.3464,0.2604,15.21,178.9,0.046,NORMAL,16,False,0
2026-08-19 09:23:39,94.96,0.3648,0.1798,15.24,179.28,0.046,NORMAL,16,False,0
2026-08-19 09:23:39,95.01,0.3627,0.2345,15.24,-179.83,0.046,NORMAL,16,False,0
2026-08-19 09:23:39,95.05,0.3492,0.2201,15.24,-179.52,0.057,NORMAL,16,False,0
2026-08-19 09:23:39,95.1,0.3332,0.2188,15.26,179.63,0.046,NORMAL,16,False,0
2026-08-19 09:23:39,95.15,0.3291,0.2148,15.26,178.62,0.046,NORMAL,16,False,0
2026-08-19 09:23:39,95.22,0.3391,0.2368,15.26,178.4,0.046,NORMAL,16,False,0
2026-08-19 09:23:39,95.25,0.3327,0.1988,15.24,179.26,0.046,NORMAL,16,False,0
2026-08-19 09:23:39,95.3,0.3459,0.2101,15.24,178.87,0.046,NORMAL,16,False,0
2026-08-19 09:23:39,95.35,0.366,0.2262,15.24,-179.59,0.046,NORMAL,16,False,0
2026-08-19 09:23:39,95.38,0.3548,0.199,15.24,-178.9,0.054,NORMAL,16,False,0
2026-08-19 09:23:39,95.49,0.3571,0.2268,15.24,-179.15,0.088,NORMAL,16,False,0
2026-08-19 09:23:39,95.54,0.3434,0.2202,15.24,-178.87,0.099,NORMAL,16,False,0
2026-08-19 09:23:39,95.57,0.3505,0.2522,15.24,-179.57,0.109,NORMAL,16,False,0
2026-08-19 09:23:39,95.61,0.3339,0.1851,15.24,179.9,0.046,NORMAL,16,False,0
2026-08-19 09:23:39,95.64,0.3537,0.215,15.24,-179.53,0.046,NORMAL,16,False,0
2026-08-19 09:23:39,95.74,0.3502,0.2101,15.24,179.89,0.046,NORMAL,16,False,0
2026-08-19 09:23:40,95.78,0.3405,0.2058,15.24,179.59,0.046,NORMAL,16,False,0
2026-08-19 09:23:40,95.82,0.3437,0.2557,15.21,178.29,0.046,NORMAL,16,False,0
2026-08-19 09:23:40,95.86,0.3315,0.2352,15.21,178.97,0.046,NORMAL,16,False,0
2026-08-19 09:23:40,95.91,0.3666,0.2235,15.24,-179.43,0.046,NORMAL,16,False,0
2026-08-19 09:23:40,96.01,0.3537,0.1922,15.24,-179.41,0.072,NORMAL,16,False,0
2026-08-19 09:23:40,96.05,0.3596,0.2034,15.24,-179.32,0.085,NORMAL,16,False,0
2026-08-19 09:23:40,96.1,0.357,0.2074,15.24,-179.24,0.098,NORMAL,16,False,0
2026-08-19 09:23:40,96.15,0.3404,0.2055,15.24,179.89,0.046,NORMAL,16,False,0
2026-08-19 09:23:40,96.19,0.337,0.2665,15.24,179.38,0.046,NORMAL,16,False,0
2026-08-19 09:23:40,96.28,0.3455,0.1998,15.24,178.76,0.046,NORMAL,16,False,0
2026-08-19 09:23:40,96.32,0.3487,0.2143,15.24,178.23,0.046,NORMAL,16,False,0
2026-08-19 09:23:40,96.35,0.3607,0.2433,15.24,177.15,0.046,NORMAL,16,False,0
2026-08-19 09:23:40,96.38,0.3596,0.2121,15.21,178.27,0.046,NORMAL,16,False,0
2026-08-19 09:23:40,96.41,0.3581,0.2131,15.21,178.63,0.046,NORMAL,16,False,0
2026-08-19 09:23:40,96.51,0.3284,0.2014,15.24,179.26,0.046,NORMAL,16,False,0
2026-08-19 09:23:40,96.55,0.3545,0.2629,15.21,178.65,0.046,NORMAL,16,False,0
2026-08-19 09:23:40,96.59,0.3479,0.2419,15.21,-179.75,0.046,NORMAL,16,False,0
2026-08-19 09:23:40,96.62,0.3592,0.268,15.21,-179.69,0.055,NORMAL,16,False,0
2026-08-19 09:23:40,96.67,0.3563,0.2127,15.21,-179.65,0.069,NORMAL,16,False,0
2026-08-19 09:23:41,96.77,0.3338,0.3154,15.24,179.65,0.046,NORMAL,16,False,0
2026-08-19 09:23:41,96.81,0.3444,0.2393,15.24,178.6,0.046,NORMAL,16,False,0
2026-08-19 09:23:41,96.86,0.3568,0.193,15.24,179.03,0.046,NORMAL,16,False,0
2026-08-19 09:23:41,96.91,0.3464,0.2234,15.26,178.41,0.046,NORMAL,16,False,0
2026-08-19 09:23:41,96.95,0.3536,0.203,15.26,178.9,0.046,NORMAL,16,False,0
2026-08-19 09:23:41,97.04,0.3393,0.2024,15.26,177.21,0.046,NORMAL,16,False,0
2026-08-19 09:23:41,97.1,0.3219,0.236,15.29,177.75,0.046,NORMAL,16,False,0
2026-08-19 09:23:41,97.13,0.3422,0.2488,15.29,178.25,0.046,NORMAL,16,False,0
2026-08-19 09:23:41,97.18,0.3388,0.2138,15.29,179.39,0.046,NORMAL,16,False,0
2026-08-19 09:23:41,97.22,0.3535,0.2268,15.26,179.81,0.046,NORMAL,16,False,0
2026-08-19 09:23:41,97.31,0.3174,0.2887,15.32,-179.63,0.046,NORMAL,16,False,0
2026-08-19 09:23:41,97.35,0.3121,0.33,15.32,-179.71,0.055,NORMAL,16,False,0
2026-08-19 09:23:41,97.39,0.3019,0.3095,15.32,179.0,0.046,NORMAL,16,False,0
2026-08-19 09:23:41,97.44,0.3168,0.3279,15.29,179.5,0.046,NORMAL,16,False,0
2026-08-19 09:23:41,97.48,0.3051,0.3127,15.29,178.58,0.046,NORMAL,16,False,0
2026-08-19 09:23:41,97.59,0.2098,0.373,15.34,175.22,0.046,NORMAL,16,False,0
2026-08-19 09:23:41,97.64,0.1481,0.3296,15.52,173.88,0.047,NORMAL,16,False,0
2026-08-19 09:23:41,97.68,0.1496,0.2825,15.67,172.12,0.08,NORMAL,16,False,0
2026-08-19 09:23:41,97.72,0.1637,0.2838,15.85,171.22,0.116,NORMAL,16,False,0
2026-08-19 09:23:41,97.76,0.1852,0.2758,15.85,170.87,0.144,NORMAL,16,False,0
2026-08-19 09:23:42,97.87,0.2269,0.1658,15.52,169.66,0.047,NORMAL,17,False,0
2026-08-19 09:23:42,97.91,0.2314,0.1506,15.52,170.22,0.047,NORMAL,17,False,0
2026-08-19 09:23:42,97.97,0.2307,0.1445,15.49,171.87,0.046,NORMAL,17,False,0
2026-08-19 09:23:42,98.01,0.2846,0.1971,15.49,173.72,0.046,NORMAL,17,False,0
2026-08-19 09:23:42,98.04,0.2687,0.1921,15.49,175.04,0.046,NORMAL,17,False,0
2026-08-19 09:23:42,98.14,0.2795,0.184,15.52,175.95,0.047,NORMAL,17,False,0
2026-08-19 09:23:42,98.18,0.2991,0.1986,15.52,175.74,0.047,NORMAL,17,False,0
2026-08-19 09:23:42,98.21,0.2799,0.2015,15.49,175.81,0.046,NORMAL,17,False,0
2026-08-19 09:23:42,98.24,0.288,0.0759,15.49,175.16,0.046,NORMAL,17,False,0
2026-08-19 09:23:42,98.29,0.2927,0.0495,15.49,175.54,0.046,NORMAL,17,False,0
2026-08-19 09:23:42,98.38,0.2774,0.2176,15.52,174.39,0.047,NORMAL,17,False,0
2026-08-19 09:23:42,98.41,0.2821,0.2928,15.52,174.06,0.047,NORMAL,17,False,0
2026-08-19 09:23:42,98.46,0.2743,0.2965,15.49,172.59,0.046,NORMAL,17,False,0
2026-08-19 09:23:42,98.49,0.2803,0.1805,15.49,172.37,0.046,NORMAL,17,False,0
2026-08-19 09:23:42,98.53,0.2706,0.0596,15.49,172.49,0.046,NORMAL,17,False,0
2026-08-19 09:23:42,98.66,0.2681,0.2143,15.55,173.42,0.047,NORMAL,17,False,0
2026-08-19 09:23:42,98.7,0.2699,0.2454,15.52,172.9,0.047,NORMAL,17,False,0
2026-08-19 09:23:42,98.74,0.2631,0.24,15.52,173.3,0.047,NORMAL,17,False,0
2026-08-19 09:23:43,98.78,0.2615,0.2316,15.52,173.24,0.047,NORMAL,17,False,0
2026-08-19 09:23:43,98.82,0.2776,0.2751,15.52,172.55,0.047,NORMAL,17,False,0
2026-08-19 09:23:43,98.94,0.2726,0.1456,15.55,171.52,0.047,NORMAL,17,False,0
2026-08-19 09:23:43,98.98,0.2686,0.0709,15.55,173.07,0.047,NORMAL,17,False,0
2026-08-19 09:23:43,99.02,0.2751,0.072,15.55,172.25,0.047,NORMAL,17,False,0
2026-08-19 09:23:43,99.06,0.276,0.0789,15.55,172.15,0.047,NORMAL,17,False,0
2026-08-19 09:23:43,99.11,0.2739,0.0879,15.58,171.85,0.047,NORMAL,17,False,0
2026-08-19 09:23:43,99.2,0.2866,0.0693,15.58,174.25,0.047,NORMAL,17,False,0
2026-08-19 09:23:43,99.25,0.2842,0.0758,15.58,174.27,0.047,NORMAL,17,False,0
