timestamp,elapsed_sec,ear,mar,perclos,pitch,fusion_score,blink_count,status,phone_detected
2026-07-30 15:02:20,8.05,0.2976,0.2257,0.0,175.98,0.0,0,NORMAL,False
2026-07-30 15:02:20,8.1,0.3034,0.2356,0.0,174.08,0.0,0,NORMAL,False
2026-07-30 15:02:20,8.15,0.2976,0.2254,0.0,174.73,0.0,0,NORMAL,False
2026-07-30 15:02:20,8.3,0.3335,0.2398,0.0,176.32,0.0,0,NORMAL,False
2026-07-30 15:02:20,8.33,0.3065,0.2673,0.0,176.19,0.0,0,NORMAL,False
2026-07-30 15:02:20,8.38,0.3109,0.2015,0.0,175.75,0.0,0,NORMAL,False
2026-07-30 15:02:20,8.5,0.2565,0.2149,0.0,175.38,0.0,0,NORMAL,False
2026-07-30 15:02:20,8.55,0.2483,0.2096,0.0,172.23,0.0,0,NORMAL,False
2026-07-30 15:02:20,8.6,0.2476,0.2562,0.0,173.16,0.0,0,NORMAL,False
2026-07-30 15:02:21,8.7,0.2338,0.2114,0.0,173.23,0.0,0,NORMAL,False
2026-07-30 15:02:21,8.9,0.2676,0.2037,0.0,172.73,0.0,0,NORMAL,False
2026-07-30 15:02:21,8.95,0.3397,0.1747,0.0,174.59,0.0,0,NORMAL,False
2026-07-30 15:02:21,9.07,0.3286,0.0804,0.0,174.79,0.0,0,NORMAL,False
2026-07-30 15:02:21,9.11,0.3423,0.0788,0.0,176.16,0.0,0,NORMAL,False
2026-07-30 15:02:21,9.15,0.3451,0.0807,0.0,175.79,0.0,0,NORMAL,False
2026-07-30 15:02:21,9.24,0.3225,0.0833,0.0,175.03,0.0,0,NORMAL,False
2026-07-30 15:02:21,9.28,0.345,0.0682,0.0,175.75,0.0,0,NORMAL,False
2026-07-30 15:02:21,9.32,0.3421,0.0027,0.0,175.87,0.0,0,NORMAL,False
2026-07-30 15:02:21,9.4,0.3102,0.0042,0.0,174.37,0.0,0,NORMAL,False
2026-07-30 15:02:21,9.45,0.3156,0.0102,0.0,174.01,0.0,0,NORMAL,False
2026-07-30 15:02:21,9.58,0.288,0.0059,0.0,174.05,0.0,0,NORMAL,False
2026-07-30 15:02:21,9.72,0.2793,0.0036,0.0,173.99,0.0,0,NORMAL,False
2026-07-30 15:02:21,9.77,0.2933,0.003,0.0,174.0,0.0,0,NORMAL,False
2026-07-30 15:02:21,9.82,0.2843,0.0042,0.0,174.79,0.0,0,NORMAL,False
2026-07-30 15:02:22,9.95,0.325,0.0029,0.0,177.13,0.0,0,NORMAL,False
2026-07-30 15:02:22,10.0,0.3254,0.0042,0.0,177.01,0.0,0,NORMAL,False
2026-07-30 15:02:22,10.05,0.3345,0.0108,0.0,177.07,0.0,0,NORMAL,False
2026-07-30 15:02:22,10.19,0.3219,0.0075,0.0,176.21,0.0,0,NORMAL,False
2026-07-30 15:02:22,10.24,0.3258,0.0048,0.0,176.42,0.0,0,NORMAL,False
2026-07-30 15:02:22,10.29,0.3152,0.0546,0.0,176.67,0.0,0,NORMAL,False
2026-07-30 15:02:22,10.53,0.0162,0.0115,3.23,175.7,0.036,0,NORMAL,False
2026-07-30 15:02:22,10.59,0.0217,0.04,6.25,175.63,0.072,0,NORMAL,False
2026-07-30 15:02:22,10.62,0.0195,0.1002,9.09,175.58,0.107,0,NORMAL,False
2026-07-30 15:02:22,10.74,0.0347,0.1706,11.76,174.73,0.142,0,NORMAL,False
2026-07-30 15:02:22,10.78,0.0527,0.1839,14.29,174.98,0.176,0,NORMAL,False
2026-07-30 15:02:23,10.85,0.049,0.1948,16.67,173.35,0.21,0,NORMAL,False
2026-07-30 15:02:23,10.97,0.053,0.2441,18.92,176.22,0.243,0,NORMAL,False
2026-07-30 15:02:23,11.02,0.058,0.235,21.05,175.71,0.276,0,NORMAL,False
2026-07-30 15:02:23,11.07,0.044,0.2422,23.08,178.1,0.309,0,NORMAL,False
2026-07-30 15:02:23,11.19,0.0562,0.0648,25.0,170.46,0.342,0,NORMAL,False
2026-07-30 15:02:23,11.35,0.0991,0.0138,26.83,170.39,0.374,0,NORMAL,False
2026-07-30 15:02:23,11.39,0.0866,0.0175,28.57,171.1,0.406,0,NORMAL,False
2026-07-30 15:02:23,11.53,0.1466,0.0122,30.23,172.39,0.437,0,NORMAL,False
2026-07-30 15:02:23,11.57,0.1759,0.0122,31.82,176.05,0.469,0,NORMAL,False
2026-07-30 15:02:23,11.62,0.2043,0.0056,33.33,178.79,0.5,0,DROWSY,False
2026-07-30 15:02:23,11.81,0.2137,0.0086,32.61,175.25,0.098,1,NORMAL,False
2026-07-30 15:02:24,11.86,0.2237,0.0153,31.91,174.45,0.096,1,NORMAL,False
2026-07-30 15:02:24,11.91,0.2277,0.0152,31.25,168.82,0.094,1,NORMAL,False
2026-07-30 15:02:24,12.05,0.0772,0.0105,32.65,170.74,0.125,1,NORMAL,False
2026-07-30 15:02:24,12.11,0.0885,0.007,34.0,169.92,0.155,1,NORMAL,False
2026-07-30 15:02:24,12.25,0.1651,0.0106,35.29,169.28,0.186,1,NORMAL,False
2026-07-30 15:02:24,12.41,0.2021,0.0081,36.54,172.11,0.216,1,NORMAL,False
2026-07-30 15:02:24,12.46,0.2018,0.0124,37.74,173.93,0.247,1,NORMAL,False
2026-07-30 15:02:24,12.52,0.2152,0.0145,37.04,171.55,0.111,2,NORMAL,False
2026-07-30 15:02:24,12.65,0.214,0.0074,36.36,171.83,0.109,2,NORMAL,False
2026-07-30 15:02:24,12.7,0.2167,0.0108,35.71,172.45,0.107,2,NORMAL,False
2026-07-30 15:02:24,12.77,0.206,0.0188,36.84,170.89,0.137,2,NORMAL,False
2026-07-30 15:02:25,12.92,0.2085,0.0178,37.93,172.43,0.167,2,NORMAL,False
2026-07-30 15:02:25,12.97,0.2212,0.0146,37.29,169.0,0.112,3,NORMAL,False
2026-07-30 15:02:25,13.02,0.2221,0.0177,36.67,166.1,0.11,3,NORMAL,False
2026-07-30 15:02:25,13.28,0.2411,0.0939,36.07,-178.48,0.118,3,NORMAL,False
2026-07-30 15:02:25,13.33,0.2323,0.0544,35.48,-179.76,0.126,3,NORMAL,False
2026-07-30 15:02:25,13.38,0.2281,0.0779,34.92,-179.8,0.135,3,NORMAL,False
2026-07-30 15:02:25,13.53,0.2277,0.2183,34.38,175.73,0.103,3,NORMAL,False
2026-07-30 15:02:25,13.58,0.2177,0.2339,33.85,176.74,0.102,3,NORMAL,False
2026-07-30 15:02:25,13.62,0.1939,0.2355,34.85,177.44,0.131,3,NORMAL,False
2026-07-30 15:02:25,13.72,0.1912,0.1927,35.82,178.96,0.161,3,NORMAL,False
2026-07-30 15:02:25,13.76,0.1874,0.1746,36.76,178.9,0.19,3,NORMAL,False
2026-07-30 15:02:25,13.81,0.2046,0.1254,37.68,178.1,0.22,3,NORMAL,False
2026-07-30 15:02:26,13.92,0.1995,0.0563,38.57,179.31,0.249,3,NORMAL,False
2026-07-30 15:02:26,14.05,0.0699,0.001,39.44,176.53,0.278,3,NORMAL,False
2026-07-30 15:02:26,14.09,0.2046,0.0024,40.28,177.09,0.307,3,NORMAL,False
2026-07-30 15:02:26,14.21,0.2186,0.0061,39.73,177.17,0.119,4,NORMAL,False
2026-07-30 15:02:26,14.25,0.2184,0.006,39.19,177.11,0.118,4,NORMAL,False
2026-07-30 15:02:26,14.29,0.2284,0.0025,38.67,178.86,0.116,4,NORMAL,False
2026-07-30 15:02:26,14.39,0.2287,0.0044,38.16,178.18,0.114,4,NORMAL,False
2026-07-30 15:02:26,14.43,0.2311,0.0026,37.66,177.68,0.113,4,NORMAL,False
2026-07-30 15:02:26,14.48,0.2308,0.0031,37.18,177.7,0.112,4,NORMAL,False
2026-07-30 15:02:26,14.6,0.2299,0.0179,36.71,177.06,0.11,4,NORMAL,False
2026-07-30 15:02:26,14.65,0.2265,0.0042,36.25,177.71,0.109,4,NORMAL,False
2026-07-30 15:02:26,14.8,0.2437,0.0017,35.8,175.67,0.107,4,NORMAL,False
2026-07-30 15:02:27,14.95,0.2539,0.0024,35.37,176.35,0.106,4,NORMAL,False
2026-07-30 15:02:27,15.0,0.2346,0.0023,34.94,176.59,0.105,4,NORMAL,False
2026-07-30 15:02:27,15.06,0.2281,0.0046,34.52,176.37,0.104,4,NORMAL,False
2026-07-30 15:02:27,15.21,0.2575,0.0027,34.12,178.03,0.102,4,NORMAL,False
2026-07-30 15:02:27,15.26,0.3156,0.0024,33.72,177.55,0.101,4,NORMAL,False
2026-07-30 15:02:27,15.32,0.32,0.0298,33.33,179.3,0.1,4,NORMAL,False
2026-07-30 15:02:27,15.47,0.312,0.0036,32.95,178.99,0.099,4,NORMAL,False
2026-07-30 15:02:27,15.51,0.3173,0.0065,32.58,178.89,0.098,4,NORMAL,False
2026-07-30 15:02:27,15.56,0.318,0.0018,32.22,178.87,0.097,4,NORMAL,False
2026-07-30 15:02:28,15.84,0.3068,0.0176,31.87,178.41,0.096,4,NORMAL,False
2026-07-30 15:02:28,15.88,0.3222,0.004,31.52,178.8,0.095,4,NORMAL,False
2026-07-30 15:02:28,15.93,0.3152,0.0167,31.18,177.76,0.094,4,NORMAL,False
2026-07-30 15:02:28,16.07,0.3085,0.0144,30.85,178.91,0.093,4,NORMAL,False
2026-07-30 15:02:28,16.12,0.3106,0.0051,30.53,178.26,0.092,4,NORMAL,False
2026-07-30 15:02:28,16.16,0.3145,0.0052,30.21,178.16,0.091,4,NORMAL,False
2026-07-30 15:02:28,16.3,0.3242,0.0124,29.9,178.2,0.09,4,NORMAL,False
2026-07-30 15:02:28,16.35,0.3158,0.0043,29.59,178.17,0.089,4,NORMAL,False
2026-07-30 15:02:28,16.4,0.3234,0.0047,29.29,178.81,0.088,4,NORMAL,False
2026-07-30 15:02:28,16.53,0.3174,0.0037,29.0,177.3,0.087,4,NORMAL,False
2026-07-30 15:02:28,16.7,0.3222,0.0058,28.71,178.7,0.086,4,NORMAL,False
2026-07-30 15:02:28,16.75,0.3138,0.0073,28.43,177.92,0.085,4,NORMAL,False
2026-07-30 15:02:29,16.9,0.3177,0.0048,28.16,178.29,0.084,4,NORMAL,False
2026-07-30 15:02:29,16.95,0.3247,0.0065,27.88,178.08,0.084,4,NORMAL,False
2026-07-30 15:02:29,16.99,0.2884,0.0342,27.62,178.58,0.083,4,NORMAL,False
2026-07-30 15:02:29,17.13,0.0212,0.0043,28.3,175.35,0.112,4,NORMAL,False
2026-07-30 15:02:29,17.18,0.0538,0.0034,28.97,174.06,0.14,4,NORMAL,False
2026-07-30 15:02:29,17.22,0.0351,0.0037,29.63,176.32,0.169,4,NORMAL,False
2026-07-30 15:02:29,17.33,0.0484,0.0061,30.28,176.27,0.197,4,NORMAL,False
2026-07-30 15:02:29,17.38,0.0218,0.0051,30.91,175.76,0.226,4,NORMAL,False
2026-07-30 15:02:29,17.53,0.0476,0.0021,31.53,177.59,0.255,4,NORMAL,False
2026-07-30 15:02:29,17.68,0.0296,0.0029,32.14,176.24,0.283,4,NORMAL,False
2026-07-30 15:02:29,17.72,0.0396,0.0031,32.74,177.09,0.312,4,NORMAL,False
2026-07-30 15:02:29,17.78,0.0423,0.0026,33.33,178.02,0.34,4,NORMAL,False
2026-07-30 15:02:30,17.9,0.0345,0.0514,33.91,177.7,0.368,4,NORMAL,False
2026-07-30 15:02:30,17.94,0.0304,0.0779,34.48,177.17,0.397,4,NORMAL,False
2026-07-30 15:02:30,17.99,0.0319,0.0397,35.04,178.53,0.425,4,NORMAL,False
2026-07-30 15:02:30,18.08,0.0272,0.019,35.59,178.75,0.453,4,NORMAL,False
2026-07-30 15:02:30,18.11,0.0265,0.007,36.13,178.66,0.482,4,NORMAL,False
2026-07-30 15:02:30,18.16,0.0241,0.0072,36.67,179.25,0.51,4,DROWSY,False
2026-07-30 15:02:30,18.4,0.03,0.003,37.19,178.73,0.512,4,DROWSY,False
2026-07-30 15:02:30,18.45,0.0285,0.0036,37.7,179.82,0.513,4,DROWSY,False
2026-07-30 15:02:30,18.49,0.0227,0.0153,38.21,179.35,0.515,4,DROWSY,False
2026-07-30 15:02:30,18.6,0.0212,0.0101,38.71,178.96,0.516,4,DROWSY,False
2026-07-30 15:02:30,18.65,0.0246,0.0514,39.2,175.64,0.518,4,DROWSY,False
2026-07-30 15:02:30,18.7,0.0483,0.0641,39.68,175.56,0.519,4,DROWSY,False
2026-07-30 15:02:31,18.9,0.0441,0.0379,40.16,174.87,0.52,4,DROWSY,False
2026-07-30 15:02:31,18.95,0.0266,0.0057,40.62,175.95,0.522,4,DROWSY,False
2026-07-30 15:02:31,19.01,0.038,0.0011,41.09,177.4,0.523,4,DROWSY,False
2026-07-30 15:02:31,19.19,0.0318,0.0042,41.54,176.76,0.525,4,DROWSY,False
2026-07-30 15:02:31,19.36,0.03,0.0214,41.98,175.71,0.526,4,DROWSY,False
2026-07-30 15:02:31,19.42,0.0218,0.0121,42.42,176.21,0.527,4,DROWSY,False
2026-07-30 15:02:31,19.59,0.0385,0.0029,42.86,176.16,0.529,4,DROWSY,False
2026-07-30 15:02:31,19.65,0.0339,0.0051,43.28,176.25,0.53,4,DROWSY,False
2026-07-30 15:02:31,19.7,0.047,0.0037,43.7,175.42,0.531,4,DROWSY,False
2026-07-30 15:02:32,19.87,0.0488,0.007,44.12,174.46,0.532,4,DROWSY,False
2026-07-30 15:02:32,19.92,0.0688,0.0081,44.53,175.45,0.534,4,DROWSY,False
2026-07-30 15:02:32,19.96,0.1133,0.0044,44.93,175.78,0.535,4,DROWSY,False
2026-07-30 15:02:32,20.1,0.1416,0.0043,45.32,175.31,0.536,4,DROWSY,False
2026-07-30 15:02:32,20.15,0.1401,0.0446,45.71,174.96,0.537,4,DROWSY,False
2026-07-30 15:02:32,20.31,0.1673,0.0057,46.1,175.13,0.538,4,DROWSY,False
2026-07-30 15:02:32,20.47,0.1945,0.1854,46.48,174.68,0.539,4,DROWSY,False
2026-07-30 15:02:32,20.52,0.2015,0.2027,46.85,173.78,0.541,4,DROWSY,False
2026-07-30 15:02:32,20.57,0.1989,0.1936,47.22,174.38,0.542,4,DROWSY,False
2026-07-30 15:02:32,20.72,0.1903,0.1787,47.59,175.05,0.543,4,DROWSY,False
2026-07-30 15:02:32,20.77,0.2111,0.209,47.95,176.29,0.544,4,DROWSY,False
2026-07-30 15:02:32,20.82,0.2807,0.1944,47.62,177.4,0.143,5,NORMAL,False
2026-07-30 15:02:33,20.92,0.3149,0.2063,47.3,177.89,0.142,5,NORMAL,False
2026-07-30 15:02:33,20.97,0.3253,0.2044,46.98,178.25,0.141,5,NORMAL,False
2026-07-30 15:02:33,21.02,0.3275,0.2117,46.67,178.22,0.14,5,NORMAL,False
2026-07-30 15:02:33,21.26,0.3038,0.211,46.36,177.06,0.139,5,NORMAL,False
2026-07-30 15:02:33,21.32,0.3152,0.2009,46.05,177.5,0.138,5,NORMAL,False
2026-07-30 15:02:33,21.36,0.3259,0.2111,45.75,177.61,0.137,5,NORMAL,False
2026-07-30 15:02:33,21.45,0.3219,0.1934,45.45,177.08,0.136,5,NORMAL,False
2026-07-30 15:02:33,21.5,0.3058,0.1852,45.16,177.68,0.135,5,NORMAL,False
2026-07-30 15:02:33,21.55,0.2845,0.1809,44.87,177.33,0.135,5,NORMAL,False
2026-07-30 15:02:33,21.65,0.2554,0.197,44.59,175.46,0.134,5,NORMAL,False
2026-07-30 15:02:33,21.69,0.2543,0.1905,44.3,174.91,0.133,5,NORMAL,False
2026-07-30 15:02:33,21.72,0.2441,0.2,44.03,174.98,0.132,5,NORMAL,False
2026-07-30 15:02:34,21.81,0.2502,0.1975,43.75,175.42,0.131,5,NORMAL,False
2026-07-30 15:02:34,21.95,0.3229,0.2552,43.48,178.54,0.13,5,NORMAL,False
2026-07-30 15:02:34,21.99,0.3286,0.2868,43.21,176.34,0.13,5,NORMAL,False
2026-07-30 15:02:34,22.11,0.3344,0.2876,42.94,174.7,0.129,5,NORMAL,False
2026-07-30 15:02:34,22.15,0.3309,0.2432,42.68,173.58,0.128,5,NORMAL,False
2026-07-30 15:02:34,22.2,0.336,0.2519,42.42,173.47,0.127,5,NORMAL,False
2026-07-30 15:02:34,22.29,0.3221,0.2746,42.17,174.01,0.127,5,NORMAL,False
2026-07-30 15:02:34,22.34,0.3149,0.2641,41.92,174.91,0.126,5,NORMAL,False
2026-07-30 15:02:34,22.39,0.3224,0.2444,41.67,177.77,0.125,5,NORMAL,False
2026-07-30 15:02:34,22.52,0.317,0.1407,41.42,179.32,0.124,5,NORMAL,False
2026-07-30 15:02:34,22.58,0.3234,0.0064,41.18,-179.04,0.134,5,NORMAL,False
2026-07-30 15:02:34,22.74,0.3366,0.0633,40.94,-178.41,0.143,5,NORMAL,False
2026-07-30 15:02:35,22.9,0.3179,0.1843,40.7,-176.44,0.152,5,NORMAL,False
2026-07-30 15:02:35,22.95,0.331,0.2206,40.46,-177.49,0.161,5,NORMAL,False
2026-07-30 15:02:35,23.0,0.3254,0.2308,40.23,-176.43,0.171,5,NORMAL,False
2026-07-30 15:02:35,23.12,0.3279,0.2269,40.0,-176.92,0.18,5,NORMAL,False
2026-07-30 15:02:35,23.17,0.3411,0.2285,39.77,-176.79,0.189,5,NORMAL,False
2026-07-30 15:02:35,23.23,0.3157,0.2232,39.55,-178.44,0.199,5,NORMAL,False
2026-07-30 15:02:35,23.34,0.2628,0.2952,39.33,172.53,0.118,5,NORMAL,False
2026-07-30 15:02:35,23.38,0.2346,0.385,39.11,168.91,0.117,5,NORMAL,False
2026-07-30 15:02:35,23.42,0.2301,0.3931,38.89,166.63,0.117,5,NORMAL,False
2026-07-30 15:02:35,23.67,0.2037,0.2934,39.23,163.21,0.144,5,NORMAL,False
2026-07-30 15:02:35,23.72,0.2069,0.1321,39.56,161.76,0.172,5,NORMAL,False
2026-07-30 15:02:35,23.78,0.2156,0.0929,39.34,161.65,0.118,6,NORMAL,False
2026-07-30 15:02:36,23.88,0.1975,0.0238,39.67,160.87,0.146,6,NORMAL,False
2026-07-30 15:02:36,23.92,0.2017,0.0126,40.0,161.02,0.173,6,NORMAL,False
2026-07-30 15:02:36,23.98,0.1811,0.0079,40.32,161.48,0.201,6,NORMAL,False
2026-07-30 15:02:36,24.08,0.1607,0.0088,40.64,161.58,0.229,6,NORMAL,False
2026-07-30 15:02:36,24.13,0.1855,0.0133,40.96,162.65,0.256,6,NORMAL,False
2026-07-30 15:02:36,24.17,0.1619,0.0086,41.27,163.3,0.284,6,NORMAL,False
2026-07-30 15:02:36,24.28,0.1381,0.0078,41.58,161.13,0.311,6,NORMAL,False
2026-07-30 15:02:36,24.43,0.1913,0.0056,41.88,161.44,0.339,6,NORMAL,False
2026-07-30 15:02:36,24.48,0.2226,0.0138,41.67,160.29,0.125,7,NORMAL,False
2026-07-30 15:02:36,24.59,0.1889,0.0066,41.97,161.57,0.153,7,NORMAL,False
2026-07-30 15:02:36,24.62,0.2242,0.0058,41.75,163.73,0.125,7,NORMAL,False
2026-07-30 15:02:36,24.67,0.1813,0.0105,42.05,148.04,0.163,7,NORMAL,False
2026-07-30 15:02:36,24.77,0,0,0,0,0,7,No Face,False
2026-07-30 15:02:36,24.8,0.2557,0.0064,41.84,-169.06,0.146,7,NORMAL,False
2026-07-30 15:02:37,24.85,0,0,0,0,0,7,No Face,False
2026-07-30 15:02:37,24.88,0,0,0,0,0,7,No Face,False
2026-07-30 15:02:37,24.92,0,0,0,0,0,7,No Face,False
2026-07-30 15:02:37,25.03,0,0,0,0,0,7,No Face,False
2026-07-30 15:02:37,25.08,0,0,0,0,0,7,No Face,False
2026-07-30 15:02:37,25.13,0,0,0,0,0,7,No Face,False
2026-07-30 15:02:37,25.17,0,0,0,0,0,7,No Face,False
2026-07-30 15:02:37,25.2,0,0,0,0,0,7,No Face,False
2026-07-30 15:02:37,25.23,0,0,0,0,0,7,No Face,False
2026-07-30 15:02:37,25.26,0,0,0,0,0,7,No Face,False
2026-07-30 15:02:37,25.3,0,0,0,0,0,7,No Face,False
2026-07-30 15:02:37,25.33,0,0,0,0,0,7,No Face,False
2026-07-30 15:02:37,25.37,0,0,0,0,0,7,No Face,False
2026-07-30 15:02:37,25.5,0,0,0,0,0,7,No Face,False
2026-07-30 15:02:37,25.55,0,0,0,0,0,7,No Face,False
2026-07-30 15:02:37,25.59,0,0,0,0,0,7,No Face,False
2026-07-30 15:02:37,25.64,0,0,0,0,0,7,No Face,False
2026-07-30 15:02:37,25.69,0,0,0,0,0,7,No Face,False
2026-07-30 15:02:37,25.73,0,0,0,0,0,7,No Face,False
2026-07-30 15:02:37,25.78,0,0,0,0,0,7,No Face,False
2026-07-30 15:02:37,25.83,0,0,0,0,0,7,No Face,False
2026-07-30 15:02:38,25.87,0,0,0,0,0,7,No Face,False
2026-07-30 15:02:38,25.92,0,0,0,0,0,7,No Face,False
2026-07-30 15:02:38,26.09,0,0,0,0,0,7,No Face,False
2026-07-30 15:02:38,26.14,0,0,0,0,0,7,No Face,False
2026-07-30 15:02:38,26.2,0.1589,0.3011,42.13,163.65,0.153,7,NORMAL,False
2026-07-30 15:02:38,26.25,0.2001,0.263,42.42,161.67,0.181,7,NORMAL,False
2026-07-30 15:02:38,26.35,0.189,0.3035,42.71,162.83,0.208,7,NORMAL,False
2026-07-30 15:02:38,26.49,0.1984,0.3655,43.0,162.98,0.236,7,NORMAL,False
2026-07-30 15:02:38,26.53,0.1997,0.3779,43.28,165.63,0.263,7,NORMAL,False
2026-07-30 15:02:38,26.58,0.1964,0.4108,43.56,164.13,0.291,7,NORMAL,False
2026-07-30 15:02:38,26.68,0.2022,0.4428,43.84,163.78,0.318,7,NORMAL,False
2026-07-30 15:02:39,26.74,0.1858,0.4282,44.12,162.72,0.346,7,NORMAL,False
2026-07-30 15:02:39,26.88,0.1897,0.3174,44.39,163.11,0.373,7,NORMAL,False
2026-07-30 15:02:39,27.04,0.1964,0.3816,44.66,166.43,0.401,7,NORMAL,False
2026-07-30 15:02:39,27.08,0.2124,0.3676,44.44,166.32,0.133,8,NORMAL,False
2026-07-30 15:02:39,27.12,0.211,0.2352,44.71,168.42,0.161,8,NORMAL,False
2026-07-30 15:02:39,27.22,0.2216,0.2877,44.5,165.76,0.133,8,NORMAL,False
2026-07-30 15:02:39,27.26,0.221,0.2565,44.29,166.02,0.133,8,NORMAL,False
2026-07-30 15:02:39,27.32,0.2186,0.2617,44.08,166.03,0.132,8,NORMAL,False
2026-07-30 15:02:39,27.42,0.2197,0.311,43.87,168.87,0.132,8,NORMAL,False
2026-07-30 15:02:39,27.47,0.2313,0.3561,43.66,165.82,0.131,8,NORMAL,False
2026-07-30 15:02:39,27.52,0.2153,0.4031,43.46,167.14,0.13,8,NORMAL,False
2026-07-30 15:02:39,27.78,0.2269,0.443,43.26,169.82,0.13,8,NORMAL,False
2026-07-30 15:02:40,27.84,0.2169,0.4199,43.06,169.57,0.129,8,NORMAL,False
2026-07-30 15:02:40,27.91,0.2169,0.342,42.86,171.27,0.129,8,NORMAL,False
2026-07-30 15:02:40,28.03,0.2792,0.0911,42.66,164.78,0.128,8,NORMAL,False
2026-07-30 15:02:40,28.08,0.3253,0.4212,42.47,166.46,0.127,8,NORMAL,False
2026-07-30 15:02:40,28.12,0.3144,0.4777,42.27,167.28,0.127,8,NORMAL,False
2026-07-30 15:02:40,28.22,0.3237,0.3063,42.08,170.59,0.126,8,NORMAL,False
2026-07-30 15:02:40,28.26,0.2754,0.3749,41.89,177.08,0.126,8,NORMAL,False
2026-07-30 15:02:40,28.3,0.2745,0.3588,41.7,167.88,0.125,8,NORMAL,False
2026-07-30 15:02:40,28.39,0.2593,0.3646,41.52,169.59,0.125,8,NORMAL,False
2026-07-30 15:02:40,28.51,0.0783,0.2728,41.78,173.06,0.152,8,NORMAL,False
2026-07-30 15:02:40,28.56,0.1198,0.2763,42.04,-179.36,0.189,8,NORMAL,False
2026-07-30 15:02:40,28.68,0,0,0,0,0,8,No Face,False
2026-07-30 15:02:40,28.72,0.0974,0.0059,42.29,-179.8,0.227,8,NORMAL,False
2026-07-30 15:02:40,28.75,0.1765,0.0179,42.54,173.81,0.234,8,NORMAL,False
2026-07-30 15:02:41,28.84,0.2275,0.018,42.36,171.97,0.127,9,NORMAL,False
2026-07-30 15:02:41,28.88,0.2261,0.006,42.17,172.94,0.127,9,NORMAL,False
2026-07-30 15:02:41,28.92,0.2282,0.0064,41.99,172.77,0.126,9,NORMAL,False
2026-07-30 15:02:41,29.01,0.257,0.0049,41.81,172.24,0.125,9,NORMAL,False
2026-07-30 15:02:41,29.04,0.2987,0.0127,41.63,175.04,0.125,9,NORMAL,False
2026-07-30 15:02:41,29.17,0.3169,0.2673,41.45,172.91,0.124,9,NORMAL,False
2026-07-30 15:02:41,29.33,0.3207,0.5358,41.28,170.86,0.124,9,NORMAL,False
2026-07-30 15:02:41,29.38,0.3204,0.5533,41.1,171.13,0.123,9,NORMAL,False
2026-07-30 15:02:41,29.43,0.3276,0.5204,40.93,171.8,0.123,9,NORMAL,False
2026-07-30 15:02:41,29.56,0.3149,0.5218,40.76,172.88,0.122,9,NORMAL,False
2026-07-30 15:02:41,29.61,0.3154,0.5451,40.59,170.73,0.122,9,NORMAL,False
2026-07-30 15:02:41,29.66,0.3307,0.5106,40.42,171.88,0.121,9,NORMAL,False
2026-07-30 15:02:41,29.79,0.3165,0.5338,40.25,170.39,0.121,9,NORMAL,False
2026-07-30 15:02:42,29.85,0.3168,0.5195,40.08,171.54,0.12,9,NORMAL,False
2026-07-30 15:02:42,29.9,0.3155,0.4903,39.92,169.66,0.12,9,NORMAL,False
2026-07-30 15:02:42,30.23,0.2171,0.4587,39.75,168.08,0.119,9,NORMAL,False
2026-07-30 15:02:42,30.27,0.2182,0.4634,39.59,169.28,0.119,9,NORMAL,False
2026-07-30 15:02:42,30.31,0.222,0.4845,39.43,169.18,0.118,9,NORMAL,False
2026-07-30 15:02:42,30.43,0.2153,0.4582,39.27,168.75,0.118,9,NORMAL,False
2026-07-30 15:02:42,30.47,0.2211,0.4548,39.11,168.31,0.117,9,NORMAL,False
2026-07-30 15:02:42,30.51,0.2079,0.4527,39.36,168.75,0.145,9,NORMAL,False
2026-07-30 15:02:42,30.65,0.2199,0.4215,39.2,167.79,0.118,9,NORMAL,False
2026-07-30 15:02:42,30.7,0.225,0.4169,39.04,169.19,0.117,9,NORMAL,False
2026-07-30 15:02:42,30.74,0.2171,0.4419,38.89,169.06,0.117,9,NORMAL,False
2026-07-30 15:02:43,30.85,0.2053,0.4352,39.13,168.81,0.144,9,NORMAL,False
2026-07-30 15:02:43,31.0,0.2183,0.4332,38.98,168.81,0.117,9,NORMAL,False
2026-07-30 15:02:43,31.06,0.2172,0.4545,38.82,168.8,0.116,9,NORMAL,False
2026-07-30 15:02:43,31.18,0.2159,0.406,38.67,168.75,0.116,9,NORMAL,False
2026-07-30 15:02:43,31.23,0.2161,0.4181,38.52,168.91,0.116,9,NORMAL,False
2026-07-30 15:02:43,31.28,0.2207,0.4595,38.37,168.56,0.115,9,NORMAL,False
2026-07-30 15:02:43,31.38,0.2172,0.4151,38.22,169.22,0.115,9,NORMAL,False
2026-07-30 15:02:43,31.41,0.2118,0.404,38.46,167.98,0.142,9,NORMAL,False
2026-07-30 15:02:43,31.45,0.2136,0.4407,38.31,168.72,0.115,9,NORMAL,False
2026-07-30 15:02:43,31.52,0.2094,0.4233,38.55,168.5,0.142,9,NORMAL,False
2026-07-30 15:02:43,31.57,0.2237,0.3991,38.4,168.75,0.115,9,NORMAL,False
2026-07-30 15:02:43,31.71,0.2249,0.3618,38.26,169.73,0.115,9,NORMAL,False
2026-07-30 15:02:43,31.82,0.2472,0.4299,38.11,167.19,0.114,9,NORMAL,False
2026-07-30 15:02:44,31.87,0.2517,0.3793,37.97,167.96,0.114,9,NORMAL,False
2026-07-30 15:02:44,31.91,0.2547,0.3673,37.83,165.08,0.113,9,NORMAL,False
2026-07-30 15:02:44,31.99,0.2478,0.3803,37.69,165.37,0.113,9,NORMAL,False
2026-07-30 15:02:44,32.04,0.2446,0.4142,37.55,165.66,0.113,9,NORMAL,False
2026-07-30 15:02:44,32.07,0.2244,0.482,37.41,164.91,0.112,9,NORMAL,False
2026-07-30 15:02:44,32.17,0.2267,0.512,37.27,164.87,0.112,9,NORMAL,False
2026-07-30 15:02:44,32.21,0.2167,0.5151,37.13,165.04,0.111,9,NORMAL,False
2026-07-30 15:02:44,32.24,0.2114,0.4862,37.36,164.49,0.139,9,NORMAL,False
2026-07-30 15:02:44,32.44,0.2179,0.498,37.23,167.09,0.112,9,NORMAL,False
2026-07-30 15:02:44,32.5,0.2133,0.4296,37.09,167.1,0.111,9,NORMAL,False
2026-07-30 15:02:44,32.56,0.211,0.4589,37.32,167.84,0.139,9,NORMAL,False
2026-07-30 15:02:44,32.69,0.1961,0.3422,37.55,169.12,0.166,9,NORMAL,False
2026-07-30 15:02:44,32.73,0.1841,0.3338,37.77,169.72,0.193,9,NORMAL,False
2026-07-30 15:02:44,32.78,0.1916,0.2885,37.99,171.7,0.221,9,NORMAL,False
2026-07-30 15:02:45,32.91,0.1864,0.307,38.21,172.99,0.248,9,NORMAL,False
2026-07-30 15:02:45,32.95,0.1822,0.2892,38.43,174.33,0.275,9,NORMAL,False
2026-07-30 15:02:45,33.01,0.0923,0.2656,38.65,171.66,0.303,9,NORMAL,False
2026-07-30 15:02:45,33.13,0.1704,0.2902,38.87,171.98,0.33,9,NORMAL,False
2026-07-30 15:02:45,33.29,0.3882,0.3523,38.73,167.69,0.116,10,NORMAL,False
2026-07-30 15:02:45,33.35,0.3719,0.4207,38.6,161.54,0.116,10,NORMAL,False
2026-07-30 15:02:45,33.46,0.3578,0.3572,38.46,164.0,0.115,10,NORMAL,False
2026-07-30 15:02:45,33.51,0.3201,0.3411,38.33,165.88,0.115,10,NORMAL,False
2026-07-30 15:02:45,33.55,0.3841,0.3285,38.19,170.79,0.115,10,NORMAL,False
2026-07-30 15:02:45,33.66,0,0,0,0,0,10,No Face,False
2026-07-30 15:02:45,33.71,0.208,0.6159,38.41,136.33,0.252,10,NORMAL,False
2026-07-30 15:02:45,33.75,0.2186,0.3638,38.28,166.82,0.115,10,NORMAL,False
2026-07-30 15:02:46,33.86,0,0,0,0,0,10,No Face,False
2026-07-30 15:02:46,33.9,0,0,0,0,0,10,No Face,False
2026-07-30 15:02:46,34.05,0,0,0,0,0,10,No Face,False
2026-07-30 15:02:46,34.11,0,0,0,0,0,10,No Face,False
2026-07-30 15:02:46,34.15,0,0,0,0,0,10,No Face,False
2026-07-30 15:02:46,34.2,0,0,0,0,0,10,No Face,False
2026-07-30 15:02:46,34.25,0,0,0,0,0,10,No Face,False
2026-07-30 15:02:46,34.3,0.2581,0.5814,38.14,165.25,0.114,10,NORMAL,False
2026-07-30 15:02:46,34.34,0.2028,0.2622,38.36,164.72,0.142,10,NORMAL,False
2026-07-30 15:02:46,34.44,0.1827,0.4382,38.57,-172.36,0.179,10,NORMAL,False
2026-07-30 15:02:46,34.5,0.2662,0.3414,38.44,171.39,0.115,11,NORMAL,False
2026-07-30 15:02:46,34.54,0.2553,0.3241,38.31,161.18,0.115,11,NORMAL,False
2026-07-30 15:02:46,34.73,0.2487,0.0346,38.18,155.98,0.115,11,NORMAL,False
2026-07-30 15:02:46,34.77,0,0,0,0,0,11,No Face,False
2026-07-30 15:02:46,34.83,0.2785,0.2476,38.05,-179.34,0.124,11,NORMAL,False
2026-07-30 15:02:47,34.9,0.2971,0.1976,37.92,-176.16,0.134,11,NORMAL,False
2026-07-30 15:02:47,34.95,0.2553,0.2232,37.79,-178.58,0.143,11,NORMAL,False
2026-07-30 15:02:47,34.99,0.2692,0.2373,37.67,175.72,0.113,11,NORMAL,False
2026-07-30 15:02:47,35.06,0.2557,0.227,37.54,174.61,0.113,11,NORMAL,False
2026-07-30 15:02:47,35.1,0.291,0.28,37.42,172.62,0.112,11,NORMAL,False
2026-07-30 15:02:47,35.15,0.2667,0.1715,37.29,169.41,0.112,11,NORMAL,False
2026-07-30 15:02:47,35.24,0.2572,0.0047,37.17,171.06,0.112,11,NORMAL,False
2026-07-30 15:02:47,35.37,0.2038,0.1481,37.38,169.27,0.139,11,NORMAL,False
2026-07-30 15:02:47,35.42,0.1935,0.1743,37.58,170.25,0.166,11,NORMAL,False
2026-07-30 15:02:47,35.53,0.1874,0.005,37.79,170.48,0.193,11,NORMAL,False
2026-07-30 15:02:47,35.57,0.1964,0.0039,37.99,170.48,0.221,11,NORMAL,False
2026-07-30 15:02:47,35.62,0.2019,0.0068,38.19,168.56,0.248,11,NORMAL,False
2026-07-30 15:02:47,35.75,0.2051,0.0405,38.39,172.08,0.275,11,NORMAL,False
2026-07-30 15:02:47,35.81,0.1969,0.0323,38.59,173.67,0.302,11,NORMAL,False
2026-07-30 15:02:48,35.87,0.1991,0.01,38.78,176.73,0.33,11,NORMAL,False
2026-07-30 15:02:48,35.99,0.189,0.0148,38.98,-178.13,0.367,11,NORMAL,False
2026-07-30 15:02:48,36.05,0.1978,0.0108,39.17,-179.17,0.404,11,NORMAL,False
2026-07-30 15:02:48,36.2,0.0424,0.0826,39.37,171.07,0.411,11,NORMAL,False
2026-07-30 15:02:48,36.35,0.1305,0.2076,39.56,167.24,0.439,11,NORMAL,False
2026-07-30 15:02:48,36.4,0.1273,0.2016,39.75,166.31,0.466,11,NORMAL,False
2026-07-30 15:02:48,36.44,0.1306,0.2179,39.94,164.53,0.493,11,NORMAL,False
2026-07-30 15:02:48,36.56,0.1663,0.2211,40.13,161.53,0.52,11,DROWSY,False
2026-07-30 15:02:48,36.62,0.1698,0.2164,40.31,162.73,0.521,11,DROWSY,False
2026-07-30 15:02:48,36.67,0.1579,0.2093,40.5,164.21,0.521,11,DROWSY,False
2026-07-30 15:02:48,36.79,0.1894,0.2766,40.68,164.71,0.522,11,DROWSY,False
2026-07-30 15:02:49,36.84,0.199,0.2404,40.87,163.41,0.523,11,DROWSY,False
2026-07-30 15:02:49,36.9,0.1909,0.2161,41.05,164.08,0.523,11,DROWSY,False
2026-07-30 15:02:49,37.16,0.1987,0.1807,41.23,174.7,0.524,11,DROWSY,False
2026-07-30 15:02:49,37.21,0.1622,0.2408,41.41,172.6,0.524,11,DROWSY,False
2026-07-30 15:02:49,37.26,0.1832,0.2549,41.59,172.19,0.525,11,DROWSY,False
2026-07-30 15:02:49,37.41,0.1877,0.2333,41.77,174.6,0.525,11,DROWSY,False
2026-07-30 15:02:49,37.46,0.1899,0.2101,41.95,175.88,0.526,11,DROWSY,False
2026-07-30 15:02:49,37.51,0.1923,0.2103,42.12,175.43,0.526,11,DROWSY,False
2026-07-30 15:02:49,37.62,0.2117,0.2169,42.3,178.17,0.527,11,DROWSY,False
2026-07-30 15:02:49,37.68,0.1315,0.1982,42.47,176.02,0.527,11,DROWSY,False
2026-07-30 15:02:49,37.73,0.2362,0.2116,42.34,175.81,0.127,12,NORMAL,False
2026-07-30 15:02:50,37.84,0.3319,0.5208,42.22,173.41,0.127,12,NORMAL,False
2026-07-30 15:02:50,38.0,0.328,0.7115,42.09,167.78,0.226,12,NORMAL,False
2026-07-30 15:02:50,38.04,0.325,0.707,41.96,166.88,0.226,12,NORMAL,False
2026-07-30 15:02:50,38.18,0.3303,0.6395,42.22,168.19,0.227,12,NORMAL,False
2026-07-30 15:02:50,38.25,0.3277,0.6355,42.09,171.81,0.226,12,NORMAL,False
2026-07-30 15:02:50,38.29,0.3096,0.6207,41.96,168.33,0.226,12,NORMAL,False
2026-07-30 15:02:50,38.44,0.317,0.6041,42.22,165.49,0.227,12,NORMAL,False
2026-07-30 15:02:50,38.49,0.3115,0.5853,42.09,163.03,0.126,12,NORMAL,False
2026-07-30 15:02:50,38.55,0.3056,0.5706,42.09,163.57,0.126,12,NORMAL,False
2026-07-30 15:02:50,38.65,0.2047,0.5866,42.51,164.96,0.154,12,NORMAL,False
2026-07-30 15:02:50,38.69,0.0516,0.582,42.69,163.18,0.181,12,NORMAL,False
2026-07-30 15:02:50,38.82,0.1866,0.5651,42.99,163.76,0.209,12,NORMAL,False
2026-07-30 15:02:51,38.96,0.1894,0.5796,43.41,164.86,0.237,12,NORMAL,False
2026-07-30 15:02:51,39.01,0.2035,0.5788,43.58,163.58,0.264,12,NORMAL,False
2026-07-30 15:02:51,39.06,0.208,0.5745,43.75,163.71,0.291,12,NORMAL,False
2026-07-30 15:02:51,39.17,0.1991,0.5435,44.31,164.99,0.32,12,NORMAL,False
2026-07-30 15:02:51,39.23,0.196,0.5489,44.48,165.14,0.347,12,NORMAL,False
2026-07-30 15:02:51,39.27,0.1967,0.5616,44.78,164.36,0.374,12,NORMAL,False
2026-07-30 15:02:51,39.38,0.1932,0.5257,45.21,165.2,0.402,12,NORMAL,False
2026-07-30 15:02:51,39.43,0.1869,0.5643,45.51,165.64,0.43,12,NORMAL,False
2026-07-30 15:02:51,39.48,0.19,0.5456,45.81,165.63,0.457,12,NORMAL,False
2026-07-30 15:02:51,39.74,0.201,0.4977,46.25,165.71,0.485,12,NORMAL,False
2026-07-30 15:02:51,39.79,0.2015,0.2995,46.55,168.86,0.513,12,DROWSY,False
2026-07-30 15:02:52,39.85,0.2015,0.1996,46.85,171.51,0.541,12,DROWSY,False
2026-07-30 15:02:52,39.97,0.2056,0.2659,47.15,167.42,0.541,12,DROWSY,False
2026-07-30 15:02:52,40.03,0.1846,0.5063,47.45,170.72,0.542,12,DROWSY,False
2026-07-30 15:02:52,40.07,0.1929,0.3749,47.75,169.23,0.543,12,DROWSY,False
2026-07-30 15:02:52,40.2,0.2062,0.3084,48.05,169.77,0.544,12,DROWSY,False
2026-07-30 15:02:52,40.26,0.199,0.3315,48.35,169.89,0.545,12,DROWSY,False
2026-07-30 15:02:52,40.31,0.2132,0.3589,48.35,170.37,0.145,13,NORMAL,False
2026-07-30 15:02:52,40.43,0.253,0.3443,48.2,173.09,0.145,13,NORMAL,False
2026-07-30 15:02:52,40.59,0.244,0.3048,47.75,178.57,0.143,13,NORMAL,False
2026-07-30 15:02:52,40.65,0.2591,0.271,47.45,179.34,0.142,13,NORMAL,False
2026-07-30 15:02:52,40.78,0.2574,0.2205,47.15,178.81,0.141,13,NORMAL,False
2026-07-30 15:02:52,40.82,0.2648,0.2213,46.85,178.59,0.141,13,NORMAL,False
2026-07-30 15:02:53,40.87,0.2582,0.2209,46.55,178.9,0.14,13,NORMAL,False
2026-07-30 15:02:53,40.99,0.2693,0.2157,46.25,179.54,0.139,13,NORMAL,False
2026-07-30 15:02:53,41.05,0.2684,0.2154,45.95,179.7,0.138,13,NORMAL,False
2026-07-30 15:02:53,41.1,0.2676,0.2229,45.65,179.63,0.137,13,NORMAL,False
2026-07-30 15:02:53,41.22,0.27,0.2095,45.35,179.78,0.136,13,NORMAL,False
2026-07-30 15:02:53,41.26,0.2757,0.2111,45.21,179.69,0.136,13,NORMAL,False
2026-07-30 15:02:53,41.4,0.0368,0.2008,45.05,177.91,0.162,13,NORMAL,False
2026-07-30 15:02:53,41.55,0.2619,0.1985,44.74,-179.85,0.144,13,NORMAL,False
2026-07-30 15:02:53,41.6,0.2594,0.1941,44.44,-179.21,0.153,13,NORMAL,False
2026-07-30 15:02:53,41.64,0.2703,0.1879,44.14,-179.55,0.162,13,NORMAL,False
2026-07-30 15:02:53,41.73,0.2648,0.194,44.01,-179.51,0.172,13,NORMAL,False
2026-07-30 15:02:53,41.77,0.2808,0.1893,43.88,-179.45,0.182,13,NORMAL,False
2026-07-30 15:02:53,41.8,0.2734,0.1969,43.75,179.65,0.131,13,NORMAL,False
2026-07-30 15:02:54,41.89,0.2761,0.1973,43.88,179.26,0.132,13,NORMAL,False
2026-07-30 15:02:54,41.94,0.2767,0.1827,43.88,-179.78,0.142,13,NORMAL,False
2026-07-30 15:02:54,41.97,0.2754,0.1887,43.75,-179.71,0.151,13,NORMAL,False
2026-07-30 15:02:54,42.18,0.1905,0.1978,43.58,178.83,0.157,13,NORMAL,False
2026-07-30 15:02:54,42.22,0.2783,0.1836,43.45,179.51,0.13,13,NORMAL,False
2026-07-30 15:02:54,42.27,0.3221,0.196,43.15,179.51,0.129,13,NORMAL,False
2026-07-30 15:02:54,42.36,0.3501,0.182,43.03,179.73,0.129,13,NORMAL,False
2026-07-30 15:02:54,42.4,0.3478,0.1789,42.9,179.43,0.129,13,NORMAL,False
2026-07-30 15:02:54,42.45,0.3647,0.1835,42.6,-179.95,0.138,13,NORMAL,False
2026-07-30 15:02:54,42.55,0.3503,0.1958,42.43,179.91,0.127,13,NORMAL,False
2026-07-30 15:02:54,42.6,0.3436,0.1881,42.31,-179.92,0.137,13,NORMAL,False
2026-07-30 15:02:54,42.65,0.3559,0.1869,42.31,-179.7,0.147,13,NORMAL,False
2026-07-30 15:02:55,42.79,0.3588,0.2,42.14,-179.33,0.156,13,NORMAL,False
2026-07-30 15:02:55,42.95,0.3654,0.1939,41.84,-179.81,0.166,13,NORMAL,False
2026-07-30 15:02:55,43.0,0.359,0.2099,41.84,-179.76,0.176,13,NORMAL,False
2026-07-30 15:02:55,43.15,0.3584,0.1986,41.84,-179.7,0.186,13,NORMAL,False
2026-07-30 15:02:55,43.2,0.3673,0.2026,41.72,179.69,0.125,13,NORMAL,False
2026-07-30 15:02:55,43.25,0.3499,0.1959,41.59,179.95,0.125,13,NORMAL,False
2026-07-30 15:02:55,43.37,0.3613,0.2037,41.72,-179.87,0.135,13,NORMAL,False
2026-07-30 15:02:55,43.42,0.3746,0.1938,41.72,-179.73,0.145,13,NORMAL,False
2026-07-30 15:02:55,43.47,0.3587,0.1932,41.59,-179.94,0.155,13,NORMAL,False
2026-07-30 15:02:55,43.58,0.1613,0.2072,42.01,178.1,0.153,13,NORMAL,False
2026-07-30 15:02:55,43.64,0.2078,0.1917,42.01,178.6,0.179,13,NORMAL,False
2026-07-30 15:02:55,43.78,0.2855,0.1887,41.54,179.34,0.125,14,NORMAL,False
2026-07-30 15:02:56,43.93,0.3029,0.2083,41.07,179.64,0.123,14,NORMAL,False
2026-07-30 15:02:56,43.98,0.298,0.2162,40.95,179.37,0.123,14,NORMAL,False
2026-07-30 15:02:56,44.03,0.2996,0.2022,40.83,179.28,0.122,14,NORMAL,False
2026-07-30 15:02:56,44.14,0.2989,0.2019,40.36,179.62,0.121,14,NORMAL,False
2026-07-30 15:02:56,44.19,0.3058,0.2157,40.24,179.56,0.121,14,NORMAL,False
2026-07-30 15:02:56,44.23,0.2915,0.2203,40.24,179.72,0.121,14,NORMAL,False
2026-07-30 15:02:56,44.34,0.3008,0.2114,40.36,-179.89,0.131,14,NORMAL,False
2026-07-30 15:02:56,44.39,0.3059,0.1967,40.24,179.22,0.121,14,NORMAL,False
2026-07-30 15:02:56,44.44,0.3005,0.2156,40.36,179.18,0.121,14,NORMAL,False
2026-07-30 15:02:56,44.68,0.2744,0.2072,40.6,178.66,0.122,14,NORMAL,False
2026-07-30 15:02:56,44.74,0.3167,0.2208,40.48,177.98,0.121,14,NORMAL,False
2026-07-30 15:02:56,44.78,0.3405,0.2214,40.36,176.58,0.121,14,NORMAL,False
2026-07-30 15:02:57,44.88,0.3615,0.2291,40.36,174.95,0.121,14,NORMAL,False
2026-07-30 15:02:57,44.92,0.3775,0.2303,40.24,174.39,0.121,14,NORMAL,False
2026-07-30 15:02:57,44.97,0.3834,0.222,40.24,173.68,0.121,14,NORMAL,False
2026-07-30 15:02:57,45.06,0.3806,0.0183,40.36,174.72,0.121,14,NORMAL,False
2026-07-30 15:02:57,45.1,0.3789,0.0698,40.24,174.02,0.121,14,NORMAL,False
2026-07-30 15:02:57,45.15,0.3763,0.0822,40.12,174.0,0.12,14,NORMAL,False
2026-07-30 15:02:57,45.26,0.373,0.0303,40.12,173.57,0.12,14,NORMAL,False
2026-07-30 15:02:57,45.4,0.3693,0.0097,40.24,172.26,0.121,14,NORMAL,False
2026-07-30 15:02:57,45.45,0.3692,0.0063,40.12,173.42,0.12,14,NORMAL,False
2026-07-30 15:02:57,45.59,0.3074,0.0022,40.36,172.77,0.121,14,NORMAL,False
2026-07-30 15:02:57,45.64,0.2963,0.0048,40.24,174.2,0.121,14,NORMAL,False
2026-07-30 15:02:57,45.68,0.2729,0.0049,40.12,173.48,0.12,14,NORMAL,False
2026-07-30 15:02:57,45.81,0.257,0.0026,40.0,174.39,0.12,14,NORMAL,False
2026-07-30 15:02:58,45.85,0.2511,0.004,40.0,173.9,0.12,14,NORMAL,False
2026-07-30 15:02:58,45.9,0.2565,0.0005,40.0,176.02,0.12,14,NORMAL,False
2026-07-30 15:02:58,45.98,0.3312,0.0046,40.0,177.14,0.12,14,NORMAL,False
2026-07-30 15:02:58,46.03,0.3176,0.0018,39.88,178.04,0.12,14,NORMAL,False
2026-07-30 15:02:58,46.15,0.331,0.0019,40.0,177.94,0.12,14,NORMAL,False
2026-07-30 15:02:58,46.27,0.2605,0.0014,40.0,176.29,0.12,14,NORMAL,False
2026-07-30 15:02:58,46.32,0.2575,0.0001,40.0,176.64,0.12,14,NORMAL,False
2026-07-30 15:02:58,46.37,0.2605,0.0017,40.0,178.14,0.12,14,NORMAL,False
2026-07-30 15:02:58,46.47,0.2673,0.002,40.0,177.45,0.12,14,NORMAL,False
2026-07-30 15:02:58,46.51,0.2679,0.0018,39.88,178.73,0.12,14,NORMAL,False
2026-07-30 15:02:58,46.56,0.2733,0.0031,39.88,179.27,0.12,14,NORMAL,False
2026-07-30 15:02:58,46.7,0.268,0.1325,39.88,177.4,0.12,14,NORMAL,False
2026-07-30 15:02:58,46.74,0.2732,0.1871,39.77,179.01,0.119,14,NORMAL,False
2026-07-30 15:02:59,46.79,0.2663,0.2101,39.77,178.29,0.119,14,NORMAL,False
2026-07-30 15:02:59,47.05,0.2711,0.2053,40.0,172.19,0.12,14,NORMAL,False
2026-07-30 15:02:59,47.11,0.264,0.2259,39.88,171.45,0.12,14,NORMAL,False
2026-07-30 15:02:59,47.17,0.2755,0.2933,39.59,172.04,0.119,14,NORMAL,False
2026-07-30 15:02:59,47.29,0.2638,0.156,39.12,173.17,0.117,14,NORMAL,False
2026-07-30 15:02:59,47.33,0.266,0.0051,38.82,173.29,0.116,14,NORMAL,False
2026-07-30 15:02:59,47.39,0.2745,0.0212,38.53,174.52,0.116,14,NORMAL,False
2026-07-30 15:02:59,47.51,0.0882,0.1203,38.71,168.93,0.143,14,NORMAL,False
2026-07-30 15:02:59,47.56,0.0391,0.1716,38.71,168.78,0.169,14,NORMAL,False
2026-07-30 15:02:59,47.6,0.0559,0.1693,38.89,170.42,0.197,14,NORMAL,False
2026-07-30 15:02:59,47.72,0.2004,0.18,38.89,172.1,0.223,14,NORMAL,False
2026-07-30 15:03:00,47.89,0.2322,0.1791,38.42,174.45,0.115,15,NORMAL,False
2026-07-30 15:03:00,47.95,0.2457,0.1885,37.94,173.74,0.114,15,NORMAL,False
2026-07-30 15:03:00,48.08,0.1915,0.1544,37.76,170.85,0.14,15,NORMAL,False
2026-07-30 15:03:00,48.13,0.1524,0.1402,37.76,170.72,0.167,15,NORMAL,False
2026-07-30 15:03:00,48.18,0.1043,0.1508,37.76,169.27,0.193,15,NORMAL,False
2026-07-30 15:03:00,48.3,0.305,0.1932,37.65,172.8,0.113,16,NORMAL,False
2026-07-30 15:03:00,48.35,0.3047,0.2202,37.54,172.86,0.113,16,NORMAL,False
2026-07-30 15:03:00,48.4,0.3126,0.2562,37.43,171.97,0.112,16,NORMAL,False
2026-07-30 15:03:00,48.51,0.3324,0.4,36.76,170.61,0.11,16,NORMAL,False
2026-07-30 15:03:00,48.57,0.3408,0.3602,36.66,178.98,0.11,16,NORMAL,False
2026-07-30 15:03:00,48.73,0.3278,0.2657,35.99,179.02,0.108,16,NORMAL,False
2026-07-30 15:03:01,48.88,0.3306,0.1608,35.88,179.66,0.108,16,NORMAL,False
2026-07-30 15:03:01,48.93,0.3402,0.2067,35.59,-178.4,0.117,16,NORMAL,False
2026-07-30 15:03:01,48.97,0.31,0.1614,35.29,-177.01,0.126,16,NORMAL,False
2026-07-30 15:03:01,49.07,0.3309,0.0636,35.0,-177.97,0.135,16,NORMAL,False
2026-07-30 15:03:01,49.13,0.3366,0.0803,34.9,-177.15,0.145,16,NORMAL,False
2026-07-30 15:03:01,49.17,0.356,0.0322,34.8,-177.81,0.154,16,NORMAL,False
2026-07-30 15:03:01,49.29,0.3258,0.2218,34.5,-175.33,0.164,16,NORMAL,False
2026-07-30 15:03:01,49.34,0.3312,0.2227,34.4,-175.95,0.173,16,NORMAL,False
2026-07-30 15:03:01,49.38,0.3386,0.2089,34.11,-176.37,0.182,16,NORMAL,False
2026-07-30 15:03:01,49.62,0.0573,0.1286,33.92,179.05,0.128,16,NORMAL,False
2026-07-30 15:03:01,49.68,0.1789,0.0013,33.92,177.33,0.155,16,NORMAL,False
2026-07-30 15:03:01,49.72,0.1919,0.0209,33.92,175.17,0.182,16,NORMAL,False
2026-07-30 15:03:02,49.84,0.2188,0.0037,33.82,171.18,0.101,17,NORMAL,False
2026-07-30 15:03:02,49.89,0.2228,0.0157,33.53,171.31,0.101,17,NORMAL,False
2026-07-30 15:03:02,49.94,0.2158,0.0037,33.24,172.02,0.1,17,NORMAL,False
2026-07-30 15:03:02,50.04,0.2153,0.0035,32.94,169.96,0.099,17,NORMAL,False
2026-07-30 15:03:02,50.1,0.231,0.0033,32.85,170.38,0.099,17,NORMAL,False
2026-07-30 15:03:02,50.14,0.2154,0.0025,32.56,170.39,0.098,17,NORMAL,False
2026-07-30 15:03:02,50.26,0.0794,0.3873,32.56,166.64,0.124,17,NORMAL,False
2026-07-30 15:03:02,50.41,0.0236,0.6449,32.56,164.62,0.251,17,NORMAL,False
2026-07-30 15:03:02,50.46,0.0249,0.6128,32.75,165.3,0.278,17,NORMAL,False
2026-07-30 15:03:02,50.6,0.0255,0.5859,32.36,166.09,0.204,17,NORMAL,False
2026-07-30 15:03:02,50.65,0.0201,0.6002,32.56,165.63,0.331,17,NORMAL,False
2026-07-30 15:03:02,50.69,0.042,0.5817,32.75,165.37,0.258,17,NORMAL,False
2026-07-30 15:03:02,50.8,0.0384,0.5504,32.56,165.96,0.284,17,NORMAL,False
2026-07-30 15:03:03,50.85,0.0317,0.5475,32.85,165.73,0.312,17,NORMAL,False
2026-07-30 15:03:03,50.9,0.047,0.5351,33.04,165.87,0.339,17,NORMAL,False
2026-07-30 15:03:03,50.99,0.0362,0.5258,33.43,167.03,0.367,17,NORMAL,False
2026-07-30 15:03:03,51.03,0.0385,0.507,33.72,166.77,0.394,17,NORMAL,False
2026-07-30 15:03:03,51.15,0.0489,0.5074,33.91,166.54,0.422,17,NORMAL,False
2026-07-30 15:03:03,51.27,0.0451,0.4853,34.2,168.25,0.449,17,NORMAL,False
2026-07-30 15:03:03,51.31,0.0952,0.4322,34.39,171.62,0.477,17,NORMAL,False
2026-07-30 15:03:03,51.35,0.0443,0.4256,34.68,173.58,0.504,17,DROWSY,False
2026-07-30 15:03:03,51.46,0.0684,0.0129,35.07,177.06,0.505,17,DROWSY,False
2026-07-30 15:03:03,51.5,0.0828,0.0125,35.26,177.41,0.506,17,DROWSY,False
2026-07-30 15:03:03,51.54,0.1843,0.0089,35.55,168.33,0.507,17,DROWSY,False
2026-07-30 15:03:03,51.68,0,0,0,0,0,17,No Face,False
2026-07-30 15:03:03,51.73,0.2511,0.0187,35.86,174.09,0.108,18,NORMAL,False
2026-07-30 15:03:04,51.76,0.2076,0.0057,36.05,173.12,0.135,18,NORMAL,False
2026-07-30 15:03:04,51.98,0,0,0,0,0,18,No Face,False
2026-07-30 15:03:04,52.03,0,0,0,0,0,18,No Face,False
2026-07-30 15:03:04,52.08,0,0,0,0,0,18,No Face,False
2026-07-30 15:03:04,52.13,0,0,0,0,0,18,No Face,False
2026-07-30 15:03:04,52.17,0.1256,0.2754,36.76,-175.09,0.174,18,NORMAL,False
2026-07-30 15:03:04,52.22,0.1434,0.2084,37.06,176.42,0.191,18,NORMAL,False
2026-07-30 15:03:04,52.31,0.1113,0.2648,37.35,174.5,0.219,18,NORMAL,False
2026-07-30 15:03:04,52.36,0.1,0.2492,37.65,169.45,0.246,18,NORMAL,False
2026-07-30 15:03:04,52.4,0.0955,0.3289,37.94,160.41,0.274,18,NORMAL,False
2026-07-30 15:03:04,52.57,0.0739,0.2452,38.24,161.76,0.301,18,NORMAL,False
2026-07-30 15:03:04,52.73,0.1393,0.2474,38.53,162.72,0.329,18,NORMAL,False
2026-07-30 15:03:04,52.78,0.1136,0.2669,38.82,161.89,0.356,18,NORMAL,False
2026-07-30 15:03:05,52.94,0.1407,0.2729,39.12,161.71,0.384,18,NORMAL,False
2026-07-30 15:03:05,53.0,0.1537,0.2667,39.41,165.04,0.412,18,NORMAL,False
2026-07-30 15:03:05,53.07,0.1516,0.2775,39.71,166.58,0.439,18,NORMAL,False
2026-07-30 15:03:05,53.21,0.1849,0.4921,40.12,168.41,0.467,18,NORMAL,False
2026-07-30 15:03:05,53.26,0.1673,0.476,40.41,167.69,0.495,18,NORMAL,False
2026-07-30 15:03:05,53.31,0.1946,0.2654,40.59,165.47,0.522,18,DROWSY,False
2026-07-30 15:03:05,53.46,0.2387,0.3303,40.83,169.94,0.122,19,NORMAL,False
2026-07-30 15:03:05,53.51,0.2648,0.337,40.71,170.51,0.122,19,NORMAL,False
2026-07-30 15:03:05,53.67,0.2873,0.0559,40.41,178.82,0.121,19,NORMAL,False
2026-07-30 15:03:06,53.83,0.1438,0.394,40.53,171.79,0.148,19,NORMAL,False
2026-07-30 15:03:06,53.89,0.1583,0.3944,40.53,172.81,0.175,19,NORMAL,False
2026-07-30 15:03:06,53.94,0.2283,0.4109,40.24,178.75,0.121,20,NORMAL,False
2026-07-30 15:03:06,54.07,0.5506,0.4601,39.94,178.45,0.12,20,NORMAL,False
2026-07-30 15:03:06,54.12,0.5712,0.4962,39.64,164.94,0.119,20,NORMAL,False
2026-07-30 15:03:06,54.16,0.5051,0.4366,39.35,165.01,0.118,20,NORMAL,False
2026-07-30 15:03:06,54.27,0.3935,0.3995,39.05,167.39,0.117,20,NORMAL,False
2026-07-30 15:03:06,54.33,0.3413,0.3879,38.76,179.61,0.116,20,NORMAL,False
2026-07-30 15:03:06,54.37,0.2581,0.3151,38.64,169.68,0.116,20,NORMAL,False
2026-07-30 15:03:06,54.6,0.2472,0.2831,38.28,169.39,0.115,20,NORMAL,False
2026-07-30 15:03:06,54.65,0.2456,0.2582,38.28,169.45,0.115,20,NORMAL,False
2026-07-30 15:03:06,54.7,0.2387,0.2582,37.98,172.11,0.114,20,NORMAL,False
2026-07-30 15:03:06,54.8,0.2587,0.2481,37.87,171.65,0.114,20,NORMAL,False
2026-07-30 15:03:07,54.85,0.2409,0.248,37.87,171.18,0.114,20,NORMAL,False
2026-07-30 15:03:07,54.9,0.2457,0.223,37.76,172.1,0.113,20,NORMAL,False
2026-07-30 15:03:07,54.99,0.2499,0.2257,37.65,172.6,0.113,20,NORMAL,False
2026-07-30 15:03:07,55.04,0.2417,0.2199,37.54,173.65,0.113,20,NORMAL,False
2026-07-30 15:03:07,55.09,0.2394,0.2177,37.43,173.28,0.112,20,NORMAL,False
2026-07-30 15:03:07,55.2,0.2428,0.2173,37.32,172.98,0.112,20,NORMAL,False
2026-07-30 15:03:07,55.34,0.2507,0.225,37.21,173.79,0.112,20,NORMAL,False
2026-07-30 15:03:07,55.39,0.2413,0.2184,37.1,173.45,0.111,20,NORMAL,False
2026-07-30 15:03:07,55.52,0.0388,0.2198,37.28,173.13,0.139,20,NORMAL,False
2026-07-30 15:03:07,55.57,0.1202,0.2265,37.46,173.24,0.166,20,NORMAL,False
2026-07-30 15:03:07,55.61,0.1611,0.2172,37.64,173.68,0.193,20,NORMAL,False
2026-07-30 15:03:07,55.73,0.323,0.2111,37.54,179.67,0.113,21,NORMAL,False
2026-07-30 15:03:07,55.79,0.3238,0.2305,37.43,-179.93,0.122,21,NORMAL,False
2026-07-30 15:03:07,55.82,0.2888,0.2149,37.32,-176.26,0.132,21,NORMAL,False
2026-07-30 15:03:08,55.92,0.3383,0.3047,37.22,-170.41,0.142,21,NORMAL,False
2026-07-30 15:03:08,55.96,0.1301,0.2189,37.39,-179.18,0.179,21,NORMAL,False
2026-07-30 15:03:08,56.09,0.2036,0.0133,37.57,-178.63,0.216,21,NORMAL,False
2026-07-30 15:03:08,56.19,0.267,0.0089,37.46,-175.11,0.172,22,NORMAL,False
2026-07-30 15:03:08,56.24,0.097,0.0119,37.46,166.21,0.139,22,NORMAL,False
2026-07-30 15:03:08,56.29,0.0804,0.0087,37.46,161.68,0.166,22,NORMAL,False
2026-07-30 15:03:08,56.4,0.0618,0.0052,37.46,162.73,0.192,22,NORMAL,False
2026-07-30 15:03:08,56.45,0.0605,0.0034,37.64,163.3,0.22,22,NORMAL,False
2026-07-30 15:03:08,56.51,0.2457,0.0295,37.36,165.98,0.112,23,NORMAL,False
2026-07-30 15:03:08,56.65,0.0626,0.2251,37.18,164.26,0.138,23,NORMAL,False
2026-07-30 15:03:08,56.7,0.0974,0.2602,37.18,164.58,0.165,23,NORMAL,False
2026-07-30 15:03:09,56.74,0.1474,0.2504,37.18,166.05,0.192,23,NORMAL,False
2026-07-30 15:03:09,56.99,0.2521,0.1789,36.9,167.23,0.111,24,NORMAL,False
2026-07-30 15:03:09,57.04,0.2449,0.178,36.62,167.58,0.11,24,NORMAL,False
2026-07-30 15:03:09,57.09,0.171,0.159,36.9,168.22,0.137,24,NORMAL,False
2026-07-30 15:03:09,57.21,0.2545,0.1501,36.62,170.45,0.11,24,NORMAL,False
2026-07-30 15:03:09,57.26,0.301,0.1382,36.62,171.02,0.11,24,NORMAL,False
2026-07-30 15:03:09,57.3,0.3541,0.1461,36.62,171.4,0.11,24,NORMAL,False
2026-07-30 15:03:09,57.41,0.3489,0.1605,36.62,171.09,0.11,24,NORMAL,False
2026-07-30 15:03:09,57.46,0.3431,0.1789,36.62,170.6,0.11,24,NORMAL,False
2026-07-30 15:03:09,57.5,0.3553,0.2367,36.62,168.85,0.11,24,NORMAL,False
2026-07-30 15:03:09,57.62,0.3462,0.2206,36.62,168.41,0.11,24,NORMAL,False
2026-07-30 15:03:09,57.79,0.3511,0.231,36.62,169.35,0.11,24,NORMAL,False
2026-07-30 15:03:10,57.84,0.3415,0.2375,36.62,169.26,0.11,24,NORMAL,False
2026-07-30 15:03:10,57.97,0.3328,0.238,36.62,168.64,0.11,24,NORMAL,False
2026-07-30 15:03:10,58.02,0.3599,0.2255,36.52,168.01,0.11,24,NORMAL,False
2026-07-30 15:03:10,58.07,0.3395,0.2215,36.52,168.67,0.11,24,NORMAL,False
2026-07-30 15:03:10,58.17,0.3451,0.2171,36.62,168.2,0.11,24,NORMAL,False
2026-07-30 15:03:10,58.22,0.3372,0.2166,36.62,168.26,0.11,24,NORMAL,False
2026-07-30 15:03:10,58.27,0.3191,0.2228,36.62,169.2,0.11,24,NORMAL,False
2026-07-30 15:03:10,58.4,0.1255,0.2179,37.01,164.05,0.138,24,NORMAL,False
2026-07-30 15:03:10,58.44,0.123,0.2195,37.18,162.91,0.165,24,NORMAL,False
2026-07-30 15:03:10,58.56,0.1387,0.2155,37.01,163.87,0.191,24,NORMAL,False
2026-07-30 15:03:10,58.68,0.176,0.2349,37.18,166.64,0.218,24,NORMAL,False
2026-07-30 15:03:10,58.72,0.137,0.2217,37.18,167.91,0.245,24,NORMAL,False
2026-07-30 15:03:10,58.76,0.1969,0.2451,37.18,168.27,0.272,24,NORMAL,False
2026-07-30 15:03:11,58.87,0.3372,0.2438,37.18,170.4,0.112,25,NORMAL,False
2026-07-30 15:03:11,58.9,0.3211,0.2378,37.18,169.71,0.112,25,NORMAL,False
2026-07-30 15:03:11,58.96,0.3499,0.2258,37.18,170.07,0.112,25,NORMAL,False
2026-07-30 15:03:11,59.04,0.1182,0.2141,37.46,173.07,0.139,25,NORMAL,False
2026-07-30 15:03:11,59.08,0.1272,0.2122,37.75,174.0,0.167,25,NORMAL,False
2026-07-30 15:03:11,59.12,0.0673,0.2015,37.92,174.77,0.194,25,NORMAL,False
2026-07-30 15:03:11,59.31,0.0436,0.1579,38.2,172.5,0.221,25,NORMAL,False
2026-07-30 15:03:11,59.36,0.0419,0.003,38.48,172.18,0.249,25,NORMAL,False
2026-07-30 15:03:11,59.41,0.0554,0.0035,38.76,171.47,0.276,25,NORMAL,False
2026-07-30 15:03:11,59.52,0.0404,0.0017,39.04,170.74,0.304,25,NORMAL,False
2026-07-30 15:03:11,59.57,0.0449,0.0029,39.33,167.95,0.331,25,NORMAL,False
2026-07-30 15:03:11,59.62,0.0509,0.0024,39.61,168.6,0.359,25,NORMAL,False
2026-07-30 15:03:11,59.74,0.0577,0.3663,39.89,164.6,0.386,25,NORMAL,False
2026-07-30 15:03:11,59.79,0.0604,0.3624,40.17,164.1,0.414,25,NORMAL,False
2026-07-30 15:03:12,59.83,0.1138,0.3226,40.34,163.31,0.441,25,NORMAL,False
2026-07-30 15:03:12,59.95,0.1462,0.1943,40.73,165.78,0.469,25,NORMAL,False
2026-07-30 15:03:12,60.17,0.0962,0.3057,40.9,167.98,0.496,25,NORMAL,False
2026-07-30 15:03:12,60.23,0.108,0.2685,41.18,166.32,0.524,25,DROWSY,False
2026-07-30 15:03:12,60.37,0.1185,0.2623,41.57,166.77,0.525,25,DROWSY,False
2026-07-30 15:03:12,60.42,0.141,0.2546,41.74,165.78,0.525,25,DROWSY,False
2026-07-30 15:03:12,60.48,0.1469,0.2326,42.13,168.16,0.526,25,DROWSY,False
2026-07-30 15:03:12,60.62,0.1836,0.2141,42.13,170.34,0.526,25,DROWSY,False
2026-07-30 15:03:12,60.66,0.2144,0.2102,42.13,170.09,0.126,26,NORMAL,False
2026-07-30 15:03:12,60.7,0.2266,0.2078,42.02,169.99,0.126,26,NORMAL,False
2026-07-30 15:03:12,60.83,0.1827,0.2148,42.42,166.81,0.154,26,NORMAL,False
2026-07-30 15:03:13,60.88,0.0805,0.2148,42.42,163.05,0.181,26,NORMAL,False
2026-07-30 15:03:13,61.04,0.1668,0.1995,42.7,165.22,0.208,26,NORMAL,False
2026-07-30 15:03:13,61.18,0.2177,0.2206,42.82,166.03,0.128,27,NORMAL,False
2026-07-30 15:03:13,61.23,0.221,0.2087,42.7,166.26,0.128,27,NORMAL,False
2026-07-30 15:03:13,61.27,0.2209,0.2132,42.7,166.28,0.128,27,NORMAL,False
2026-07-30 15:03:13,61.39,0.0708,0.3809,43.1,165.81,0.156,27,NORMAL,False
2026-07-30 15:03:13,61.43,0.0615,0.4078,43.1,165.44,0.183,27,NORMAL,False
2026-07-30 15:03:13,61.48,0.0518,0.4248,43.38,165.9,0.21,27,NORMAL,False
2026-07-30 15:03:13,61.58,0.0756,0.4054,43.5,165.68,0.237,27,NORMAL,False
2026-07-30 15:03:13,61.63,0.062,0.4277,43.66,166.55,0.264,27,NORMAL,False
2026-07-30 15:03:13,61.68,0.0712,0.4641,43.82,166.42,0.291,27,NORMAL,False
2026-07-30 15:03:14,61.93,0.0285,0.4706,44.48,166.08,0.32,27,NORMAL,False
2026-07-30 15:03:14,61.98,0.0493,0.45,44.63,167.32,0.347,27,NORMAL,False
2026-07-30 15:03:14,62.02,0.0463,0.4541,44.92,166.63,0.375,27,NORMAL,False
2026-07-30 15:03:14,62.15,0.0361,0.4547,45.33,166.9,0.403,27,NORMAL,False
2026-07-30 15:03:14,62.19,0.0427,0.4668,45.61,166.63,0.43,27,NORMAL,False
2026-07-30 15:03:14,62.24,0.0327,0.4528,45.89,167.81,0.458,27,NORMAL,False
2026-07-30 15:03:14,62.36,0.046,0.4245,45.89,166.96,0.484,27,NORMAL,False
2026-07-30 15:03:14,62.41,0.0469,0.4067,46.05,167.14,0.511,27,DROWSY,False
2026-07-30 15:03:14,62.47,0.0337,0.4309,46.33,167.27,0.539,27,DROWSY,False
2026-07-30 15:03:14,62.6,0.0493,0.4785,46.46,167.91,0.539,27,DROWSY,False
2026-07-30 15:03:14,62.76,0.0282,0.3874,46.31,169.04,0.539,27,DROWSY,False
2026-07-30 15:03:14,62.8,0.0243,0.4459,46.31,167.82,0.539,27,DROWSY,False
2026-07-30 15:03:15,62.95,0.04,0.4435,46.31,168.04,0.539,27,DROWSY,False
2026-07-30 15:03:15,62.99,0.0327,0.4618,46.31,168.3,0.539,27,DROWSY,False
2026-07-30 15:03:15,63.06,0.0359,0.4263,46.31,168.11,0.539,27,DROWSY,False
2026-07-30 15:03:15,63.16,0.0483,0.2832,46.31,166.69,0.539,27,DROWSY,False
2026-07-30 15:03:15,63.21,0.0389,0.2681,46.46,167.74,0.539,27,DROWSY,False
2026-07-30 15:03:15,63.25,0.0389,0.3347,46.61,169.24,0.54,27,DROWSY,False
2026-07-30 15:03:15,63.34,0.0288,0.3099,46.89,169.09,0.541,27,DROWSY,False
2026-07-30 15:03:15,63.38,0.0473,0.3318,47.18,170.22,0.542,27,DROWSY,False
2026-07-30 15:03:15,63.5,0.2812,0.2642,47.18,171.64,0.142,28,NORMAL,False
2026-07-30 15:03:15,63.62,0.3065,0.2896,47.31,170.98,0.142,28,NORMAL,False
2026-07-30 15:03:15,63.66,0.3112,0.348,47.18,170.33,0.142,28,NORMAL,False
2026-07-30 15:03:15,63.71,0.3092,0.3995,47.04,169.87,0.141,28,NORMAL,False
2026-07-30 15:03:15,63.83,0.2873,0.376,46.89,168.85,0.141,28,NORMAL,False
2026-07-30 15:03:16,63.89,0.1268,0.4796,47.04,166.28,0.168,28,NORMAL,False
2026-07-30 15:03:16,63.93,0.2597,0.5057,46.91,165.56,0.141,28,NORMAL,False
2026-07-30 15:03:16,64.06,0.2963,0.1402,46.78,166.7,0.14,28,NORMAL,False
2026-07-30 15:03:16,64.13,0.3227,0.1156,46.65,165.86,0.14,28,NORMAL,False
2026-07-30 15:03:16,64.16,0.3361,0.1987,46.52,166.4,0.14,28,NORMAL,False
2026-07-30 15:03:16,64.42,0.398,0.1942,46.37,168.55,0.139,28,NORMAL,False
2026-07-30 15:03:16,64.48,0.3879,0.3503,46.09,166.68,0.138,28,NORMAL,False
2026-07-30 15:03:16,64.52,0.3897,0.3607,46.09,166.09,0.138,28,NORMAL,False
2026-07-30 15:03:16,64.63,0.3678,0.3763,46.09,167.11,0.138,28,NORMAL,False
2026-07-30 15:03:16,64.69,0.1757,0.3577,46.24,167.89,0.165,28,NORMAL,False
2026-07-30 15:03:16,64.74,0.0877,0.3256,46.52,167.33,0.193,28,NORMAL,False
2026-07-30 15:03:17,64.85,0.2805,0.2375,46.52,170.79,0.14,29,NORMAL,False
2026-07-30 15:03:17,64.89,0.2766,0.2132,46.39,172.75,0.139,29,NORMAL,False
2026-07-30 15:03:17,64.94,0.2822,0.2088,46.39,172.91,0.139,29,NORMAL,False
2026-07-30 15:03:17,65.06,0.3006,0.2314,46.65,175.41,0.14,29,NORMAL,False
2026-07-30 15:03:17,65.22,0.0691,0.4124,47.06,174.73,0.168,29,NORMAL,False
2026-07-30 15:03:17,65.27,0.0446,0.4325,47.34,174.25,0.195,29,NORMAL,False
2026-07-30 15:03:17,65.39,0.2645,0.4248,47.06,179.67,0.141,30,NORMAL,False
2026-07-30 15:03:17,65.45,0.2749,0.4651,46.78,-179.59,0.15,30,NORMAL,False
2026-07-30 15:03:17,65.49,0.3055,0.48,46.65,-179.48,0.16,30,NORMAL,False
2026-07-30 15:03:17,65.6,0.3307,0.3056,46.22,-176.81,0.169,30,NORMAL,False
2026-07-30 15:03:17,65.65,0.3423,0.3086,45.94,-178.08,0.178,30,NORMAL,False
2026-07-30 15:03:17,65.69,0.3405,0.6213,45.81,176.91,0.237,30,NORMAL,False
2026-07-30 15:03:17,65.81,0.3815,0.5766,45.53,173.92,0.137,30,NORMAL,False
2026-07-30 15:03:18,65.86,0.3414,0.3729,45.25,179.38,0.136,30,NORMAL,False
2026-07-30 15:03:18,66.0,0,0,0,0,0,30,No Face,False
2026-07-30 15:03:18,66.06,0,0,0,0,0,30,No Face,False
2026-07-30 15:03:18,66.12,0.3186,0.6578,44.66,174.82,0.234,30,NORMAL,False
2026-07-30 15:03:18,66.17,0.5813,0.5902,44.54,170.92,0.134,30,NORMAL,False
2026-07-30 15:03:18,66.27,0.2884,0.3646,44.26,170.45,0.133,30,NORMAL,False
2026-07-30 15:03:18,66.32,0.2403,0.4196,44.13,168.5,0.132,30,NORMAL,False
2026-07-30 15:03:18,66.36,0.1966,0.3591,44.13,166.22,0.159,30,NORMAL,False
2026-07-30 15:03:18,66.48,0.1379,0.2686,43.98,169.78,0.185,30,NORMAL,False
2026-07-30 15:03:18,66.52,0.1303,0.2931,44.13,172.71,0.212,30,NORMAL,False
2026-07-30 15:03:18,66.57,0.169,0.3397,44.13,171.97,0.239,30,NORMAL,False
2026-07-30 15:03:18,66.81,0.0773,0.3204,43.82,173.28,0.265,30,NORMAL,False
2026-07-30 15:03:19,66.87,0.2463,0.2548,43.54,177.43,0.131,31,NORMAL,False
2026-07-30 15:03:19,66.91,0.2586,0.2305,43.26,177.84,0.13,31,NORMAL,False
2026-07-30 15:03:19,67.02,0.2606,0.1865,43.14,176.1,0.129,31,NORMAL,False
2026-07-30 15:03:19,67.07,0.2726,0.2835,43.02,172.38,0.129,31,NORMAL,False
2026-07-30 15:03:19,67.12,0.2352,0.286,42.9,171.54,0.129,31,NORMAL,False
2026-07-30 15:03:19,67.24,0.2177,0.3003,42.46,176.76,0.127,31,NORMAL,False
2026-07-30 15:03:19,67.29,0.3098,0.3488,42.18,176.82,0.127,31,NORMAL,False
2026-07-30 15:03:19,67.33,0.3749,0.3485,42.06,-179.53,0.136,31,NORMAL,False
2026-07-30 15:03:19,67.45,0.3532,0.1203,41.78,170.2,0.125,31,NORMAL,False
2026-07-30 15:03:19,67.6,0.3348,0.0125,41.34,166.18,0.124,31,NORMAL,False
2026-07-30 15:03:19,67.66,0.4416,0.1898,41.06,170.37,0.123,31,NORMAL,False
2026-07-30 15:03:19,67.79,0.4237,0.2097,40.9,167.63,0.123,31,NORMAL,False
2026-07-30 15:03:19,67.83,0.3769,0.1074,40.78,166.35,0.122,31,NORMAL,False
2026-07-30 15:03:20,67.86,0.3769,0.2315,40.78,167.55,0.122,31,NORMAL,False
2026-07-30 15:03:20,67.94,0.3927,0.4161,40.67,170.96,0.122,31,NORMAL,False
2026-07-30 15:03:20,67.97,0.3811,0.3997,40.56,171.63,0.122,31,NORMAL,False
2026-07-30 15:03:20,68.02,0.3611,0.3748,40.56,172.82,0.122,31,NORMAL,False
2026-07-30 15:03:20,68.09,0.3222,0.3708,40.56,173.31,0.122,31,NORMAL,False
2026-07-30 15:03:20,68.13,0.3179,0.3895,40.44,173.56,0.121,31,NORMAL,False
2026-07-30 15:03:20,68.26,0.2617,0.3467,40.56,178.69,0.122,31,NORMAL,False
2026-07-30 15:03:20,68.37,0.2687,0.3652,40.56,-179.33,0.132,31,NORMAL,False
2026-07-30 15:03:20,68.44,0.2615,0.3287,40.44,165.16,0.121,31,NORMAL,False
2026-07-30 15:03:20,68.49,0.1827,0.2937,40.83,159.63,0.149,31,NORMAL,False
2026-07-30 15:03:20,68.62,0.1117,0.2615,41.11,160.23,0.177,31,NORMAL,False
2026-07-30 15:03:20,68.68,0.1686,0.3191,41.11,167.25,0.203,31,NORMAL,False
2026-07-30 15:03:20,68.73,0.1644,0.3621,41.11,167.73,0.23,31,NORMAL,False
2026-07-30 15:03:21,68.86,0.1888,0.2562,41.11,168.73,0.257,31,NORMAL,False
2026-07-30 15:03:21,68.91,0.1817,0.294,41.27,178.7,0.284,31,NORMAL,False
2026-07-30 15:03:21,68.96,0.2019,0.405,41.44,174.98,0.311,31,NORMAL,False
2026-07-30 15:03:21,69.22,0.3224,0.136,40.67,-171.9,0.132,32,NORMAL,False
2026-07-30 15:03:21,69.27,0.3083,0.0783,40.22,-177.11,0.141,32,NORMAL,False
2026-07-30 15:03:21,69.31,0.2914,0.0968,40.11,-177.97,0.15,32,NORMAL,False
2026-07-30 15:03:21,69.43,0.2944,0.1505,39.66,-177.74,0.159,32,NORMAL,False
2026-07-30 15:03:21,69.49,0.2789,0.1645,39.39,-178.39,0.168,32,NORMAL,False
2026-07-30 15:03:21,69.53,0.2734,0.1768,39.28,-179.71,0.178,32,NORMAL,False
2026-07-30 15:03:21,69.65,0.1664,0.1938,39.44,178.56,0.145,32,NORMAL,False
2026-07-30 15:03:21,69.69,0.0127,0.1924,39.61,175.27,0.172,32,NORMAL,False
2026-07-30 15:03:21,69.73,0.0176,0.1913,39.78,177.11,0.199,32,NORMAL,False
2026-07-30 15:03:22,69.83,0.1707,0.202,39.61,176.76,0.226,32,NORMAL,False
2026-07-30 15:03:22,69.98,0.2081,0.1783,39.44,176.56,0.252,32,NORMAL,False
2026-07-30 15:03:22,70.05,0.2167,0.2033,39.17,176.12,0.117,33,NORMAL,False
2026-07-30 15:03:22,70.19,0.2422,0.2091,38.89,176.98,0.117,33,NORMAL,False
2026-07-30 15:03:22,70.23,0.2373,0.2315,38.61,177.26,0.116,33,NORMAL,False
2026-07-30 15:03:22,70.29,0.2303,0.212,38.33,178.28,0.115,33,NORMAL,False
2026-07-30 15:03:22,70.4,0.2492,0.2236,38.33,177.34,0.115,33,NORMAL,False
2026-07-30 15:03:22,70.45,0.2371,0.2245,38.33,177.35,0.115,33,NORMAL,False
2026-07-30 15:03:22,70.49,0.2502,0.2278,38.23,178.24,0.115,33,NORMAL,False
2026-07-30 15:03:22,70.59,0.2445,0.221,38.23,176.96,0.115,33,NORMAL,False
2026-07-30 15:03:22,70.63,0.2467,0.2313,38.12,177.07,0.114,33,NORMAL,False
2026-07-30 15:03:22,70.79,0.2591,0.2548,38.23,175.09,0.115,33,NORMAL,False
2026-07-30 15:03:23,70.95,0.2588,0.2668,38.33,174.79,0.115,33,NORMAL,False
2026-07-30 15:03:23,70.99,0.2595,0.2376,38.33,175.19,0.115,33,NORMAL,False
2026-07-30 15:03:23,71.05,0.2696,0.2529,38.23,177.2,0.115,33,NORMAL,False
2026-07-30 15:03:23,71.15,0.2848,0.2172,38.33,175.7,0.115,33,NORMAL,False
2026-07-30 15:03:23,71.2,0.2871,0.2489,38.23,175.42,0.115,33,NORMAL,False
2026-07-30 15:03:23,71.25,0.2951,0.2699,38.23,175.11,0.115,33,NORMAL,False
2026-07-30 15:03:23,71.35,0.282,0.3129,38.23,175.72,0.115,33,NORMAL,False
2026-07-30 15:03:23,71.4,0.2696,0.2895,37.95,175.76,0.114,33,NORMAL,False
2026-07-30 15:03:23,71.45,0.2608,0.2569,37.85,175.3,0.114,33,NORMAL,False
2026-07-30 15:03:23,71.69,0.2781,0.3039,38.06,177.16,0.114,33,NORMAL,False
2026-07-30 15:03:23,71.75,0.273,0.2704,38.06,177.44,0.114,33,NORMAL,False
2026-07-30 15:03:23,71.8,0.2784,0.2857,38.16,177.32,0.114,33,NORMAL,False
2026-07-30 15:03:24,71.9,0.2713,0.3141,38.16,178.27,0.114,33,NORMAL,False
2026-07-30 15:03:24,71.95,0.276,0.3015,38.16,177.28,0.114,33,NORMAL,False
2026-07-30 15:03:24,72.0,0.2772,0.2801,38.16,177.59,0.114,33,NORMAL,False
2026-07-30 15:03:24,72.11,0.2809,0.2515,38.06,177.66,0.114,33,NORMAL,False
2026-07-30 15:03:24,72.15,0.1321,0.2508,38.23,176.61,0.141,33,NORMAL,False
2026-07-30 15:03:24,72.23,0.0592,0.2355,38.33,175.11,0.168,33,NORMAL,False
2026-07-30 15:03:24,72.35,0.2243,0.2377,38.33,176.32,0.115,34,NORMAL,False
2026-07-30 15:03:24,72.48,0.2557,0.2073,38.55,178.06,0.116,34,NORMAL,False
2026-07-30 15:03:24,72.52,0.2643,0.2174,38.44,177.91,0.115,34,NORMAL,False
2026-07-30 15:03:24,72.63,0.2873,0.189,38.55,178.47,0.116,34,NORMAL,False
2026-07-30 15:03:24,72.68,0.2736,0.1942,38.55,178.45,0.116,34,NORMAL,False
2026-07-30 15:03:24,72.73,0.3062,0.1233,38.44,178.08,0.115,34,NORMAL,False
2026-07-30 15:03:24,72.8,0.301,0.1007,38.44,177.8,0.115,34,NORMAL,False
2026-07-30 15:03:25,72.85,0.3049,0.0066,38.33,177.76,0.115,34,NORMAL,False
2026-07-30 15:03:25,72.9,0.301,0.0584,38.23,177.63,0.115,34,NORMAL,False
2026-07-30 15:03:25,72.97,0.3089,0.1226,38.23,177.19,0.115,34,NORMAL,False
2026-07-30 15:03:25,73.01,0.299,0.2336,38.23,177.11,0.115,34,NORMAL,False
2026-07-30 15:03:25,73.15,0.2903,0.2185,38.12,177.64,0.114,34,NORMAL,False
2026-07-30 15:03:25,73.26,0.2937,0.1769,38.33,178.27,0.115,34,NORMAL,False
2026-07-30 15:03:25,73.3,0.3084,0.1079,38.23,177.33,0.115,34,NORMAL,False
2026-07-30 15:03:25,73.35,0.2979,0.1309,38.12,178.07,0.114,34,NORMAL,False
2026-07-30 15:03:25,73.45,0.2921,0.0639,38.23,177.93,0.115,34,NORMAL,False
2026-07-30 15:03:25,73.49,0.3052,0.0584,38.23,177.58,0.115,34,NORMAL,False
2026-07-30 15:03:25,73.55,0.2994,0.0379,38.12,177.81,0.114,34,NORMAL,False
2026-07-30 15:03:25,73.68,0.3047,0.0047,37.67,178.92,0.113,34,NORMAL,False
2026-07-30 15:03:25,73.72,0.2963,0.0041,37.57,178.47,0.113,34,NORMAL,False
2026-07-30 15:03:26,73.78,0.2982,0.0064,37.47,178.85,0.112,34,NORMAL,False
2026-07-30 15:03:26,74.02,0.2907,0.0008,37.67,178.59,0.113,34,NORMAL,False
2026-07-30 15:03:26,74.07,0.2939,0.0044,37.67,178.57,0.113,34,NORMAL,False
2026-07-30 15:03:26,74.12,0.2989,0.0058,37.57,178.6,0.113,34,NORMAL,False
2026-07-30 15:03:26,74.25,0.3064,0.0047,37.78,178.87,0.113,34,NORMAL,False
2026-07-30 15:03:26,74.31,0.3092,0.0084,37.67,179.28,0.113,34,NORMAL,False
2026-07-30 15:03:26,74.35,0.315,0.0059,37.67,179.28,0.113,34,NORMAL,False
2026-07-30 15:03:26,74.45,0.3153,0.0068,37.78,179.58,0.113,34,NORMAL,False
2026-07-30 15:03:26,74.49,0.3101,0.0059,37.67,179.1,0.113,34,NORMAL,False
2026-07-30 15:03:26,74.54,0.3133,0.0053,37.57,179.36,0.113,34,NORMAL,False
2026-07-30 15:03:26,74.64,0.3181,0.0218,37.47,179.65,0.112,34,NORMAL,False
2026-07-30 15:03:26,74.79,0.3072,0.0039,37.67,179.67,0.113,34,NORMAL,False
2026-07-30 15:03:27,74.84,0.3087,0.0094,37.57,-179.68,0.123,34,NORMAL,False
2026-07-30 15:03:27,74.96,0.3129,0.0026,37.67,178.74,0.113,34,NORMAL,False
2026-07-30 15:03:27,75.01,0.3017,0.0017,37.67,178.98,0.113,34,NORMAL,False
2026-07-30 15:03:27,75.05,0.3089,0.0039,37.57,179.16,0.113,34,NORMAL,False
2026-07-30 15:03:27,75.18,0.3011,0.0004,37.78,178.92,0.113,34,NORMAL,False
2026-07-30 15:03:27,75.22,0.3128,0.0059,37.67,179.32,0.113,34,NORMAL,False
2026-07-30 15:03:27,75.27,0.3073,0.0028,37.67,178.72,0.113,34,NORMAL,False
2026-07-30 15:03:27,75.37,0.3073,0.0047,37.57,179.47,0.113,34,NORMAL,False
2026-07-30 15:03:27,75.41,0.3102,0.0022,37.57,178.28,0.113,34,NORMAL,False
2026-07-30 15:03:27,75.57,0.0347,0.0012,37.85,175.58,0.14,34,NORMAL,False
2026-07-30 15:03:27,75.71,0.2441,0.0012,38.06,177.94,0.114,34,NORMAL,False
2026-07-30 15:03:27,75.77,0.2837,0.0038,37.95,179.07,0.114,34,NORMAL,False
2026-07-30 15:03:27,75.82,0.2853,0.0017,37.95,178.42,0.114,34,NORMAL,False
2026-07-30 15:03:28,75.95,0.2792,0.0034,38.06,179.24,0.114,34,NORMAL,False
2026-07-30 15:03:28,76.0,0.2855,0.0052,38.06,179.57,0.114,34,NORMAL,False
2026-07-30 15:03:28,76.05,0.2925,0.0044,38.06,179.37,0.114,34,NORMAL,False
2026-07-30 15:03:28,76.17,0.2835,0.0797,38.06,179.63,0.114,34,NORMAL,False
2026-07-30 15:03:28,76.22,0.2936,0.1182,37.95,178.84,0.114,34,NORMAL,False
2026-07-30 15:03:28,76.27,0.285,0.1639,37.95,179.09,0.114,34,NORMAL,False
2026-07-30 15:03:28,76.5,0.2923,0.2602,38.16,179.66,0.114,34,NORMAL,False
2026-07-30 15:03:28,76.55,0.2796,0.5326,38.16,179.02,0.114,34,NORMAL,False
2026-07-30 15:03:28,76.61,0.2931,0.478,38.16,177.5,0.114,34,NORMAL,False
2026-07-30 15:03:28,76.73,0.2764,0.2965,38.16,177.09,0.114,34,NORMAL,False
2026-07-30 15:03:28,76.78,0.2707,0.3973,38.16,177.48,0.114,34,NORMAL,False
2026-07-30 15:03:28,76.82,0.2696,0.4123,38.16,177.98,0.114,34,NORMAL,False
2026-07-30 15:03:29,76.91,0.2842,0.0335,38.06,176.71,0.114,34,NORMAL,False
2026-07-30 15:03:29,76.97,0.2716,0.1332,37.95,178.1,0.114,34,NORMAL,False
2026-07-30 15:03:29,77.01,0.2675,0.2584,37.85,175.36,0.114,34,NORMAL,False
2026-07-30 15:03:29,77.12,0.2668,0.2546,37.95,175.95,0.114,34,NORMAL,False
2026-07-30 15:03:29,77.28,0.262,0.3209,37.95,174.57,0.114,34,NORMAL,False
2026-07-30 15:03:29,77.32,0.2709,0.3134,37.95,174.65,0.114,34,NORMAL,False
2026-07-30 15:03:29,77.45,0.2391,0.2826,38.06,172.7,0.114,34,NORMAL,False
2026-07-30 15:03:29,77.5,0.2557,0.279,37.95,172.31,0.114,34,NORMAL,False
2026-07-30 15:03:29,77.54,0.2552,0.283,37.67,173.26,0.113,34,NORMAL,False
2026-07-30 15:03:29,77.66,0.2457,0.2797,37.22,172.1,0.112,34,NORMAL,False
2026-07-30 15:03:29,77.71,0.2464,0.2862,37.12,173.12,0.111,34,NORMAL,False
2026-07-30 15:03:29,77.77,0.2482,0.2791,36.84,172.88,0.111,34,NORMAL,False
2026-07-30 15:03:30,77.85,0.2573,0.2715,36.74,173.62,0.11,34,NORMAL,False
2026-07-30 15:03:30,77.9,0.2652,0.2615,36.74,173.46,0.11,34,NORMAL,False
2026-07-30 15:03:30,78.02,0.2657,0.2593,36.74,173.81,0.11,34,NORMAL,False
2026-07-30 15:03:30,78.16,0.1537,0.2584,36.57,173.61,0.136,34,NORMAL,False
2026-07-30 15:03:30,78.21,0.061,0.2448,36.57,171.53,0.163,34,NORMAL,False
2026-07-30 15:03:30,78.24,0.167,0.2567,36.74,174.53,0.19,34,NORMAL,False
2026-07-30 15:03:30,78.33,0.3205,0.2425,36.74,176.71,0.11,35,NORMAL,False
2026-07-30 15:03:30,78.36,0.3215,0.2344,36.74,176.07,0.11,35,NORMAL,False
2026-07-30 15:03:30,78.41,0.3238,0.2414,36.74,176.15,0.11,35,NORMAL,False
2026-07-30 15:03:30,78.51,0.2849,0.2412,36.74,175.59,0.11,35,NORMAL,False
2026-07-30 15:03:30,78.56,0.2483,0.238,36.64,177.48,0.11,35,NORMAL,False
2026-07-30 15:03:30,78.61,0.2565,0.2219,36.64,175.96,0.11,35,NORMAL,False
2026-07-30 15:03:30,78.82,0.2383,0.256,36.64,172.99,0.11,35,NORMAL,False
2026-07-30 15:03:31,78.87,0.2414,0.239,36.54,173.12,0.11,35,NORMAL,False
2026-07-30 15:03:31,78.91,0.2497,0.2397,36.54,173.73,0.11,35,NORMAL,False
2026-07-30 15:03:31,78.99,0.246,0.2387,36.64,173.85,0.11,35,NORMAL,False
2026-07-30 15:03:31,79.04,0.2451,0.2458,36.54,173.76,0.11,35,NORMAL,False
2026-07-30 15:03:31,79.09,0.2447,0.234,36.54,173.55,0.11,35,NORMAL,False
2026-07-30 15:03:31,79.22,0.2391,0.2442,36.64,174.16,0.11,35,NORMAL,False
2026-07-30 15:03:31,79.27,0.2352,0.2501,36.54,173.71,0.11,35,NORMAL,False
2026-07-30 15:03:31,79.33,0.2307,0.2513,36.54,174.01,0.11,35,NORMAL,False
2026-07-30 15:03:31,79.46,0.2521,0.2481,36.64,175.69,0.11,35,NORMAL,False
2026-07-30 15:03:31,79.62,0.2471,0.2623,36.36,176.01,0.109,35,NORMAL,False
2026-07-30 15:03:31,79.69,0.2153,0.25,36.09,171.56,0.108,35,NORMAL,False
2026-07-30 15:03:31,79.82,0.211,0.2423,36.09,173.69,0.135,35,NORMAL,False
2026-07-30 15:03:32,79.87,0.2071,0.2543,36.36,173.29,0.162,35,NORMAL,False
2026-07-30 15:03:32,79.92,0.2193,0.2556,36.36,177.92,0.109,36,NORMAL,False
2026-07-30 15:03:32,80.04,0.2171,0.2866,36.36,174.87,0.109,36,NORMAL,False
2026-07-30 15:03:32,80.09,0.191,0.3046,36.64,175.12,0.137,36,NORMAL,False
2026-07-30 15:03:32,80.14,0.1985,0.3124,36.91,174.25,0.164,36,NORMAL,False
2026-07-30 15:03:32,80.25,0.1843,0.2456,37.19,176.16,0.192,36,NORMAL,False
2026-07-30 15:03:32,80.3,0.2052,0.2506,37.19,175.33,0.218,36,NORMAL,False
2026-07-30 15:03:32,80.44,0.1952,0.2358,37.19,175.03,0.245,36,NORMAL,False
2026-07-30 15:03:32,80.57,0.1968,0.2199,37.19,173.38,0.272,36,NORMAL,False
2026-07-30 15:03:32,80.62,0.2129,0.2239,36.91,173.18,0.111,37,NORMAL,False
2026-07-30 15:03:32,80.67,0.1916,0.2209,36.91,171.98,0.137,37,NORMAL,False
2026-07-30 15:03:32,80.78,0.2081,0.2418,36.91,173.76,0.164,37,NORMAL,False
2026-07-30 15:03:32,80.82,0.2208,0.2508,36.64,172.86,0.11,38,NORMAL,False
2026-07-30 15:03:33,80.88,0.1738,0.2497,36.64,172.66,0.137,38,NORMAL,False
2026-07-30 15:03:33,80.97,0.2842,0.2593,36.36,170.39,0.109,38,NORMAL,False
2026-07-30 15:03:33,81.01,0.3162,0.1533,36.09,168.81,0.108,38,NORMAL,False
2026-07-30 15:03:33,81.07,0.3521,0.3093,35.81,167.37,0.107,38,NORMAL,False
2026-07-30 15:03:33,81.26,0.1413,0.3065,35.81,167.92,0.134,38,NORMAL,False
2026-07-30 15:03:33,81.31,0.088,0.2874,35.81,166.24,0.161,38,NORMAL,False
2026-07-30 15:03:33,81.35,0.0792,0.2701,35.81,169.54,0.187,38,NORMAL,False
2026-07-30 15:03:33,81.43,0.1442,0.2517,35.81,171.55,0.214,38,NORMAL,False
2026-07-30 15:03:33,81.46,0.1831,0.2096,35.81,170.45,0.241,38,NORMAL,False
2026-07-30 15:03:33,81.51,0.2322,0.166,35.54,175.05,0.107,39,NORMAL,False
2026-07-30 15:03:33,81.58,0.2251,0.1725,35.26,174.87,0.106,39,NORMAL,False
2026-07-30 15:03:33,81.64,0.2229,0.1784,35.16,175.52,0.105,39,NORMAL,False
2026-07-30 15:03:33,81.69,0.2492,0.0908,35.07,177.86,0.105,39,NORMAL,False
2026-07-30 15:03:34,81.77,0.2136,0.034,34.89,178.77,0.105,39,NORMAL,False
2026-07-30 15:03:34,81.9,0.0925,0.0013,35.07,-179.23,0.142,39,NORMAL,False
2026-07-30 15:03:34,81.95,0.0704,0.003,35.25,-179.08,0.179,39,NORMAL,False
2026-07-30 15:03:34,82.06,0.0534,0.021,35.42,-177.46,0.216,39,NORMAL,False
2026-07-30 15:03:34,82.11,0.089,0.0034,35.6,-178.32,0.253,39,NORMAL,False
2026-07-30 15:03:34,82.15,0.0456,0.0033,35.77,-176.71,0.291,39,NORMAL,False
2026-07-30 15:03:34,82.27,0.0264,0.0115,35.6,179.98,0.267,39,NORMAL,False
2026-07-30 15:03:34,82.33,0.0424,0.0065,35.6,179.07,0.293,39,NORMAL,False
2026-07-30 15:03:34,82.38,0.0315,0.0054,35.6,179.29,0.32,39,NORMAL,False
2026-07-30 15:03:34,82.51,0.2158,0.0015,35.33,-179.04,0.116,40,NORMAL,False
2026-07-30 15:03:34,82.56,0.2325,0.0012,35.23,-178.74,0.126,40,NORMAL,False
2026-07-30 15:03:34,82.72,0.2656,0.0185,34.96,-179.69,0.135,40,NORMAL,False
2026-07-30 15:03:35,82.88,0.2687,0.1112,34.51,-179.62,0.144,40,NORMAL,False
2026-07-30 15:03:35,82.92,0.2767,0.1099,34.42,-179.59,0.153,40,NORMAL,False
2026-07-30 15:03:35,82.97,0.2751,0.1198,34.15,-179.69,0.162,40,NORMAL,False
2026-07-30 15:03:35,83.08,0.2687,0.1927,33.7,178.97,0.101,40,NORMAL,False
2026-07-30 15:03:35,83.14,0.2498,0.001,33.6,177.75,0.101,40,NORMAL,False
2026-07-30 15:03:35,83.19,0.254,0.0092,33.51,-179.39,0.111,40,NORMAL,False
2026-07-30 15:03:35,83.3,0.2454,0.0016,33.06,-179.9,0.119,40,NORMAL,False
2026-07-30 15:03:35,83.36,0.2433,0.0038,32.79,-175.76,0.128,40,NORMAL,False
2026-07-30 15:03:35,83.41,0.2461,0.0025,32.7,-175.63,0.138,40,NORMAL,False
2026-07-30 15:03:35,83.66,0.2557,0.0029,32.79,-178.48,0.148,40,NORMAL,False
2026-07-30 15:03:35,83.72,0.2523,0.0031,32.79,-176.05,0.158,40,NORMAL,False
2026-07-30 15:03:35,83.76,0.2831,0.0037,32.7,-179.13,0.168,40,NORMAL,False
2026-07-30 15:03:36,83.86,0.2584,0.0057,32.43,-178.43,0.177,40,NORMAL,False
2026-07-30 15:03:36,83.9,0.2485,0.0015,32.16,-179.41,0.186,40,NORMAL,False
2026-07-30 15:03:36,83.95,0.2724,0.0048,32.16,-177.58,0.196,40,NORMAL,False
2026-07-30 15:03:36,84.05,0.2603,0.003,32.08,-179.58,0.206,40,NORMAL,False
2026-07-30 15:03:36,84.09,0.2659,0.0047,32.08,-179.9,0.216,40,NORMAL,False
2026-07-30 15:03:36,84.14,0.2557,0.0022,32.08,179.17,0.096,40,NORMAL,False
2026-07-30 15:03:36,84.24,0.2671,0.002,32.08,179.03,0.096,40,NORMAL,False
2026-07-30 15:03:36,84.39,0.2483,0.0037,32.25,179.95,0.097,40,NORMAL,False
2026-07-30 15:03:36,84.44,0.2559,0.0044,32.16,179.94,0.096,40,NORMAL,False
2026-07-30 15:03:36,84.57,0.2605,0.0023,32.08,179.08,0.096,40,NORMAL,False
2026-07-30 15:03:36,84.61,0.2513,0.0029,32.08,178.0,0.096,40,NORMAL,False
2026-07-30 15:03:36,84.65,0.2634,0.0028,31.99,178.47,0.096,40,NORMAL,False
2026-07-30 15:03:36,84.75,0.2548,0.2125,32.08,178.42,0.096,40,NORMAL,False
2026-07-30 15:03:36,84.8,0.2702,0.2206,31.99,178.01,0.096,40,NORMAL,False
2026-07-30 15:03:37,84.84,0.2697,0.2219,31.99,177.98,0.096,40,NORMAL,False
2026-07-30 15:03:37,84.95,0.2712,0.2016,32.08,177.9,0.096,40,NORMAL,False
2026-07-30 15:03:37,85.0,0.27,0.1802,32.08,179.6,0.096,40,NORMAL,False
2026-07-30 15:03:37,85.15,0.2741,0.1819,32.16,-179.84,0.106,40,NORMAL,False
2026-07-30 15:03:37,85.3,0.2895,0.1359,32.16,177.89,0.096,40,NORMAL,False
2026-07-30 15:03:37,85.35,0.3008,0.1138,32.16,178.87,0.096,40,NORMAL,False
2026-07-30 15:03:37,85.4,0.2973,0.1042,32.16,178.62,0.096,40,NORMAL,False
2026-07-30 15:03:37,85.48,0.2991,0.0757,32.08,174.26,0.096,40,NORMAL,False
2026-07-30 15:03:37,85.53,0.3209,0.0506,31.81,174.18,0.095,40,NORMAL,False
2026-07-30 15:03:37,85.57,0.3325,0.2065,31.54,174.23,0.095,40,NORMAL,False
2026-07-30 15:03:37,85.65,0.3452,0.2328,31.27,174.68,0.094,40,NORMAL,False
2026-07-30 15:03:37,85.68,0.3282,0.2423,31.18,174.12,0.094,40,NORMAL,False
2026-07-30 15:03:37,85.73,0.3364,0.2627,31.1,174.79,0.093,40,NORMAL,True
2026-07-30 15:03:38,85.93,0.3372,0.0885,31.35,174.58,0.094,40,NORMAL,True
2026-07-30 15:03:38,85.98,0.2425,0.0206,31.08,177.39,0.093,40,NORMAL,True
2026-07-30 15:03:38,86.03,0.2315,0.0185,31.0,177.71,0.093,40,NORMAL,True
2026-07-30 15:03:38,86.15,0.3628,0.2674,30.73,176.65,0.092,40,NORMAL,True
2026-07-30 15:03:38,86.21,0.3779,0.2729,30.73,176.04,0.092,40,NORMAL,True
2026-07-30 15:03:38,86.25,0.3673,0.2589,30.46,177.38,0.091,40,NORMAL,True
2026-07-30 15:03:38,86.37,0.3638,0.4075,30.19,177.37,0.091,40,NORMAL,True
2026-07-30 15:03:38,86.42,0.3788,0.3595,29.92,176.49,0.09,40,NORMAL,True
2026-07-30 15:03:38,86.47,0.39,0.3965,29.65,176.31,0.089,40,NORMAL,True
2026-07-30 15:03:38,86.59,0.4015,0.1131,29.65,174.5,0.089,40,NORMAL,True
2026-07-30 15:03:38,86.75,0.3922,0.294,29.0,172.69,0.087,40,NORMAL,True
2026-07-30 15:03:38,86.81,0.3615,0.2836,28.92,172.07,0.087,40,NORMAL,True
2026-07-30 15:03:39,86.93,0.3555,0.346,28.84,168.77,0.087,40,NORMAL,True
2026-07-30 15:03:39,86.98,0.2928,0.3265,28.76,168.66,0.086,40,NORMAL,True
2026-07-30 15:03:39,87.05,0.234,0.3468,28.84,170.18,0.087,40,NORMAL,True
2026-07-30 15:03:39,87.16,0.2174,0.2956,28.57,172.46,0.086,40,NORMAL,True
2026-07-30 15:03:39,87.22,0.2023,0.2903,28.84,174.86,0.113,40,NORMAL,True
2026-07-30 15:03:39,87.26,0.2184,0.2537,28.84,173.26,0.087,40,NORMAL,True
2026-07-30 15:03:39,87.37,0.0449,0.2202,29.11,169.31,0.114,40,NORMAL,True
2026-07-30 15:03:39,87.42,0.0571,0.2181,29.38,167.38,0.141,40,NORMAL,False
2026-07-30 15:03:39,87.57,0.1831,0.2154,29.73,169.78,0.169,40,NORMAL,False
2026-07-30 15:03:39,87.72,0.2175,0.204,29.73,169.09,0.089,41,NORMAL,False
2026-07-30 15:03:39,87.78,0.2293,0.1758,29.65,173.86,0.089,41,NORMAL,False
2026-07-30 15:03:39,87.82,0.2206,0.181,29.65,172.8,0.089,41,NORMAL,False
2026-07-30 15:03:40,87.93,0.2303,0.1816,29.65,174.13,0.089,41,NORMAL,False
2026-07-30 15:03:40,87.98,0.2233,0.2032,29.65,173.06,0.089,41,NORMAL,False
2026-07-30 15:03:40,88.03,0.228,0.2351,29.65,174.63,0.089,41,NORMAL,False
2026-07-30 15:03:40,88.14,0.2074,0.2737,29.92,173.49,0.116,41,NORMAL,False
2026-07-30 15:03:40,88.2,0.1977,0.302,30.19,173.39,0.144,41,NORMAL,False
2026-07-30 15:03:40,88.26,0.2119,0.2858,30.19,170.6,0.091,42,NORMAL,False
2026-07-30 15:03:40,88.5,0.2174,0.1294,29.81,172.15,0.089,42,NORMAL,False
2026-07-30 15:03:40,88.56,0.2263,0.1388,29.73,173.51,0.089,42,NORMAL,False
2026-07-30 15:03:40,88.6,0.2261,0.1428,29.46,173.63,0.088,42,NORMAL,False
2026-07-30 15:03:40,88.72,0.1469,0.186,29.27,172.97,0.114,42,NORMAL,False
2026-07-30 15:03:40,88.77,0.2607,0.2136,29.0,173.22,0.087,42,NORMAL,False
2026-07-30 15:03:40,88.82,0.2821,0.208,28.92,174.08,0.087,42,NORMAL,False
2026-07-30 15:03:41,88.91,0.2802,0.207,29.0,174.26,0.087,42,NORMAL,False
2026-07-30 15:03:41,88.96,0.2932,0.1957,29.0,174.09,0.087,42,NORMAL,False
2026-07-30 15:03:41,89.01,0.2943,0.2102,28.92,174.19,0.087,42,NORMAL,False
2026-07-30 15:03:41,89.11,0.2931,0.2253,28.46,173.39,0.085,42,NORMAL,False
2026-07-30 15:03:41,89.27,0.2626,0.2517,28.18,169.77,0.085,42,NORMAL,False
2026-07-30 15:03:41,89.32,0.2447,0.2742,27.91,168.15,0.084,42,NORMAL,False
2026-07-30 15:03:41,89.42,0.2476,0.2872,27.45,167.07,0.082,42,NORMAL,False
2026-07-30 15:03:41,89.46,0.3627,0.3776,27.37,167.34,0.082,42,NORMAL,False
2026-07-30 15:03:41,89.5,0.3228,0.3886,27.3,171.82,0.082,42,NORMAL,False
2026-07-30 15:03:41,89.58,0.27,0.3856,26.83,168.03,0.08,42,NORMAL,False
2026-07-30 15:03:41,89.63,0.2766,0.4421,26.56,167.7,0.08,42,NORMAL,False
2026-07-30 15:03:41,89.68,0.3157,0.047,26.49,168.34,0.079,42,NORMAL,False
2026-07-30 15:03:41,89.77,0.3117,0.0873,26.22,167.39,0.079,42,NORMAL,False
2026-07-30 15:03:42,89.81,0.3125,0.1967,25.95,169.58,0.078,42,NORMAL,True
2026-07-30 15:03:42,89.95,0.3343,0.0242,25.68,166.54,0.077,42,NORMAL,True
2026-07-30 15:03:42,90.1,0.3451,0.3288,25.41,169.24,0.076,42,NORMAL,True
2026-07-30 15:03:42,90.15,0.3246,0.2832,25.34,170.43,0.076,42,NORMAL,True
2026-07-30 15:03:42,90.2,0.3057,0.2849,25.07,169.41,0.075,42,NORMAL,True
2026-07-30 15:03:42,90.32,0.323,0.1448,24.8,170.3,0.074,42,NORMAL,True
2026-07-30 15:03:42,90.37,0.2881,0.2854,24.73,169.1,0.074,42,NORMAL,True
2026-07-30 15:03:42,90.42,0.235,0.2773,24.46,167.23,0.073,42,NORMAL,True
2026-07-30 15:03:42,90.52,0.0903,0.2451,24.26,166.67,0.099,42,NORMAL,True
2026-07-30 15:03:42,90.57,0.0583,0.239,24.46,168.37,0.127,42,NORMAL,True
2026-07-30 15:03:42,90.62,0.1243,0.2212,24.46,170.06,0.153,42,NORMAL,False
2026-07-30 15:03:43,90.94,0.5258,0.3452,24.12,157.35,0.072,43,NORMAL,False
2026-07-30 15:03:43,90.98,0.4328,0.3425,24.05,-169.28,0.082,43,NORMAL,False
2026-07-30 15:03:43,91.03,0.4198,0.3553,23.99,161.44,0.072,43,NORMAL,False
2026-07-30 15:03:43,91.13,0.4104,0.434,23.72,161.79,0.071,43,NORMAL,False
2026-07-30 15:03:43,91.18,0.3836,0.3354,23.72,-160.88,0.081,43,NORMAL,False
2026-07-30 15:03:43,91.23,0.3734,0.3486,23.72,0.43,0.091,43,NORMAL,False
2026-07-30 15:03:43,91.32,0.3762,0.3459,23.72,167.23,0.071,43,NORMAL,False
2026-07-30 15:03:43,91.37,0.3456,0.3248,23.66,158.94,0.071,43,NORMAL,False
2026-07-30 15:03:43,91.41,0.3083,0.2878,23.39,157.79,0.07,43,NORMAL,False
2026-07-30 15:03:43,91.5,0.3153,0.2567,22.91,160.84,0.069,43,NORMAL,False
2026-07-30 15:03:43,91.65,0.1674,0.2541,22.7,161.33,0.095,43,NORMAL,False
2026-07-30 15:03:43,91.7,0.0691,0.2279,22.7,163.55,0.121,43,NORMAL,False
2026-07-30 15:03:43,91.82,0.1188,0.2236,22.91,167.32,0.149,43,NORMAL,False
2026-07-30 15:03:44,91.87,0.225,0.24,22.85,169.54,0.069,44,NORMAL,False
2026-07-30 15:03:44,91.91,0.2564,0.234,22.79,171.22,0.068,44,NORMAL,False
2026-07-30 15:03:44,92.01,0.2328,0.2232,22.31,168.5,0.067,44,NORMAL,False
2026-07-30 15:03:44,92.06,0.214,0.2339,22.04,167.93,0.066,44,NORMAL,False
2026-07-30 15:03:44,92.1,0.2026,0.2475,22.25,169.77,0.093,44,NORMAL,False
2026-07-30 15:03:44,92.2,0.2122,0.2663,21.77,169.79,0.065,44,NORMAL,False
2026-07-30 15:03:44,92.24,0.1672,0.2845,21.77,166.48,0.092,44,NORMAL,False
2026-07-30 15:03:44,92.4,0.148,0.2942,21.77,165.58,0.119,44,NORMAL,False
2026-07-30 15:03:44,92.55,0.184,0.295,21.56,170.83,0.145,44,NORMAL,False
2026-07-30 15:03:44,92.6,0.1818,0.2537,21.56,170.3,0.171,44,NORMAL,False
2026-07-30 15:03:44,92.65,0.1787,0.2452,21.77,170.08,0.199,44,NORMAL,False
2026-07-30 15:03:44,92.74,0.1891,0.2457,21.98,169.11,0.226,44,NORMAL,False
2026-07-30 15:03:44,92.78,0.1895,0.2749,21.98,169.14,0.253,44,NORMAL,False
2026-07-30 15:03:44,92.82,0.1983,0.2813,21.98,168.68,0.279,44,NORMAL,False
2026-07-30 15:03:45,92.93,0.1895,0.2604,22.19,168.85,0.307,44,NORMAL,False
2026-07-30 15:03:45,92.98,0.2023,0.1291,22.19,170.09,0.333,44,NORMAL,False
2026-07-30 15:03:45,93.03,0.1765,0.2327,22.19,167.95,0.36,44,NORMAL,False
2026-07-30 15:03:45,93.28,0.1942,0.2203,21.56,167.98,0.385,44,NORMAL,False
2026-07-30 15:03:45,93.34,0.1941,0.2084,21.56,167.46,0.411,44,NORMAL,False
2026-07-30 15:03:45,93.38,0.1938,0.2073,21.56,167.34,0.438,44,NORMAL,False
2026-07-30 15:03:45,93.48,0.2044,0.2321,21.77,170.04,0.465,44,NORMAL,False
2026-07-30 15:03:45,93.53,0.2062,0.2191,22.04,169.66,0.466,44,NORMAL,False
2026-07-30 15:03:45,93.57,0.1981,0.2388,22.25,169.94,0.467,44,NORMAL,False
2026-07-30 15:03:45,93.66,0.2153,0.2905,22.25,169.91,0.067,45,NORMAL,False
2026-07-30 15:03:45,93.7,0.2066,0.2859,22.52,169.65,0.094,45,NORMAL,False
2026-07-30 15:03:45,93.74,0.2006,0.2929,22.79,170.99,0.122,45,NORMAL,False
2026-07-30 15:03:46,93.83,0.2182,0.2655,22.79,170.01,0.068,46,NORMAL,False
2026-07-30 15:03:46,93.95,0.2245,0.2823,22.58,169.75,0.068,46,NORMAL,False
2026-07-30 15:03:46,94.0,0.2181,0.2884,22.52,170.85,0.068,46,NORMAL,False
2026-07-30 15:03:46,94.13,0.2322,0.2529,22.58,169.91,0.068,46,NORMAL,False
2026-07-30 15:03:46,94.19,0.233,0.2704,22.58,171.96,0.068,46,NORMAL,False
2026-07-30 15:03:46,94.23,0.2132,0.2683,22.52,170.43,0.068,46,NORMAL,False
2026-07-30 15:03:46,94.34,0.2223,0.2195,22.46,166.89,0.067,46,NORMAL,False
2026-07-30 15:03:46,94.39,0.1743,0.2324,22.67,166.89,0.095,46,NORMAL,False
2026-07-30 15:03:46,94.46,0.1099,0.248,22.93,167.84,0.122,46,NORMAL,False
2026-07-30 15:03:46,94.59,0.3654,0.3636,22.99,165.3,0.069,47,NORMAL,False
2026-07-30 15:03:46,94.65,0.3783,0.3903,22.99,163.75,0.069,47,NORMAL,False
2026-07-30 15:03:46,94.79,0.4162,0.4356,22.52,165.7,0.068,47,NORMAL,False
2026-07-30 15:03:47,94.93,0.3818,0.3632,22.58,165.57,0.068,47,NORMAL,False
2026-07-30 15:03:47,94.98,0.0993,0.2859,22.85,163.64,0.095,47,NORMAL,False
2026-07-30 15:03:47,95.03,0.0779,0.2687,23.06,163.26,0.123,47,NORMAL,False
2026-07-30 15:03:47,95.13,0.159,0.28,23.32,163.98,0.15,47,NORMAL,False
2026-07-30 15:03:47,95.18,0.2057,0.2535,23.53,165.17,0.177,47,NORMAL,False
2026-07-30 15:03:47,95.23,0.221,0.2735,23.26,166.3,0.07,48,NORMAL,False
2026-07-30 15:03:47,95.35,0.2065,0.2565,23.26,166.54,0.096,48,NORMAL,False
2026-07-30 15:03:47,95.4,0.2178,0.2577,23.26,165.75,0.07,48,NORMAL,False
2026-07-30 15:03:47,95.45,0.2134,0.2669,23.26,165.83,0.07,48,NORMAL,False
2026-07-30 15:03:47,95.68,0.2222,0.2271,23.39,165.28,0.07,48,NORMAL,False
2026-07-30 15:03:47,95.73,0.2129,0.1944,23.39,165.14,0.07,48,NORMAL,False
2026-07-30 15:03:47,95.78,0.2188,0.1871,23.32,164.96,0.07,48,NORMAL,False
2026-07-30 15:03:48,95.88,0.2115,0.0912,23.66,166.83,0.098,48,NORMAL,False
2026-07-30 15:03:48,95.94,0.212,0.0961,23.59,166.96,0.071,48,NORMAL,False
2026-07-30 15:03:48,95.98,0.2177,0.079,23.53,167.14,0.071,48,NORMAL,False
2026-07-30 15:03:48,96.09,0.2168,0.0595,23.47,165.95,0.07,48,NORMAL,False
2026-07-30 15:03:48,96.14,0.2199,0.1052,23.47,165.65,0.07,48,NORMAL,False
2026-07-30 15:03:48,96.18,0.21,0.0482,23.73,165.71,0.098,48,NORMAL,False
2026-07-30 15:03:48,96.3,0.225,0.1025,23.73,165.54,0.071,48,NORMAL,False
2026-07-30 15:03:48,96.45,0.2042,0.106,23.8,166.01,0.098,48,NORMAL,False
2026-07-30 15:03:48,96.49,0.2079,0.1303,23.8,165.15,0.125,48,NORMAL,False
2026-07-30 15:03:48,96.63,0.205,0.1368,23.59,165.59,0.151,48,NORMAL,False
2026-07-30 15:03:48,96.68,0.2137,0.0234,23.53,165.63,0.071,49,NORMAL,False
2026-07-30 15:03:48,96.73,0.2075,0.0501,23.73,165.86,0.098,49,NORMAL,False
2026-07-30 15:03:49,96.83,0.2052,0.0032,23.73,165.45,0.125,49,NORMAL,False
2026-07-30 15:03:49,96.88,0.2016,0.0028,24.0,164.98,0.152,49,NORMAL,False
2026-07-30 15:03:49,96.93,0.2085,0.0026,24.27,165.74,0.179,49,NORMAL,False
2026-07-30 15:03:49,97.04,0.1881,0.0037,24.53,164.74,0.207,49,NORMAL,False
2026-07-30 15:03:49,97.08,0.0695,0.0015,24.8,164.72,0.234,49,NORMAL,False
2026-07-30 15:03:49,97.24,0.177,0.0061,25.13,165.79,0.262,49,NORMAL,False
2026-07-30 15:03:49,97.36,0.2055,0.0294,25.47,164.94,0.29,49,NORMAL,False
2026-07-30 15:03:49,97.41,0.2052,0.0374,25.67,164.0,0.317,49,NORMAL,False
2026-07-30 15:03:49,97.46,0.1892,0.0553,25.94,164.24,0.344,49,NORMAL,False
2026-07-30 15:03:49,97.54,0.2036,0.0808,26.13,165.08,0.372,49,NORMAL,False
2026-07-30 15:03:49,97.58,0.205,0.073,26.33,163.29,0.399,49,NORMAL,False
2026-07-30 15:03:49,97.63,0.2022,0.0855,26.6,164.97,0.426,49,NORMAL,False
2026-07-30 15:03:49,97.73,0.1999,0.0681,26.86,164.41,0.454,49,NORMAL,False
2026-07-30 15:03:49,97.77,0.1994,0.0759,27.06,164.72,0.481,49,NORMAL,False
2026-07-30 15:03:50,97.82,0.1918,0.0812,27.32,164.52,0.482,49,NORMAL,False
2026-07-30 15:03:50,98.03,0.2341,0.1166,27.61,165.16,0.083,50,NORMAL,False
2026-07-30 15:03:50,98.09,0.2189,0.1582,27.54,164.93,0.083,50,NORMAL,False
2026-07-30 15:03:50,98.15,0.2194,0.2368,27.61,166.8,0.083,50,NORMAL,False
2026-07-30 15:03:50,98.28,0.2794,0.2819,27.61,171.31,0.083,50,NORMAL,False
2026-07-30 15:03:50,98.34,0.2712,0.2911,27.54,173.13,0.083,50,NORMAL,False
2026-07-30 15:03:50,98.39,0.2868,0.2705,27.54,172.97,0.083,50,NORMAL,False
2026-07-30 15:03:50,98.51,0.2854,0.2721,27.35,173.21,0.082,50,NORMAL,False
2026-07-30 15:03:50,98.56,0.2938,0.2531,27.27,173.66,0.082,50,NORMAL,False
2026-07-30 15:03:50,98.6,0.2832,0.2548,27.2,172.78,0.082,50,NORMAL,False
2026-07-30 15:03:51,98.72,0.2535,0.2594,26.74,170.38,0.08,50,NORMAL,False
2026-07-30 15:03:51,98.89,0.2744,0.2816,26.27,172.64,0.079,50,NORMAL,False
2026-07-30 15:03:51,98.93,0.2445,0.2858,26.01,169.64,0.078,50,NORMAL,False
2026-07-30 15:03:51,99.07,0.2301,0.3244,25.74,167.44,0.077,50,NORMAL,False
2026-07-30 15:03:51,99.11,0.2381,0.317,25.67,167.25,0.077,50,NORMAL,False
2026-07-30 15:03:51,99.17,0.237,0.2972,25.6,168.36,0.077,50,NORMAL,False
2026-07-30 15:03:51,99.28,0.2275,0.2742,25.67,167.98,0.077,50,NORMAL,False
2026-07-30 15:03:51,99.32,0.2269,0.2622,25.67,168.22,0.077,50,NORMAL,False
2026-07-30 15:03:51,99.37,0.221,0.2617,25.6,167.03,0.077,50,NORMAL,False
2026-07-30 15:03:51,99.49,0.2209,0.2392,25.67,165.52,0.077,50,NORMAL,False
2026-07-30 15:03:51,99.53,0.2148,0.2239,25.6,165.47,0.077,50,NORMAL,False
2026-07-30 15:03:51,99.68,0.2464,0.2297,25.4,168.31,0.076,50,NORMAL,False
2026-07-30 15:03:52,99.84,0.1239,0.2524,25.0,165.25,0.102,50,NORMAL,False
2026-07-30 15:03:52,99.88,0.1074,0.233,25.2,160.42,0.129,50,NORMAL,False
2026-07-30 15:03:52,99.93,0.1258,0.2311,25.4,162.85,0.156,50,NORMAL,False
2026-07-30 15:03:52,100.08,0.1503,0.2458,25.47,161.29,0.183,50,NORMAL,False
2026-07-30 15:03:52,100.13,0.1527,0.2321,25.67,161.44,0.21,50,NORMAL,False
2026-07-30 15:03:52,100.18,0.1656,0.2528,25.87,159.54,0.238,50,NORMAL,False
2026-07-30 15:03:52,100.3,0.1636,0.2346,26.27,159.81,0.265,50,NORMAL,False
2026-07-30 15:03:52,100.35,0.1683,0.2505,26.47,161.98,0.293,50,NORMAL,False
2026-07-30 15:03:52,100.4,0.1673,0.2482,26.67,161.81,0.32,50,NORMAL,False
2026-07-30 15:03:52,100.64,0.1524,0.2375,27.22,163.4,0.348,50,NORMAL,False
2026-07-30 15:03:52,100.7,0.1602,0.2273,27.42,164.55,0.376,50,NORMAL,False
2026-07-30 15:03:52,100.74,0.149,0.2339,27.61,163.19,0.403,50,NORMAL,False
2026-07-30 15:03:53,100.85,0.1313,0.2286,27.88,163.8,0.43,50,NORMAL,False
2026-07-30 15:03:53,100.9,0.1202,0.2335,28.07,165.93,0.458,50,NORMAL,False
2026-07-30 15:03:53,100.94,0.0796,0.2447,28.27,165.43,0.485,50,NORMAL,False
2026-07-30 15:03:53,101.06,0.2115,0.2429,28.69,167.47,0.486,50,NORMAL,False
2026-07-30 15:03:53,101.1,0.2958,0.2427,28.61,168.49,0.086,51,NORMAL,False
2026-07-30 15:03:53,101.14,0.3245,0.2552,28.53,167.7,0.086,51,NORMAL,False
2026-07-30 15:03:53,101.24,0.3495,0.2434,28.61,167.8,0.086,51,NORMAL,False
2026-07-30 15:03:53,101.38,0.3006,0.2581,28.69,167.5,0.086,51,NORMAL,False
2026-07-30 15:03:53,101.42,0.0657,0.2508,28.95,166.04,0.114,51,NORMAL,False
2026-07-30 15:03:53,101.55,0.1517,0.2409,29.22,166.88,0.141,51,NORMAL,False
2026-07-30 15:03:53,101.59,0.183,0.2359,29.41,168.47,0.168,51,NORMAL,False
2026-07-30 15:03:53,101.64,0.1959,0.2204,29.6,168.37,0.195,51,NORMAL,False
2026-07-30 15:03:53,101.73,0.203,0.2312,29.87,167.27,0.223,51,NORMAL,False
2026-07-30 15:03:53,101.78,0.215,0.228,29.87,167.57,0.09,52,NORMAL,False
2026-07-30 15:03:54,101.83,0.2308,0.2332,29.87,166.89,0.09,52,NORMAL,False
2026-07-30 15:03:54,101.96,0.2252,0.2346,29.95,165.49,0.09,52,NORMAL,False
2026-07-30 15:03:54,102.01,0.2322,0.2331,29.95,165.41,0.09,52,NORMAL,False
2026-07-30 15:03:54,102.17,0.2177,0.2615,29.76,163.29,0.089,52,NORMAL,False
2026-07-30 15:03:54,102.32,0.23,0.2618,29.49,162.92,0.088,52,NORMAL,False
2026-07-30 15:03:54,102.38,0.2125,0.2466,29.49,167.0,0.088,52,NORMAL,False
2026-07-30 15:03:54,102.43,0.2125,0.2696,29.41,165.35,0.088,52,NORMAL,False
2026-07-30 15:03:54,102.56,0.2097,0.2452,29.76,167.7,0.116,52,NORMAL,False
2026-07-30 15:03:54,102.61,0.2073,0.2485,29.95,167.36,0.143,52,NORMAL,False
2026-07-30 15:03:54,102.65,0.2201,0.2397,29.95,167.69,0.09,53,NORMAL,False
2026-07-30 15:03:54,102.75,0.2202,0.2157,30.03,170.37,0.09,53,NORMAL,False
2026-07-30 15:03:54,102.79,0.2363,0.2113,29.95,171.93,0.09,53,NORMAL,False
2026-07-30 15:03:55,102.86,0.2339,0.2285,30.03,173.79,0.09,53,NORMAL,False
2026-07-30 15:03:55,103.11,0.2378,0.1978,30.19,178.16,0.091,53,NORMAL,False
2026-07-30 15:03:55,103.16,0.2371,0.1978,30.19,175.85,0.091,53,NORMAL,False
2026-07-30 15:03:55,103.21,0.2363,0.1947,30.11,175.81,0.09,53,NORMAL,False
2026-07-30 15:03:55,103.31,0.2424,0.2178,30.19,176.08,0.091,53,NORMAL,False
2026-07-30 15:03:55,103.37,0.234,0.2085,30.19,175.46,0.091,53,NORMAL,False
2026-07-30 15:03:55,103.41,0.2349,0.233,30.11,175.35,0.09,53,NORMAL,False
2026-07-30 15:03:55,103.51,0.236,0.222,30.19,176.17,0.091,53,NORMAL,False
2026-07-30 15:03:55,103.57,0.238,0.215,30.19,174.65,0.091,53,NORMAL,False
2026-07-30 15:03:55,103.62,0.2432,0.2037,30.11,175.38,0.09,53,NORMAL,False
2026-07-30 15:03:56,103.73,0.2423,0.2021,30.19,174.63,0.091,53,NORMAL,False
2026-07-30 15:03:56,103.88,0.2496,0.1766,30.19,176.43,0.091,53,NORMAL,False
2026-07-30 15:03:56,103.93,0.2541,0.1835,30.11,175.87,0.09,53,NORMAL,False
2026-07-30 15:03:56,104.06,0.2436,0.1777,30.11,174.63,0.09,53,NORMAL,False
2026-07-30 15:03:56,104.11,0.2418,0.1841,30.11,175.03,0.09,53,NORMAL,False
2026-07-30 15:03:56,104.16,0.2583,0.1858,30.11,175.32,0.09,53,NORMAL,False
2026-07-30 15:03:56,104.25,0.2552,0.205,30.11,174.87,0.09,53,NORMAL,False
2026-07-30 15:03:56,104.3,0.2492,0.1808,30.03,174.24,0.09,53,NORMAL,False
2026-07-30 15:03:56,104.35,0.2606,0.1885,30.03,173.98,0.09,53,NORMAL,False
2026-07-30 15:03:56,104.45,0.2487,0.1766,30.03,176.09,0.09,53,NORMAL,False
2026-07-30 15:03:56,104.5,0.2481,0.1762,30.11,174.96,0.09,53,NORMAL,False
2026-07-30 15:03:56,104.66,0.2556,0.1888,30.19,176.18,0.091,53,NORMAL,False
2026-07-30 15:03:56,104.8,0.2529,0.2408,30.19,175.88,0.091,53,NORMAL,False
2026-07-30 15:03:57,104.84,0.2441,0.2945,30.19,175.3,0.091,53,NORMAL,False
2026-07-30 15:03:57,104.89,0.256,0.2138,30.11,173.2,0.09,53,NORMAL,False
2026-07-30 15:03:57,104.97,0.2761,0.2246,30.11,173.62,0.09,53,NORMAL,False
2026-07-30 15:03:57,105.02,0.2706,0.223,30.11,173.01,0.09,53,NORMAL,False
2026-07-30 15:03:57,105.07,0.2678,0.2518,30.11,173.03,0.09,53,NORMAL,False
2026-07-30 15:03:57,105.14,0.175,0.2787,30.29,173.57,0.118,53,NORMAL,False
2026-07-30 15:03:57,105.19,0.1421,0.2603,30.56,172.21,0.145,53,NORMAL,False
2026-07-30 15:03:57,105.24,0.1831,0.2535,30.83,172.66,0.172,53,NORMAL,False
2026-07-30 15:03:57,105.45,0.2767,0.2329,31.0,172.11,0.093,54,NORMAL,False
2026-07-30 15:03:57,105.5,0.2523,0.2415,30.91,173.3,0.093,54,NORMAL,False
2026-07-30 15:03:57,105.54,0.255,0.2599,30.83,174.87,0.092,54,NORMAL,False
2026-07-30 15:03:57,105.62,0.2479,0.2905,30.56,175.85,0.092,54,NORMAL,False
2026-07-30 15:03:57,105.66,0.3145,0.4201,30.48,-175.97,0.101,54,NORMAL,False
2026-07-30 15:03:57,105.71,0.3494,0.4308,30.48,-142.59,0.111,54,NORMAL,False
2026-07-30 15:03:58,105.83,0.3421,0.2125,30.56,-165.16,0.122,54,NORMAL,False
2026-07-30 15:03:58,105.89,0.401,0.0148,30.48,-2.44,0.131,54,NORMAL,False
2026-07-30 15:03:58,105.94,0.399,0.0241,30.4,-165.72,0.141,54,NORMAL,False
2026-07-30 15:03:58,106.06,0.3808,0.2983,30.56,-158.63,0.152,54,NORMAL,False
2026-07-30 15:03:58,106.22,0.3634,0.3306,30.65,-157.24,0.162,54,NORMAL,False
2026-07-30 15:03:58,106.27,0.3475,0.2885,30.56,-157.48,0.172,54,NORMAL,False
2026-07-30 15:03:58,106.41,0.3561,0.3451,30.56,-172.66,0.182,54,NORMAL,False
2026-07-30 15:03:58,106.45,0.3572,0.4011,30.48,-158.98,0.191,54,NORMAL,False
2026-07-30 15:03:58,106.52,0.3396,0.2702,30.48,-172.72,0.201,54,NORMAL,False
2026-07-30 15:03:58,106.64,0.3381,0.2656,30.56,-172.47,0.212,54,NORMAL,False
2026-07-30 15:03:58,106.7,0.3552,0.2571,30.48,-159.92,0.221,54,NORMAL,False
2026-07-30 15:03:58,106.75,0.3506,0.228,30.48,-160.23,0.231,54,NORMAL,False
2026-07-30 15:03:59,106.88,0.3674,0.271,30.56,-161.72,0.242,54,NORMAL,False
2026-07-30 15:03:59,106.94,0.3554,0.2969,30.56,-174.54,0.252,54,NORMAL,False
2026-07-30 15:03:59,107.08,0.3601,0.276,30.65,-175.01,0.262,54,NORMAL,False
2026-07-30 15:03:59,107.22,0.3492,0.2219,30.65,-162.61,0.272,54,NORMAL,False
2026-07-30 15:03:59,107.27,0.3603,0.2588,30.56,-162.88,0.282,54,NORMAL,False
2026-07-30 15:03:59,107.33,0.359,0.2705,30.65,-162.75,0.292,54,NORMAL,False
2026-07-30 15:03:59,107.43,0.3467,0.2909,30.56,-162.88,0.292,54,NORMAL,False
2026-07-30 15:03:59,107.48,0.3579,0.2715,30.56,-163.52,0.292,54,NORMAL,False
2026-07-30 15:03:59,107.53,0.3709,0.2523,30.56,-163.88,0.292,54,NORMAL,False
2026-07-30 15:03:59,107.63,0.3646,0.2492,30.56,-164.23,0.292,54,NORMAL,False
2026-07-30 15:03:59,107.69,0.3658,0.2559,30.56,177.45,0.092,54,NORMAL,False
2026-07-30 15:04:00,107.73,0.3766,0.2517,30.56,176.79,0.092,54,NORMAL,False
2026-07-30 15:04:00,107.98,0.3685,0.2761,30.73,172.96,0.092,54,NORMAL,False
2026-07-30 15:04:00,108.03,0.3653,0.2903,30.73,173.89,0.092,54,NORMAL,False
2026-07-30 15:04:00,108.07,0.3617,0.2745,30.65,174.61,0.092,54,NORMAL,False
2026-07-30 15:04:00,108.17,0.2751,0.2472,30.38,172.34,0.091,54,NORMAL,False
2026-07-30 15:04:00,108.21,0.2755,0.2619,30.11,173.39,0.09,54,NORMAL,False
2026-07-30 15:04:00,108.26,0.261,0.2599,29.84,172.9,0.09,54,NORMAL,False
2026-07-30 15:04:00,108.34,0.1838,0.2405,30.11,171.81,0.117,54,NORMAL,False
2026-07-30 15:04:00,108.38,0.0898,0.2421,30.38,168.89,0.144,54,NORMAL,False
2026-07-30 15:04:00,108.43,0.071,0.2307,30.65,168.19,0.172,54,NORMAL,False
2026-07-30 15:04:00,108.54,0.1058,0.3241,30.91,167.27,0.199,54,NORMAL,False
2026-07-30 15:04:00,108.68,0,0,0,0,0,54,No Face,False
2026-07-30 15:04:00,108.74,0.1847,0.3485,31.27,170.38,0.227,54,NORMAL,False
2026-07-30 15:04:01,108.86,0.1753,0.3234,31.54,171.16,0.255,54,NORMAL,False
2026-07-30 15:04:01,108.89,0.169,0.3286,31.81,169.74,0.282,54,NORMAL,False
2026-07-30 15:04:01,108.94,0.0721,0.3402,32.08,167.92,0.31,54,NORMAL,False
2026-07-30 15:04:01,109.04,0.3031,0.3305,32.08,167.55,0.096,55,NORMAL,False
2026-07-30 15:04:01,109.09,0.3444,0.3271,32.08,162.51,0.096,55,NORMAL,False
2026-07-30 15:04:01,109.13,0.3772,0.6007,32.08,159.72,0.196,55,NORMAL,False
2026-07-30 15:04:01,109.28,0.3074,0.6329,32.16,150.58,0.206,55,NORMAL,False
2026-07-30 15:04:01,109.34,0.298,0.533,32.16,148.28,0.116,55,NORMAL,False
2026-07-30 15:04:01,109.51,0,0,0,0,0,55,No Face,False
2026-07-30 15:04:01,109.57,0.3218,0.3219,32.16,167.92,0.096,55,NORMAL,False
2026-07-30 15:04:01,109.62,0.3058,0.5339,32.16,158.31,0.096,55,NORMAL,False
2026-07-30 15:04:01,109.69,0.2683,0.335,32.08,152.36,0.106,55,NORMAL,False
2026-07-30 15:04:01,109.82,0,0,0,0,0,55,No Face,False
2026-07-30 15:04:02,109.86,0.3065,0.0023,31.89,-164.11,0.116,55,NORMAL,False
2026-07-30 15:04:02,109.92,0.3101,0.0013,31.71,-122.73,0.125,55,NORMAL,False
2026-07-30 15:04:02,110.04,0.307,0.0038,31.71,178.29,0.095,55,NORMAL,False
2026-07-30 15:04:02,110.1,0.2969,0.0013,31.44,-163.88,0.104,55,NORMAL,False
2026-07-30 15:04:02,110.15,0.2988,0.0044,31.17,176.29,0.093,55,NORMAL,False
2026-07-30 15:04:02,110.4,0.3738,0.0059,30.71,-98.45,0.102,55,NORMAL,False
2026-07-30 15:04:02,110.45,0.3395,0.0075,30.43,174.75,0.091,55,NORMAL,False
2026-07-30 15:04:02,110.49,0.3327,0.0055,30.35,175.68,0.091,55,NORMAL,False
2026-07-30 15:04:02,110.6,0.3253,0.0052,30.08,-98.23,0.1,55,NORMAL,False
2026-07-30 15:04:02,110.65,0.3686,0.0035,30.08,-98.16,0.11,55,NORMAL,False
2026-07-30 15:04:02,110.69,0.298,0.0018,29.81,-162.96,0.119,55,NORMAL,False
2026-07-30 15:04:02,110.8,0.3122,0.0041,29.54,-161.64,0.129,55,NORMAL,False
2026-07-30 15:04:03,110.85,0.2832,0.0032,29.54,-162.21,0.139,55,NORMAL,False
2026-07-30 15:04:03,110.9,0.3002,0.0036,29.27,-166.11,0.148,55,NORMAL,False
2026-07-30 15:04:03,111.02,0.2733,0.0014,29.35,-162.27,0.158,55,NORMAL,False
2026-07-30 15:04:03,111.18,0,0,0,0,0,55,No Face,False
2026-07-30 15:04:03,111.23,0,0,0,0,0,55,No Face,False
2026-07-30 15:04:03,111.29,0.3567,0.3276,29.16,165.3,0.087,55,NORMAL,False
2026-07-30 15:04:03,111.33,0.3932,0.3987,28.88,169.61,0.087,55,NORMAL,False
2026-07-30 15:04:03,111.37,0.3822,0.4007,28.61,167.49,0.086,55,NORMAL,False
2026-07-30 15:04:03,111.47,0.0905,0.3841,28.42,160.62,0.112,55,NORMAL,False
2026-07-30 15:04:03,111.52,0.1972,0.3233,28.69,162.67,0.139,55,NORMAL,False
2026-07-30 15:04:03,111.57,0.2218,0.253,28.61,167.5,0.086,56,NORMAL,False
2026-07-30 15:04:03,111.67,0.2179,0.2256,28.69,168.83,0.086,56,NORMAL,False
2026-07-30 15:04:03,111.72,0.213,0.1999,28.69,171.53,0.086,56,NORMAL,False
2026-07-30 15:04:04,111.89,0.2156,0.2455,28.69,171.38,0.086,56,NORMAL,False
2026-07-30 15:04:04,112.04,0.2043,0.2994,28.49,169.07,0.112,56,NORMAL,False
2026-07-30 15:04:04,112.09,0.2276,0.3568,28.22,167.66,0.085,56,NORMAL,False
2026-07-30 15:04:04,112.13,0.2199,0.3292,27.95,168.05,0.084,56,NORMAL,False
2026-07-30 15:04:04,112.25,0.2296,0.3514,27.67,169.02,0.083,56,NORMAL,False
2026-07-30 15:04:04,112.29,0.2194,0.3391,27.4,169.69,0.082,56,NORMAL,False
2026-07-30 15:04:04,112.33,0.2101,0.3466,27.4,169.6,0.109,56,NORMAL,False
2026-07-30 15:04:04,112.44,0.2339,0.2961,27.12,172.01,0.081,56,NORMAL,False
2026-07-30 15:04:04,112.5,0.2465,0.3284,27.05,171.1,0.081,56,NORMAL,False
2026-07-30 15:04:04,112.54,0.2297,0.3516,27.05,173.63,0.081,56,NORMAL,False
2026-07-30 15:04:04,112.8,0.2057,0.4028,27.4,171.09,0.109,56,NORMAL,False
2026-07-30 15:04:05,112.85,0.2042,0.3966,27.6,171.33,0.136,56,NORMAL,False
2026-07-30 15:04:05,112.9,0.2106,0.3619,27.87,171.57,0.164,56,NORMAL,False
2026-07-30 15:04:05,113.02,0.2158,0.3945,27.95,173.88,0.084,57,NORMAL,False
2026-07-30 15:04:05,113.07,0.2059,0.3725,28.14,171.24,0.111,57,NORMAL,False
2026-07-30 15:04:05,113.12,0.194,0.3725,28.42,168.93,0.139,57,NORMAL,False
2026-07-30 15:04:05,113.23,0.0616,0.2217,28.77,160.05,0.166,57,NORMAL,False
2026-07-30 15:04:05,113.27,0.0706,0.2042,28.96,159.16,0.194,57,NORMAL,False
2026-07-30 15:04:05,113.32,0.1707,0.2159,29.23,158.59,0.221,57,NORMAL,False
2026-07-30 15:04:05,113.43,0.2698,0.1509,29.32,159.79,0.088,58,NORMAL,False
2026-07-30 15:04:05,113.59,0.3094,0.1766,29.23,173.57,0.088,58,NORMAL,False
2026-07-30 15:04:05,113.63,0.2954,0.2012,29.16,170.21,0.087,58,NORMAL,False
2026-07-30 15:04:05,113.77,0.3203,0.0216,29.32,-173.34,0.098,58,NORMAL,False
2026-07-30 15:04:05,113.82,0.2845,0.1992,29.23,-174.44,0.108,58,NORMAL,False
2026-07-30 15:04:06,113.86,0.3019,0.4379,29.16,-172.91,0.117,58,NORMAL,False
2026-07-30 15:04:06,113.97,0.3074,0.3383,29.32,169.86,0.088,58,NORMAL,False
2026-07-30 15:04:06,114.02,0.2581,0.3501,29.23,179.24,0.088,58,NORMAL,False
2026-07-30 15:04:06,114.07,0.2764,0.365,29.23,-179.52,0.098,58,NORMAL,False
2026-07-30 15:04:06,114.17,0.2789,0.4435,29.32,-167.45,0.108,58,NORMAL,False
2026-07-30 15:04:06,114.23,0.2682,0.4865,29.23,-167.51,0.118,58,NORMAL,False
2026-07-30 15:04:06,114.38,0.2888,0.4003,29.23,-175.33,0.128,58,NORMAL,False
2026-07-30 15:04:06,114.53,0.2273,0.3522,29.32,178.46,0.088,58,NORMAL,False
2026-07-30 15:04:06,114.58,0.079,0.3655,29.59,173.78,0.115,58,NORMAL,False
2026-07-30 15:04:06,114.62,0.0471,0.3383,29.86,170.96,0.143,58,NORMAL,False
2026-07-30 15:04:06,114.72,0.2287,0.3372,29.86,177.15,0.09,59,NORMAL,False
2026-07-30 15:04:06,114.77,0.2368,0.2794,29.86,178.05,0.09,59,NORMAL,False
2026-07-30 15:04:06,114.81,0.2318,0.2912,29.86,176.75,0.09,59,NORMAL,False
2026-07-30 15:04:07,114.93,0.1831,0.2467,30.14,176.35,0.117,59,NORMAL,False
2026-07-30 15:04:07,114.98,0.1845,0.205,30.41,174.4,0.145,59,NORMAL,False
2026-07-30 15:04:07,115.03,0.1832,0.1973,30.68,176.22,0.172,59,NORMAL,False
2026-07-30 15:04:07,115.22,0.2584,0.2869,30.68,174.1,0.092,60,NORMAL,False
2026-07-30 15:04:07,115.26,0.0842,0.3378,30.87,172.2,0.119,60,NORMAL,False
2026-07-30 15:04:07,115.31,0.0821,0.3613,31.15,169.07,0.147,60,NORMAL,False
2026-07-30 15:04:07,115.39,0.0716,0.3008,31.42,168.73,0.174,60,NORMAL,False
2026-07-30 15:04:07,115.43,0.0973,0.3056,31.69,165.74,0.202,60,NORMAL,False
2026-07-30 15:04:07,115.48,0.2,0.3105,31.88,174.73,0.229,60,NORMAL,False
2026-07-30 15:04:07,115.57,0.2314,0.2878,32.05,172.55,0.096,61,NORMAL,False
2026-07-30 15:04:07,115.61,0.2237,0.2993,31.97,173.65,0.096,61,NORMAL,False
2026-07-30 15:04:07,115.66,0.2338,0.2872,31.97,174.74,0.096,61,NORMAL,False
2026-07-30 15:04:08,115.75,0.2423,0.2678,32.05,177.81,0.096,61,NORMAL,True
2026-07-30 15:04:08,115.88,0.2234,0.2972,31.97,175.25,0.096,61,NORMAL,True
2026-07-30 15:04:08,115.92,0.2318,0.2979,31.88,174.97,0.096,61,NORMAL,True
2026-07-30 15:04:08,116.04,0.2357,0.2743,32.05,175.66,0.096,61,NORMAL,True
2026-07-30 15:04:08,116.08,0.2547,0.299,31.97,174.06,0.096,61,NORMAL,True
2026-07-30 15:04:08,116.13,0.2443,0.3037,31.88,174.01,0.096,61,NORMAL,True
2026-07-30 15:04:08,116.24,0.2348,0.2861,31.97,172.75,0.096,61,NORMAL,True
2026-07-30 15:04:08,116.29,0.2356,0.2924,31.97,173.78,0.096,61,NORMAL,True
2026-07-30 15:04:08,116.34,0.2282,0.2965,31.88,173.57,0.096,61,NORMAL,True
2026-07-30 15:04:08,116.48,0.2274,0.3029,32.05,174.07,0.096,61,NORMAL,True
2026-07-30 15:04:08,116.52,0.2232,0.2964,31.97,175.91,0.096,61,NORMAL,True
2026-07-30 15:04:08,116.69,0.2945,0.3691,31.97,169.3,0.096,61,NORMAL,True
2026-07-30 15:04:09,116.86,0.3071,0.3651,32.05,167.75,0.096,61,NORMAL,True
2026-07-30 15:04:09,116.89,0.3041,0.3562,31.97,166.75,0.096,61,NORMAL,True
2026-07-30 15:04:09,116.94,0.3097,0.3657,31.97,171.95,0.096,61,NORMAL,True
2026-07-30 15:04:09,117.06,0.2945,0.3413,32.05,167.88,0.096,61,NORMAL,True
2026-07-30 15:04:09,117.1,0.283,0.3382,31.97,166.5,0.096,61,NORMAL,True
2026-07-30 15:04:09,117.15,0.285,0.3534,31.88,167.67,0.096,61,NORMAL,True
2026-07-30 15:04:09,117.26,0.3173,0.3282,31.78,165.69,0.095,61,NORMAL,True
2026-07-30 15:04:09,117.32,0.3124,0.361,31.69,168.4,0.095,61,NORMAL,True
2026-07-30 15:04:09,117.36,0.321,0.4043,31.61,169.38,0.095,61,NORMAL,True
2026-07-30 15:04:09,117.6,0.3084,0.3662,30.96,172.94,0.093,61,NORMAL,True
2026-07-30 15:04:09,117.67,0.3175,0.3306,30.87,170.9,0.093,61,NORMAL,True
2026-07-30 15:04:09,117.71,0.3256,0.3786,30.79,169.65,0.092,61,NORMAL,True
2026-07-30 15:04:09,117.82,0.2858,0.3489,30.87,168.23,0.093,61,NORMAL,True
2026-07-30 15:04:10,117.86,0.2788,0.3742,30.87,170.41,0.093,61,NORMAL,True
2026-07-30 15:04:10,117.92,0.2672,0.3566,30.79,170.53,0.092,61,NORMAL,True
2026-07-30 15:04:10,118.01,0.2483,0.3469,30.87,168.0,0.093,61,NORMAL,True
2026-07-30 15:04:10,118.07,0.1865,0.3451,31.15,168.14,0.12,61,NORMAL,True
2026-07-30 15:04:10,118.12,0.1678,0.3386,31.34,165.93,0.147,61,NORMAL,True
2026-07-30 15:04:10,118.21,0.155,0.3348,31.15,167.82,0.173,61,NORMAL,False
2026-07-30 15:04:10,118.36,0.1254,0.3472,31.42,170.0,0.201,61,NORMAL,False
2026-07-30 15:04:10,118.41,0.146,0.3669,31.61,171.47,0.228,61,NORMAL,False
2026-07-30 15:04:10,118.54,0.1455,0.3389,31.88,172.11,0.256,61,NORMAL,False
2026-07-30 15:04:10,118.6,0.1586,0.365,32.15,173.97,0.283,61,NORMAL,False
2026-07-30 15:04:10,118.65,0.1475,0.3597,32.43,174.99,0.311,61,NORMAL,False
2026-07-30 15:04:10,118.74,0.1497,0.3525,32.43,175.21,0.337,61,NORMAL,False
2026-07-30 15:04:10,118.78,0.1368,0.3258,32.7,175.22,0.365,61,NORMAL,False
2026-07-30 15:04:11,118.84,0.1714,0.3484,32.97,175.45,0.392,61,NORMAL,False
2026-07-30 15:04:11,118.93,0.1221,0.3384,33.24,174.41,0.42,61,NORMAL,False
2026-07-30 15:04:11,118.97,0.1462,0.3212,33.51,177.52,0.447,61,NORMAL,False
2026-07-30 15:04:11,119.13,0.1041,0.3175,33.88,177.94,0.475,61,NORMAL,False
2026-07-30 15:04:11,119.29,0.1348,0.2902,34.15,176.57,0.502,61,DROWSY,False
2026-07-30 15:04:11,119.35,0.1352,0.3409,34.43,175.62,0.503,61,DROWSY,False
2026-07-30 15:04:11,119.39,0.142,0.2923,34.6,174.94,0.504,61,DROWSY,False
2026-07-30 15:04:11,119.52,0.1745,0.3388,35.07,167.47,0.505,61,DROWSY,False
2026-07-30 15:04:11,119.56,0.1832,0.3152,35.25,166.16,0.506,61,DROWSY,False
2026-07-30 15:04:11,119.62,0.1928,0.3601,35.52,165.91,0.507,61,DROWSY,False
2026-07-30 15:04:11,119.75,0.186,0.371,35.89,166.2,0.508,61,DROWSY,False
2026-07-30 15:04:11,119.79,0.2044,0.3548,36.16,164.94,0.508,61,DROWSY,False
2026-07-30 15:04:12,119.83,0.1749,0.3325,36.44,166.53,0.509,61,DROWSY,False
2026-07-30 15:04:12,120.06,0.1843,0.3815,36.71,167.89,0.51,61,DROWSY,False
2026-07-30 15:04:12,120.12,0.1899,0.3692,36.99,167.17,0.511,61,DROWSY,False
2026-07-30 15:04:12,120.16,0.1735,0.3408,37.26,165.04,0.512,61,DROWSY,False
2026-07-30 15:04:12,120.29,0.3181,0.2426,37.26,169.47,0.112,62,NORMAL,False
2026-07-30 15:04:12,120.33,0.312,0.3238,37.26,165.51,0.112,62,NORMAL,False
2026-07-30 15:04:12,120.36,0.2968,0.4279,37.16,165.15,0.111,62,NORMAL,False
2026-07-30 15:04:12,120.49,0.3355,0.1439,37.26,166.04,0.112,62,NORMAL,False
2026-07-30 15:04:12,120.54,0.3713,0.4019,36.99,178.82,0.111,62,NORMAL,False
2026-07-30 15:04:12,120.59,0.4566,0.2146,36.71,142.29,0.12,62,NORMAL,False
2026-07-30 15:04:13,120.73,0,0,0,0,0,62,No Face,False
2026-07-30 15:04:13,120.98,0.2035,0.2111,36.81,160.53,0.137,62,NORMAL,False
2026-07-30 15:04:13,121.02,0.1705,0.2419,37.09,165.9,0.165,62,NORMAL,False
2026-07-30 15:04:13,121.18,0.1759,0.3738,37.57,169.93,0.193,62,NORMAL,False
2026-07-30 15:04:13,121.24,0.1846,0.423,37.85,173.0,0.22,62,NORMAL,False
2026-07-30 15:04:13,121.29,0.185,0.4236,38.02,171.94,0.247,62,NORMAL,False
2026-07-30 15:04:13,121.44,0.1915,0.383,38.5,172.82,0.276,62,NORMAL,False
2026-07-30 15:04:13,121.49,0.1777,0.344,38.67,177.88,0.303,62,NORMAL,False
2026-07-30 15:04:13,121.54,0.1866,0.3545,38.95,175.34,0.33,62,NORMAL,False
2026-07-30 15:04:13,121.66,0.1712,0.3436,38.95,173.62,0.357,62,NORMAL,False
2026-07-30 15:04:13,121.71,0.1839,0.3211,38.95,173.76,0.384,62,NORMAL,False
2026-07-30 15:04:14,121.89,0.1844,0.3347,39.06,172.47,0.411,62,NORMAL,False
2026-07-30 15:04:14,122.05,0.1713,0.3069,39.44,177.64,0.438,62,NORMAL,False
2026-07-30 15:04:14,122.1,0.1812,0.3001,39.72,174.17,0.466,62,NORMAL,False
2026-07-30 15:04:14,122.15,0.1693,0.3184,39.72,176.27,0.492,62,NORMAL,False
2026-07-30 15:04:14,122.25,0.0722,0.2762,39.83,179.91,0.519,62,DROWSY,False
2026-07-30 15:04:14,122.29,0.0521,0.2917,40.0,-179.61,0.53,62,DROWSY,False
2026-07-30 15:04:14,122.35,0.0686,0.302,40.17,179.81,0.52,62,DROWSY,False
2026-07-30 15:04:14,122.45,0.2656,0.3241,39.89,-179.08,0.13,63,NORMAL,False
2026-07-30 15:04:14,122.5,0.2808,0.2847,39.78,-179.69,0.139,63,NORMAL,False
2026-07-30 15:04:14,122.55,0.2745,0.3314,39.5,-177.48,0.149,63,NORMAL,False
2026-07-30 15:04:14,122.79,0.1547,0.3626,39.0,-179.52,0.184,63,NORMAL,False
2026-07-30 15:04:15,122.85,0.1894,0.3586,39.0,-178.57,0.22,63,NORMAL,False
2026-07-30 15:04:15,122.89,0.1752,0.3207,39.17,175.63,0.198,63,NORMAL,False
2026-07-30 15:04:15,123.01,0.2117,0.2959,39.0,-179.4,0.234,63,NORMAL,False
2026-07-30 15:04:15,123.05,0.2022,0.2407,39.0,-177.07,0.27,63,NORMAL,False
2026-07-30 15:04:15,123.1,0.2304,0.1231,38.89,177.94,0.117,64,NORMAL,False
2026-07-30 15:04:15,123.21,0.2149,0.1177,38.78,176.66,0.116,64,NORMAL,False
2026-07-30 15:04:15,123.26,0.2559,0.0901,38.67,-177.26,0.126,64,NORMAL,False
2026-07-30 15:04:15,123.3,0.2511,0.1181,38.4,-174.12,0.135,64,NORMAL,False
2026-07-30 15:04:15,123.43,0.2316,0.1603,37.95,-176.68,0.144,64,NORMAL,False
2026-07-30 15:04:15,123.57,0.2455,0.1431,37.5,-178.79,0.152,64,NORMAL,False
2026-07-30 15:04:15,123.62,0.2467,0.2809,37.22,179.96,0.112,64,NORMAL,False
2026-07-30 15:04:15,123.75,0.3016,0.2161,36.87,173.26,0.111,64,NORMAL,False
2026-07-30 15:04:15,123.8,0.2258,0.0045,36.77,177.1,0.11,64,NORMAL,False
2026-07-30 15:04:16,123.85,0.2067,0.0057,37.05,176.56,0.138,64,NORMAL,False
2026-07-30 15:04:16,123.96,0.3315,0.0247,37.05,165.98,0.111,64,NORMAL,False
2026-07-30 15:04:16,124.0,0.2867,0.0145,36.94,165.65,0.111,64,NORMAL,False
2026-07-30 15:04:16,124.05,0.247,0.0101,36.94,-179.21,0.121,64,NORMAL,False
2026-07-30 15:04:16,124.16,0.2125,0.0062,36.94,174.17,0.111,64,NORMAL,False
2026-07-30 15:04:16,124.22,0.2148,0.0046,36.94,175.44,0.111,64,NORMAL,False
2026-07-30 15:04:16,124.36,0.2001,0.0069,37.33,176.02,0.139,64,NORMAL,False
2026-07-30 15:04:16,124.47,0.1813,0.0058,37.15,179.22,0.165,64,NORMAL,False
2026-07-30 15:04:16,124.52,0.1744,0.006,37.33,176.4,0.192,64,NORMAL,False
2026-07-30 15:04:16,124.55,0.2156,0.0076,37.22,176.51,0.112,65,NORMAL,False
2026-07-30 15:04:16,124.65,0.2086,0.008,37.6,171.89,0.139,65,NORMAL,False
2026-07-30 15:04:16,124.7,0.2676,0.005,37.5,170.04,0.112,65,NORMAL,False
2026-07-30 15:04:16,124.75,0.2587,0.0094,37.4,179.95,0.112,65,NORMAL,False
2026-07-30 15:04:17,124.84,0,0,0,0,0,65,No Face,False
2026-07-30 15:04:17,124.88,0.4465,0.0035,37.4,165.08,0.112,65,NORMAL,False
2026-07-30 15:04:17,124.92,0.4006,0.0053,37.29,-173.09,0.122,65,NORMAL,False
2026-07-30 15:04:17,125.12,0.2094,0.0065,37.22,166.86,0.138,65,NORMAL,False
2026-07-30 15:04:17,125.16,0.2141,0.0036,36.94,170.89,0.111,65,NORMAL,False
2026-07-30 15:04:17,125.21,0.2274,0.0023,36.67,46.99,0.12,65,NORMAL,False
2026-07-30 15:04:17,125.29,0.2518,0.0037,36.67,177.18,0.11,65,NORMAL,False
2026-07-30 15:04:17,125.33,0.2489,0.0025,36.57,175.27,0.11,65,NORMAL,False
2026-07-30 15:04:17,125.38,0.2435,0.0007,36.29,178.05,0.109,65,NORMAL,False
2026-07-30 15:04:17,125.52,0.2407,0.0013,36.39,178.29,0.109,65,NORMAL,False
2026-07-30 15:04:17,125.57,0.2661,0.0025,36.29,178.81,0.109,65,NORMAL,False
2026-07-30 15:04:17,125.62,0.2645,0.0014,36.19,178.07,0.109,65,NORMAL,False
2026-07-30 15:04:18,125.75,0.2851,0.0029,36.29,175.74,0.109,65,NORMAL,False
2026-07-30 15:04:18,125.91,0.2531,0.0037,36.11,176.01,0.108,65,NORMAL,False
2026-07-30 15:04:18,125.96,0.2699,0.0019,36.11,177.96,0.108,65,NORMAL,False
2026-07-30 15:04:18,126.09,0.2393,0.0012,36.21,173.64,0.109,65,NORMAL,False
2026-07-30 15:04:18,126.15,0.2406,0.0015,36.21,175.6,0.109,65,NORMAL,False
2026-07-30 15:04:18,126.2,0.2272,0.0028,35.93,176.47,0.108,65,NORMAL,False
2026-07-30 15:04:18,126.31,0.2392,0.0005,35.93,178.73,0.108,65,NORMAL,False
2026-07-30 15:04:18,126.36,0.2468,0.0019,35.83,178.89,0.107,65,NORMAL,False
2026-07-30 15:04:18,126.42,0.2489,0.0008,35.73,-176.43,0.117,65,NORMAL,False
2026-07-30 15:04:18,126.55,0.2826,0.0028,35.28,-175.77,0.126,65,NORMAL,False
2026-07-30 15:04:18,126.59,0.2902,0.0013,35.18,-171.82,0.136,65,NORMAL,False
2026-07-30 15:04:18,126.74,0.2979,0.0013,34.82,-172.32,0.144,65,NORMAL,False
2026-07-30 15:04:19,126.89,0.3006,0.0028,34.36,-172.77,0.153,65,NORMAL,False
2026-07-30 15:04:19,126.95,0.2963,0.0007,34.08,-173.75,0.162,65,NORMAL,False
2026-07-30 15:04:19,126.99,0.2872,0.0003,33.98,-173.61,0.172,65,NORMAL,False
2026-07-30 15:04:19,127.11,0.2848,0.0042,33.52,-175.32,0.181,65,NORMAL,False
2026-07-30 15:04:19,127.14,0.2949,0.0386,33.43,-174.55,0.19,65,NORMAL,False
2026-07-30 15:04:19,127.19,0.2978,0.2034,33.33,-177.57,0.2,65,NORMAL,False
2026-07-30 15:04:19,127.3,0.2957,0.2165,33.06,-178.76,0.209,65,NORMAL,False
2026-07-30 15:04:19,127.36,0.2891,0.2083,32.96,-179.37,0.219,65,NORMAL,False
2026-07-30 15:04:19,127.41,0.2751,0.1533,32.5,179.05,0.098,65,NORMAL,False
2026-07-30 15:04:19,127.65,0.2301,0.0046,31.65,179.42,0.095,65,NORMAL,False
2026-07-30 15:04:19,127.71,0.2323,0.0027,31.56,179.87,0.095,65,NORMAL,False
2026-07-30 15:04:19,127.76,0.2345,0.0074,31.28,178.63,0.094,65,NORMAL,False
2026-07-30 15:04:20,127.87,0.2654,0.0011,30.81,-179.05,0.102,65,NORMAL,False
2026-07-30 15:04:20,127.93,0.2629,0.0018,30.73,-178.95,0.112,65,NORMAL,False
2026-07-30 15:04:20,127.98,0.2632,0.001,30.64,-179.89,0.122,65,NORMAL,False
2026-07-30 15:04:20,128.09,0.266,0.0005,30.64,-178.5,0.132,65,NORMAL,False
2026-07-30 15:04:20,128.13,0.2634,0.0024,30.64,-177.48,0.142,65,NORMAL,False
2026-07-30 15:04:20,128.18,0.2746,0.0002,30.64,-175.06,0.152,65,NORMAL,False
2026-07-30 15:04:20,128.29,0.2689,0.0015,30.64,-175.6,0.162,65,NORMAL,False
2026-07-30 15:04:20,128.44,0.2885,0.0026,30.73,-174.82,0.172,65,NORMAL,False
2026-07-30 15:04:20,128.5,0.2806,0.0028,30.64,-174.66,0.182,65,NORMAL,False
2026-07-30 15:04:20,128.63,0.2769,0.0004,30.81,-174.53,0.192,65,NORMAL,False
2026-07-30 15:04:20,128.67,0.2688,0.0008,30.73,-174.35,0.202,65,NORMAL,False
2026-07-30 15:04:20,128.72,0.2591,0.0015,30.64,-174.09,0.212,65,NORMAL,False
2026-07-30 15:04:21,128.85,0.2339,0.0009,30.64,-174.11,0.222,65,NORMAL,False
2026-07-30 15:04:21,128.89,0.2663,0.0003,30.56,-174.35,0.232,65,NORMAL,False
2026-07-30 15:04:21,128.93,0.275,0.0025,30.64,-174.6,0.242,65,NORMAL,False
2026-07-30 15:04:21,129.02,0.2684,0.0013,30.56,-174.6,0.252,65,NORMAL,False
2026-07-30 15:04:21,129.06,0.2782,0.0028,30.47,-174.49,0.261,65,NORMAL,False
2026-07-30 15:04:21,129.18,0.2774,0.0007,30.64,-173.97,0.272,65,NORMAL,False
2026-07-30 15:04:21,129.29,0.2912,0.0014,30.64,-173.42,0.282,65,NORMAL,False
2026-07-30 15:04:21,129.34,0.2288,0.0021,30.64,-174.78,0.292,65,NORMAL,False
2026-07-30 15:04:21,129.39,0.0916,0.0025,30.92,-175.68,0.319,65,NORMAL,False
2026-07-30 15:04:21,129.48,0.0759,0.0014,31.11,-174.5,0.347,65,NORMAL,False
2026-07-30 15:04:21,129.53,0.1042,0.002,31.39,-173.34,0.374,65,NORMAL,False
2026-07-30 15:04:21,129.58,0.164,0.0022,31.67,-173.01,0.402,65,NORMAL,False
2026-07-30 15:04:21,129.67,0.2846,0.0023,31.58,-174.07,0.295,66,NORMAL,False
2026-07-30 15:04:21,129.72,0.2617,0.0011,31.58,-174.72,0.295,66,NORMAL,False
2026-07-30 15:04:22,129.76,0.2658,0.0006,31.49,-174.71,0.294,66,NORMAL,False
2026-07-30 15:04:22,130.01,0.2693,0.002,30.83,-174.1,0.292,66,NORMAL,False
2026-07-30 15:04:22,130.06,0.2722,0.0032,30.75,-174.23,0.292,66,NORMAL,False
2026-07-30 15:04:22,130.11,0.2733,0.0034,30.47,-174.11,0.291,66,NORMAL,False
2026-07-30 15:04:22,130.23,0.2792,0.0006,30.0,-174.22,0.29,66,NORMAL,False
2026-07-30 15:04:22,130.28,0.2675,0.0016,29.92,-174.49,0.29,66,NORMAL,False
2026-07-30 15:04:22,130.33,0.2682,0.0007,29.64,-174.36,0.289,66,NORMAL,False
2026-07-30 15:04:22,130.44,0.0735,0.0023,29.44,-175.17,0.315,66,NORMAL,False
2026-07-30 15:04:22,130.49,0.1457,0.0088,29.64,-173.35,0.342,66,NORMAL,False
2026-07-30 15:04:22,130.54,0.246,0.0027,29.56,-173.38,0.289,67,NORMAL,False
2026-07-30 15:04:22,130.65,0.2646,0.0,29.28,-173.81,0.288,67,NORMAL,False
2026-07-30 15:04:22,130.79,0.2892,0.0033,28.81,-175.34,0.286,67,NORMAL,False
2026-07-30 15:04:23,130.83,0.2824,0.0029,28.73,-174.95,0.286,67,NORMAL,False
2026-07-30 15:04:23,130.97,0.2781,0.0005,28.06,-173.12,0.284,67,NORMAL,False
2026-07-30 15:04:23,131.02,0.2679,0.0034,27.98,-174.84,0.284,67,NORMAL,False
2026-07-30 15:04:23,131.06,0.2735,0.0023,27.7,-174.58,0.283,67,NORMAL,False
2026-07-30 15:04:23,131.16,0.1905,0.0006,28.06,-175.33,0.311,67,NORMAL,False
2026-07-30 15:04:23,131.21,0.218,0.0017,27.98,-175.0,0.284,67,NORMAL,False
2026-07-30 15:04:23,131.25,0.2243,0.0017,27.98,-173.46,0.284,67,NORMAL,False
2026-07-30 15:04:23,131.38,0.2095,0.0006,28.25,-174.92,0.311,67,NORMAL,False
2026-07-30 15:04:23,131.43,0.184,0.0019,28.25,-173.51,0.338,67,NORMAL,False
2026-07-30 15:04:23,131.58,0.2116,0.0017,28.25,-174.0,0.365,67,NORMAL,False
2026-07-30 15:04:23,131.72,0.1777,0.0046,28.06,-168.3,0.391,67,NORMAL,False
2026-07-30 15:04:23,131.77,0.1628,0.003,28.06,-168.13,0.417,67,NORMAL,False
2026-07-30 15:04:23,131.81,0.1478,0.0038,28.33,-167.52,0.445,67,NORMAL,False
2026-07-30 15:04:24,131.93,0.1291,0.0034,28.61,-165.05,0.473,67,NORMAL,False
2026-07-30 15:04:24,131.97,0.1299,0.0032,28.89,-167.1,0.5,67,DROWSY,False
2026-07-30 15:04:24,132.03,0.1127,0.0029,29.17,-166.0,0.528,67,DROWSY,False
2026-07-30 15:04:24,132.15,0.1386,0.0076,29.36,-163.62,0.555,67,DROWSY,False
2026-07-30 15:04:24,132.21,0.1342,0.0052,29.64,-164.19,0.582,67,DROWSY,False
2026-07-30 15:04:24,132.26,0.1248,0.0066,29.83,-163.72,0.61,67,DROWSY,False
2026-07-30 15:04:24,132.52,0.1091,0.0064,30.28,-161.93,0.637,67,DROWSY,False
2026-07-30 15:04:24,132.58,0.1163,0.0056,30.28,-162.39,0.664,67,DROWSY,False
2026-07-30 15:04:24,132.63,0.1126,0.0063,30.28,-162.75,0.691,67,DROWSY,False
2026-07-30 15:04:24,132.76,0.1908,0.0027,30.64,-164.49,0.692,67,DROWSY,False
2026-07-30 15:04:24,132.83,0.242,0.0057,30.64,-163.32,0.292,68,NORMAL,False
2026-07-30 15:04:25,132.88,0.27,0.0042,30.64,-163.59,0.292,68,NORMAL,False
2026-07-30 15:04:25,132.99,0.3198,0.0052,30.56,-163.63,0.292,68,NORMAL,False
2026-07-30 15:04:25,133.03,0.3118,0.0021,30.47,-164.08,0.291,68,NORMAL,False
2026-07-30 15:04:25,133.08,0.3109,0.0026,30.39,-164.03,0.291,68,NORMAL,False
2026-07-30 15:04:25,133.2,0.3068,0.0018,30.47,-165.82,0.291,68,NORMAL,False
2026-07-30 15:04:25,133.34,0.2966,0.0008,30.56,-166.9,0.292,68,NORMAL,False
2026-07-30 15:04:25,133.39,0.2916,0.0003,30.56,-167.83,0.292,68,NORMAL,False
2026-07-30 15:04:25,133.52,0.3062,0.0021,30.64,-169.44,0.292,68,NORMAL,False
2026-07-30 15:04:25,133.57,0.2963,0.0019,30.56,-169.46,0.292,68,NORMAL,False
2026-07-30 15:04:25,133.61,0.2991,0.0021,30.56,-169.46,0.292,68,NORMAL,False
2026-07-30 15:04:25,133.72,0.2866,0.0014,30.56,-169.47,0.292,68,NORMAL,False
2026-07-30 15:04:25,133.77,0.2894,0.0005,30.56,-170.55,0.292,68,NORMAL,False
2026-07-30 15:04:25,133.82,0.2458,0.0032,30.47,-171.41,0.291,68,NORMAL,False
2026-07-30 15:04:26,133.93,0.428,0.0128,30.47,-178.96,0.291,68,NORMAL,False
2026-07-30 15:04:26,133.97,0.3948,0.0088,30.47,178.01,0.091,68,NORMAL,False
2026-07-30 15:04:26,134.12,0.4821,0.0074,30.56,-168.08,0.102,68,NORMAL,False
2026-07-30 15:04:26,134.28,0.4728,0.0031,30.64,-175.47,0.112,68,NORMAL,False
2026-07-30 15:04:26,134.32,0.4849,0.0083,30.64,-175.64,0.122,68,NORMAL,False
2026-07-30 15:04:26,134.39,0.4334,0.0069,30.64,-174.8,0.132,68,NORMAL,False
2026-07-30 15:04:26,134.55,0.4489,0.0112,30.73,-176.26,0.142,68,NORMAL,False
2026-07-30 15:04:26,134.61,0.4524,0.0026,30.64,-178.45,0.152,68,NORMAL,False
2026-07-30 15:04:26,134.65,0.463,0.0091,30.56,-165.51,0.162,68,NORMAL,False
2026-07-30 15:04:26,134.77,0.3002,0.0123,30.56,164.24,0.092,68,NORMAL,False
2026-07-30 15:04:26,134.82,0.2499,0.0077,30.56,-96.53,0.102,68,NORMAL,False
2026-07-30 15:04:27,134.87,0.2983,0.0071,30.56,179.45,0.092,68,NORMAL,False
2026-07-30 15:04:27,135.1,0.4188,0.0054,30.81,-177.93,0.102,68,NORMAL,False
2026-07-30 15:04:27,135.15,0.4208,0.0072,30.53,-175.57,0.112,68,NORMAL,False
2026-07-30 15:04:27,135.19,0.4065,0.0015,30.45,178.81,0.091,68,NORMAL,False
2026-07-30 15:04:27,135.29,0.4375,0.0085,29.97,-175.23,0.1,68,NORMAL,False
2026-07-30 15:04:27,135.34,0.4353,0.0066,29.89,-174.47,0.11,68,NORMAL,False
2026-07-30 15:04:27,135.38,0.4309,0.0059,29.81,-174.11,0.119,68,NORMAL,False
2026-07-30 15:04:27,135.51,0.4134,0.0067,29.89,-172.46,0.13,68,NORMAL,False
2026-07-30 15:04:27,135.56,0.4179,0.0078,29.89,-172.88,0.14,68,NORMAL,False
2026-07-30 15:04:27,135.6,0.3976,0.0067,29.81,179.97,0.089,68,NORMAL,False
2026-07-30 15:04:28,135.77,0.3956,0.003,29.97,-170.55,0.1,68,NORMAL,False
2026-07-30 15:04:28,135.91,0.4064,0.0123,30.06,-170.94,0.11,68,NORMAL,False
2026-07-30 15:04:28,135.96,0.3965,0.0046,30.06,-169.26,0.12,68,NORMAL,False
2026-07-30 15:04:28,136.09,0.3762,0.0045,30.06,-170.25,0.13,68,NORMAL,False
2026-07-30 15:04:28,136.13,0.343,0.0032,29.97,2.49,0.14,68,NORMAL,False
2026-07-30 15:04:28,136.18,0.3389,0.004,29.89,-169.03,0.15,68,NORMAL,False
2026-07-30 15:04:28,136.3,0.3372,0.0028,29.97,-177.36,0.16,68,NORMAL,False
2026-07-30 15:04:28,136.35,0.3526,0.0028,29.89,-175.72,0.17,68,NORMAL,False
2026-07-30 15:04:28,136.4,0.3547,0.0014,29.81,-175.6,0.179,68,NORMAL,False
2026-07-30 15:04:28,136.5,0.3579,0.0006,29.89,-176.56,0.19,68,NORMAL,False
2026-07-30 15:04:28,136.55,0.3541,0.0007,29.89,-175.98,0.2,68,NORMAL,False
2026-07-30 15:04:28,136.69,0.3382,0.0014,29.89,-174.19,0.21,68,NORMAL,False
2026-07-30 15:04:29,136.83,0.1375,0.003,30.25,-175.7,0.247,68,NORMAL,False
2026-07-30 15:04:29,136.88,0.111,0.0034,30.53,-167.11,0.285,68,NORMAL,False
2026-07-30 15:04:29,136.91,0.112,0.0027,30.73,-172.01,0.322,68,NORMAL,False
2026-07-30 15:04:29,137.0,0.1337,0.0017,31.01,-168.18,0.36,68,NORMAL,False
2026-07-30 15:04:29,137.04,0.0978,0.0013,31.2,-172.37,0.397,68,NORMAL,False
2026-07-30 15:04:29,137.09,0.1114,0.002,31.48,-167.7,0.434,68,NORMAL,False
2026-07-30 15:04:29,137.16,0.1303,0.0039,31.67,-168.71,0.472,68,NORMAL,False
2026-07-30 15:04:29,137.21,0.1539,0.0024,31.86,-164.72,0.509,68,DROWSY,False
2026-07-30 15:04:29,137.26,0.1399,0.0053,32.13,-161.92,0.536,68,DROWSY,False
2026-07-30 15:04:29,137.48,0.2358,0.0054,32.4,-145.34,0.297,69,NORMAL,False
2026-07-30 15:04:29,137.54,0.2357,0.0105,32.4,-145.56,0.297,69,NORMAL,False
2026-07-30 15:04:29,137.58,0,0,0,0,0,69,No Face,False
2026-07-30 15:04:29,137.63,0,0,0,0,0,69,No Face,False
2026-07-30 15:04:29,137.68,0,0,0,0,0,69,No Face,False
2026-07-30 15:04:29,137.73,0,0,0,0,0,69,No Face,False
2026-07-30 15:04:29,137.77,0,0,0,0,0,69,No Face,False
2026-07-30 15:04:29,137.82,0,0,0,0,0,69,No Face,False
2026-07-30 15:04:30,137.86,0,0,0,0,0,69,No Face,False
2026-07-30 15:04:30,137.92,0,0,0,0,0,69,No Face,False
2026-07-30 15:04:30,138.08,0.1442,0.0093,33.14,-132.37,0.326,69,NORMAL,False
2026-07-30 15:04:30,138.13,0.1283,0.0069,33.33,-136.82,0.353,69,NORMAL,False
2026-07-30 15:04:30,138.29,0.1296,0.0061,33.81,-152.43,0.381,69,NORMAL,False
2026-07-30 15:04:30,138.34,0.1305,0.0062,33.99,-150.69,0.409,69,NORMAL,False
2026-07-30 15:04:30,138.39,0.1278,0.0072,33.81,-151.67,0.435,69,NORMAL,False
2026-07-30 15:04:30,138.54,0.1409,0.0063,33.81,-153.26,0.461,69,NORMAL,False
2026-07-30 15:04:30,138.59,0.1359,0.0066,33.81,-152.36,0.488,69,NORMAL,False
2026-07-30 15:04:30,138.65,0.1442,0.0102,33.99,-151.42,0.515,69,DROWSY,False
2026-07-30 15:04:30,138.8,0.1063,0.0263,33.99,-138.99,0.542,69,DROWSY,False
2026-07-30 15:04:31,138.86,0.1109,0.0084,34.18,-141.7,0.569,69,DROWSY,False
2026-07-30 15:04:31,139.03,0,0,0,0,0,69,No Face,False
2026-07-30 15:04:31,139.08,0.0572,0.0026,33.9,177.32,0.395,69,NORMAL,False
2026-07-30 15:04:31,139.13,0.0839,0.0023,34.19,173.02,0.423,69,NORMAL,False
2026-07-30 15:04:31,139.18,0.0713,0.0019,34.47,175.42,0.45,69,NORMAL,False
2026-07-30 15:04:31,139.33,0.0689,0.0041,34.76,163.56,0.478,69,NORMAL,False
2026-07-30 15:04:31,139.39,0.1356,0.0051,35.04,156.16,0.505,69,DROWSY,False
2026-07-30 15:04:31,139.45,0.1392,0.0386,35.23,155.64,0.506,69,DROWSY,False
2026-07-30 15:04:31,139.59,0.0923,0.0051,35.51,152.13,0.517,69,DROWSY,False
2026-07-30 15:04:31,139.64,0.1306,0.0035,35.8,155.04,0.507,69,DROWSY,False
2026-07-30 15:04:31,139.7,0.095,0.0423,36.08,154.88,0.508,69,DROWSY,False
2026-07-30 15:04:32,139.96,0.0845,0.4228,36.47,152.7,0.519,69,DROWSY,False
2026-07-30 15:04:32,140.01,0.1045,0.4567,36.65,153.36,0.53,69,DROWSY,False
2026-07-30 15:04:32,140.06,0.109,0.3948,36.93,153.6,0.541,69,DROWSY,False
2026-07-30 15:04:32,140.21,0,0,0,0,0,69,No Face,False
2026-07-30 15:04:32,140.26,0,0,0,0,0,69,No Face,False
2026-07-30 15:04:32,140.31,0.4997,0.2814,37.04,146.44,0.151,70,NORMAL,False
2026-07-30 15:04:32,140.42,0.4022,0.3188,37.04,-163.62,0.161,70,NORMAL,False
2026-07-30 15:04:32,140.47,0.4374,0.2961,37.04,-165.56,0.171,70,NORMAL,False
2026-07-30 15:04:32,140.52,0,0,0,0,0,70,No Face,False
2026-07-30 15:04:32,140.57,0.4095,0.0196,37.04,-98.37,0.181,70,NORMAL,False
2026-07-30 15:04:32,140.72,0.4209,0.4289,37.25,-167.12,0.192,70,NORMAL,False
2026-07-30 15:04:32,140.76,0.477,0.4675,37.14,-169.78,0.201,70,NORMAL,False
2026-07-30 15:04:33,140.89,0.5543,0.0068,37.25,-168.79,0.212,70,NORMAL,False
2026-07-30 15:04:33,140.93,0.5656,0.007,37.25,-79.55,0.222,70,NORMAL,False
2026-07-30 15:04:33,140.98,0.4558,0.0172,37.14,-170.49,0.231,70,NORMAL,False
2026-07-30 15:04:33,141.11,0,0,0,0,0,70,No Face,False
2026-07-30 15:04:33,141.17,0.2283,0.4909,37.14,179.04,0.111,70,NORMAL,False
2026-07-30 15:04:33,141.21,0.2912,0.5096,37.04,176.38,0.111,70,NORMAL,False
2026-07-30 15:04:33,141.31,0.2502,0.5514,37.04,162.8,0.111,70,NORMAL,False
2026-07-30 15:04:33,141.36,0.1509,0.5797,37.32,177.67,0.139,70,NORMAL,False
2026-07-30 15:04:33,141.5,0.1392,0.3248,37.43,-170.73,0.176,70,NORMAL,False
2026-07-30 15:04:33,141.63,0.1296,0.4561,37.54,-170.48,0.213,70,NORMAL,False
2026-07-30 15:04:33,141.69,0.0849,0.1616,37.82,-174.97,0.25,70,NORMAL,False
2026-07-30 15:04:33,141.74,0.1867,0.2017,38.11,-167.71,0.288,70,NORMAL,False
2026-07-30 15:04:34,141.85,0.2596,0.1629,38.0,174.39,0.114,71,NORMAL,False
2026-07-30 15:04:34,141.89,0.2306,0.2254,38.0,-160.62,0.124,71,NORMAL,False
2026-07-30 15:04:34,141.94,0,0,0,0,0,71,No Face,False
2026-07-30 15:04:34,141.98,0.2175,0.0333,37.89,177.69,0.114,71,NORMAL,False
2026-07-30 15:04:34,142.02,0.192,0.2313,38.07,-171.02,0.151,71,NORMAL,False
2026-07-30 15:04:34,142.07,0.2046,0.0199,38.07,175.6,0.168,71,NORMAL,False
2026-07-30 15:04:34,142.32,0,0,0,0,0,71,No Face,False
2026-07-30 15:04:34,142.37,0.5014,0.484,38.22,179.97,0.115,72,NORMAL,False
2026-07-30 15:04:34,142.4,0.3961,0.4868,38.11,-179.26,0.124,72,NORMAL,False
2026-07-30 15:04:34,142.49,0.3698,0.3192,38.11,-173.43,0.134,72,NORMAL,False
2026-07-30 15:04:34,142.53,0.4474,0.011,38.11,-134.36,0.144,72,NORMAL,False
2026-07-30 15:04:34,142.57,0.3704,0.0111,38.11,-162.62,0.154,72,NORMAL,False
2026-07-30 15:04:34,142.67,0.3502,0.1746,38.0,-159.72,0.164,72,NORMAL,False
2026-07-30 15:04:34,142.7,0.3082,0.212,37.89,97.34,0.174,72,NORMAL,False
2026-07-30 15:04:34,142.75,0.3242,0.0642,37.78,168.13,0.113,72,NORMAL,False
2026-07-30 15:04:35,142.83,0.3196,0.0273,37.5,-172.23,0.122,72,NORMAL,False
2026-07-30 15:04:35,142.95,0,0,0,0,0,72,No Face,False
2026-07-30 15:04:35,143.0,0.3,0.3139,37.04,173.54,0.111,72,NORMAL,False
2026-07-30 15:04:35,143.11,0,0,0,0,0,72,No Face,False
2026-07-30 15:04:35,143.15,0.3487,0.2828,36.68,157.44,0.11,72,NORMAL,False
2026-07-30 15:04:35,143.19,0.3433,0.0659,36.57,-166.04,0.12,72,NORMAL,False
2026-07-30 15:04:35,143.31,0,0,0,0,0,72,No Face,False
2026-07-30 15:04:35,143.35,0.3749,0.0272,35.92,169.35,0.108,72,NORMAL,False
2026-07-30 15:04:35,143.4,0,0,0,0,0,72,No Face,False
2026-07-30 15:04:35,143.45,0.2535,0.0031,35.92,175.95,0.108,72,NORMAL,False
2026-07-30 15:04:35,143.5,0.1824,0.0102,36.1,132.39,0.145,72,NORMAL,False
2026-07-30 15:04:35,143.66,0,0,0,0,0,72,No Face,False
2026-07-30 15:04:35,143.73,0,0,0,0,0,72,No Face,False
2026-07-30 15:04:35,143.78,0,0,0,0,0,72,No Face,False
2026-07-30 15:04:36,143.84,0.2703,0.1962,36.42,-162.39,0.129,72,NORMAL,False
2026-07-30 15:04:36,143.97,0,0,0,0,0,72,No Face,False
2026-07-30 15:04:36,144.01,0.3765,0.1501,36.52,147.33,0.14,72,NORMAL,False
2026-07-30 15:04:36,144.06,0.4861,0.3852,36.52,178.72,0.11,72,NORMAL,False
2026-07-30 15:04:36,144.18,0.3623,0.1021,36.63,-177.38,0.12,72,NORMAL,False
2026-07-30 15:04:36,144.22,0.3312,0.2194,36.52,147.36,0.13,72,NORMAL,False
2026-07-30 15:04:36,144.27,0.2945,0.3394,36.52,149.0,0.14,72,NORMAL,False
2026-07-30 15:04:36,144.53,0.2379,0.2402,36.63,168.88,0.11,72,NORMAL,False
2026-07-30 15:04:36,144.58,0.2058,0.2084,36.81,168.23,0.137,72,NORMAL,False
2026-07-30 15:04:36,144.63,0.2138,0.2059,36.34,164.75,0.109,72,NORMAL,False
2026-07-30 15:04:36,144.74,0.2071,0.2166,36.63,169.46,0.137,72,NORMAL,False
2026-07-30 15:04:36,144.8,0.2106,0.2307,36.92,167.44,0.164,72,NORMAL,False
2026-07-30 15:04:37,144.85,0.2213,0.2236,36.92,169.45,0.111,73,NORMAL,False
2026-07-30 15:04:37,144.97,0.3661,0.3023,36.63,174.59,0.11,73,NORMAL,False
2026-07-30 15:04:37,145.01,0.3357,0.2361,36.34,171.14,0.109,73,NORMAL,False
2026-07-30 15:04:37,145.06,0.3163,0.26,36.05,171.45,0.108,73,NORMAL,False
2026-07-30 15:04:37,145.18,0.376,0.4173,35.94,173.71,0.108,73,NORMAL,False
2026-07-30 15:04:37,145.34,0.374,0.3893,35.57,171.96,0.107,73,NORMAL,False
2026-07-30 15:04:37,145.39,0.3534,0.3506,35.47,170.98,0.106,73,NORMAL,False
2026-07-30 15:04:37,145.49,0.3395,0.2984,34.8,162.38,0.104,73,NORMAL,False
2026-07-30 15:04:37,145.52,0.3424,0.1526,34.69,168.74,0.104,73,NORMAL,False
2026-07-30 15:04:37,145.58,0.329,0.2172,34.69,172.58,0.104,73,NORMAL,False
2026-07-30 15:04:37,145.66,0.3511,0.2375,34.8,171.42,0.104,73,NORMAL,False
2026-07-30 15:04:37,145.7,0.3866,0.3575,34.69,169.85,0.104,73,NORMAL,False
2026-07-30 15:04:37,145.74,0.3751,0.4416,34.59,170.55,0.104,73,NORMAL,False
2026-07-30 15:04:38,145.84,0.3604,0.2581,34.59,172.54,0.104,73,NORMAL,False
2026-07-30 15:04:38,145.89,0.3099,0.262,34.59,172.27,0.104,73,NORMAL,False
2026-07-30 15:04:38,146.01,0.4099,0.3031,34.59,166.48,0.104,73,NORMAL,False
2026-07-30 15:04:38,146.12,0.3681,0.3211,34.69,167.72,0.104,73,NORMAL,False
2026-07-30 15:04:38,146.16,0.3668,0.0087,34.69,162.57,0.104,73,NORMAL,False
2026-07-30 15:04:38,146.21,0.2479,0.2801,34.59,172.09,0.104,73,NORMAL,False
2026-07-30 15:04:38,146.31,0.2254,0.2785,34.69,175.45,0.104,73,NORMAL,False
2026-07-30 15:04:38,146.37,0.1775,0.2244,34.99,178.35,0.132,73,NORMAL,False
2026-07-30 15:04:38,146.41,0.2185,0.2011,34.88,-178.05,0.115,73,NORMAL,False
2026-07-30 15:04:38,146.55,0.1217,0.236,35.28,172.65,0.132,73,NORMAL,False
2026-07-30 15:04:38,146.6,0.2111,0.2416,35.47,174.33,0.16,73,NORMAL,False
2026-07-30 15:04:38,146.65,0.3083,0.2787,35.36,175.11,0.106,74,NORMAL,False
2026-07-30 15:04:39,146.89,0,0,0,0,0,74,No Face,False
2026-07-30 15:04:39,146.94,0,0,0,0,0,74,No Face,False
2026-07-30 15:04:39,146.99,0,0,0,0,0,74,No Face,False
2026-07-30 15:04:39,147.03,0,0,0,0,0,74,No Face,False
2026-07-30 15:04:39,147.08,0,0,0,0,0,74,No Face,False
2026-07-30 15:04:39,147.12,0,0,0,0,0,74,No Face,False
2026-07-30 15:04:39,147.17,0,0,0,0,0,74,No Face,False
2026-07-30 15:04:39,147.2,0,0,0,0,0,74,No Face,False
2026-07-30 15:04:39,147.25,0,0,0,0,0,74,No Face,False
2026-07-30 15:04:39,147.3,0,0,0,0,0,74,No Face,False
2026-07-30 15:04:39,147.44,0,0,0,0,0,74,No Face,False
2026-07-30 15:04:39,147.49,0,0,0,0,0,74,No Face,False
2026-07-30 15:04:39,147.53,0,0,0,0,0,74,No Face,False
2026-07-30 15:04:39,147.58,0,0,0,0,0,74,No Face,False
2026-07-30 15:04:39,147.62,0,0,0,0,0,74,No Face,False
2026-07-30 15:04:39,147.67,0,0,0,0,0,74,No Face,False
2026-07-30 15:04:39,147.71,0,0,0,0,0,74,No Face,False
2026-07-30 15:04:39,147.76,0,0,0,0,0,74,No Face,False
2026-07-30 15:04:39,147.81,0,0,0,0,0,74,No Face,False
2026-07-30 15:04:40,147.86,0,0,0,0,0,74,No Face,False
2026-07-30 15:04:40,148.01,0.3089,0.0504,36.97,-171.22,0.121,74,NORMAL,False
2026-07-30 15:04:40,148.15,0.3048,0.0117,36.59,-169.63,0.13,74,NORMAL,False
2026-07-30 15:04:40,148.19,0.3084,0.0021,36.47,-168.28,0.139,74,NORMAL,False
2026-07-30 15:04:40,148.23,0.3276,0.0036,36.17,-167.98,0.149,74,NORMAL,False
2026-07-30 15:04:40,148.36,0.3291,0.0049,36.06,-167.4,0.158,74,NORMAL,False
2026-07-30 15:04:40,148.41,0.3328,0.0028,35.76,-165.15,0.167,74,NORMAL,False
2026-07-30 15:04:40,148.45,0.3328,0.0047,35.45,-165.6,0.176,74,NORMAL,False
2026-07-30 15:04:40,148.57,0.3204,0.0126,35.15,-160.22,0.185,74,NORMAL,False
2026-07-30 15:04:40,148.63,0.3148,0.0099,34.85,-162.78,0.195,74,NORMAL,False
2026-07-30 15:04:40,148.69,0,0,0,0,0,74,No Face,False
2026-07-30 15:04:40,148.82,0,0,0,0,0,74,No Face,False
2026-07-30 15:04:41,148.87,0,0,0,0,0,74,No Face,False
2026-07-30 15:04:41,148.93,0.2914,0.0142,33.94,-156.97,0.202,74,NORMAL,False
2026-07-30 15:04:41,149.05,0,0,0,0,0,74,No Face,False
2026-07-30 15:04:41,149.09,0,0,0,0,0,74,No Face,False
2026-07-30 15:04:41,149.14,0,0,0,0,0,74,No Face,False
2026-07-30 15:04:41,149.17,0,0,0,0,0,74,No Face,False
2026-07-30 15:04:41,149.21,0,0,0,0,0,74,No Face,False
2026-07-30 15:04:41,149.24,0,0,0,0,0,74,No Face,False
2026-07-30 15:04:41,149.29,0,0,0,0,0,74,No Face,False
2026-07-30 15:04:41,149.43,0,0,0,0,0,74,No Face,False
2026-07-30 15:04:41,149.49,0.3565,0.0021,32.61,-163.93,0.208,74,NORMAL,False
2026-07-30 15:04:41,149.62,0.3472,0.0049,31.87,-166.21,0.216,74,NORMAL,False
2026-07-30 15:04:41,149.67,0.3348,0.0016,31.78,-167.19,0.225,74,NORMAL,False
2026-07-30 15:04:41,149.71,0.2442,0.0116,31.68,-174.13,0.235,74,NORMAL,False
2026-07-30 15:04:41,149.83,0.3732,0.1548,31.15,177.26,0.093,74,NORMAL,False
2026-07-30 15:04:42,149.87,0.471,0.1976,30.84,175.36,0.093,74,NORMAL,False
2026-07-30 15:04:42,149.92,0.485,0.1492,30.75,173.28,0.092,74,NORMAL,False
2026-07-30 15:04:42,150.03,0.4595,0.1609,30.65,172.13,0.092,74,NORMAL,False
2026-07-30 15:04:42,150.09,0.5095,0.1365,30.34,171.96,0.091,74,NORMAL,False
2026-07-30 15:04:42,150.24,0.5086,0.2631,29.81,172.8,0.089,74,NORMAL,False
2026-07-30 15:04:42,150.36,0.594,0.0168,29.91,158.02,0.09,74,NORMAL,False
2026-07-30 15:04:42,150.41,0.6519,0.0387,29.91,-169.27,0.1,74,NORMAL,False
2026-07-30 15:04:42,150.47,0.6065,0.0566,29.81,154.38,0.109,74,NORMAL,False
2026-07-30 15:04:42,150.55,0,0,0,0,0,74,No Face,False
2026-07-30 15:04:42,150.59,0.4582,0.2808,30.0,151.65,0.12,74,NORMAL,False
2026-07-30 15:04:42,150.63,0.4473,0.2102,29.91,145.75,0.13,74,NORMAL,False
2026-07-30 15:04:42,150.72,0.5194,0.0214,29.81,-159.33,0.139,74,NORMAL,False
2026-07-30 15:04:42,150.77,0.5679,0.015,29.72,-161.47,0.149,74,NORMAL,False
2026-07-30 15:04:43,150.82,0.5211,0.0168,29.63,179.84,0.089,74,NORMAL,False
2026-07-30 15:04:43,151.14,0.4781,0.1967,29.1,58.0,0.097,74,NORMAL,False
2026-07-30 15:04:43,151.19,0.502,0.0222,28.79,148.0,0.106,74,NORMAL,False
2026-07-30 15:04:43,151.24,0.5135,0.3681,28.7,-160.44,0.116,74,NORMAL,False
2026-07-30 15:04:43,151.36,0.544,0.1476,28.17,148.31,0.125,74,NORMAL,False
2026-07-30 15:04:43,151.4,0.6073,0.0466,28.09,161.21,0.084,74,NORMAL,False
2026-07-30 15:04:43,151.45,0.6203,0.032,27.78,-163.0,0.093,74,NORMAL,False
2026-07-30 15:04:43,151.57,0.5782,0.3273,27.24,-164.52,0.102,74,NORMAL,False
2026-07-30 15:04:43,151.62,0.5736,0.3177,27.16,159.19,0.081,74,NORMAL,False
2026-07-30 15:04:43,151.67,0.5848,0.2665,26.85,-173.0,0.091,74,NORMAL,False
2026-07-30 15:04:44,151.77,0.5591,0.2729,26.54,179.04,0.08,74,NORMAL,False
2026-07-30 15:04:44,151.92,0.5604,0.148,26.23,5.34,0.089,74,NORMAL,False
2026-07-30 15:04:44,151.96,0.5511,0.2572,26.15,153.96,0.098,74,NORMAL,False
2026-07-30 15:04:44,152.1,0.5675,0.0939,25.62,154.47,0.107,74,NORMAL,False
2026-07-30 15:04:44,152.14,0.5135,0.0922,25.54,156.05,0.077,74,NORMAL,False
2026-07-30 15:04:44,152.2,0.4896,0.0135,25.23,154.05,0.086,74,NORMAL,False
2026-07-30 15:04:44,152.32,0.5209,0.0273,24.69,157.12,0.074,74,NORMAL,False
2026-07-30 15:04:44,152.36,0.6147,0.0232,24.38,-162.55,0.083,74,NORMAL,False
2026-07-30 15:04:44,152.42,0.5958,0.0502,24.31,160.17,0.073,74,NORMAL,False
2026-07-30 15:04:44,152.53,0.6287,0.1892,24.38,161.67,0.073,74,NORMAL,False
2026-07-30 15:04:44,152.58,0.5745,0.2214,24.38,160.26,0.073,74,NORMAL,False
2026-07-30 15:04:44,152.73,0.2943,0.0628,24.31,171.42,0.073,74,NORMAL,False
2026-07-30 15:04:45,152.86,0.285,0.0046,23.77,-174.31,0.081,74,NORMAL,False
2026-07-30 15:04:45,152.91,0.2885,0.0041,23.46,-174.24,0.09,74,NORMAL,False
2026-07-30 15:04:45,152.96,0.2832,0.0007,23.38,-174.17,0.1,74,NORMAL,False
2026-07-30 15:04:45,153.08,0.2785,0.164,22.84,-174.99,0.109,74,NORMAL,False
2026-07-30 15:04:45,153.13,0.2753,0.1761,22.84,-173.45,0.119,74,NORMAL,False
2026-07-30 15:04:45,153.18,0.2839,0.1811,22.77,-172.73,0.128,74,NORMAL,False
2026-07-30 15:04:45,153.3,0.2851,0.1587,22.91,-170.63,0.139,74,NORMAL,False
2026-07-30 15:04:45,153.35,0.2736,0.1196,22.84,-168.22,0.149,74,NORMAL,False
2026-07-30 15:04:45,153.4,0.2777,0.0812,22.77,-168.52,0.158,74,NORMAL,False
2026-07-30 15:04:45,153.64,0.2949,0.1032,22.91,-170.93,0.169,74,NORMAL,False
2026-07-30 15:04:45,153.69,0.2862,0.1136,22.84,-171.92,0.179,74,NORMAL,False
2026-07-30 15:04:45,153.73,0.2845,0.1031,22.77,-171.92,0.188,74,NORMAL,False
2026-07-30 15:04:46,153.86,0.2759,0.1107,22.6,-171.97,0.198,74,NORMAL,False
2026-07-30 15:04:46,153.91,0.2804,0.1059,22.53,-172.16,0.208,74,NORMAL,False
2026-07-30 15:04:46,153.96,0.2804,0.103,22.53,-171.04,0.218,74,NORMAL,False
2026-07-30 15:04:46,154.09,0.2876,0.075,22.6,-171.05,0.228,74,NORMAL,False
2026-07-30 15:04:46,154.15,0.2964,0.1012,22.53,-171.11,0.238,74,NORMAL,False
2026-07-30 15:04:46,154.19,0.2926,0.0722,22.53,-170.8,0.248,74,NORMAL,False
2026-07-30 15:04:46,154.31,0.2513,0.0995,22.53,-170.65,0.258,74,NORMAL,False
2026-07-30 15:04:46,154.47,0.387,0.0613,22.22,-177.01,0.267,74,NORMAL,False
2026-07-30 15:04:46,154.52,0.4078,0.0116,21.91,-177.34,0.266,74,NORMAL,False
2026-07-30 15:04:46,154.65,0.4201,0.0045,21.43,-177.43,0.264,74,NORMAL,False
2026-07-30 15:04:46,154.7,0.4377,0.0061,21.43,-179.09,0.264,74,NORMAL,False
2026-07-30 15:04:46,154.75,0.4259,0.0021,21.43,-178.44,0.264,74,NORMAL,False
2026-07-30 15:04:47,154.88,0.4316,0.0045,21.36,-177.26,0.264,74,NORMAL,False
2026-07-30 15:04:47,154.93,0.4611,0.0038,21.43,-178.36,0.264,74,NORMAL,False
2026-07-30 15:04:47,154.97,0.432,0.0626,21.36,-178.84,0.264,74,NORMAL,False
2026-07-30 15:04:47,155.1,0.4303,0.0081,21.3,-164.34,0.264,74,NORMAL,False
2026-07-30 15:04:47,155.14,0.4285,0.0139,20.99,-176.91,0.263,74,NORMAL,False
2026-07-30 15:04:47,155.28,0.4312,0.0078,21.05,-172.49,0.263,74,NORMAL,False
2026-07-30 15:04:47,155.42,0.4488,0.0067,21.18,-149.82,0.264,74,NORMAL,False
2026-07-30 15:04:47,155.47,0.4509,0.0445,21.12,-172.37,0.263,74,NORMAL,False
2026-07-30 15:04:47,155.51,0.4561,0.0143,21.05,-173.57,0.263,74,NORMAL,False
2026-07-30 15:04:47,155.63,0.4638,0.034,21.18,176.29,0.064,74,NORMAL,False
2026-07-30 15:04:47,155.69,0.4891,0.2217,21.12,173.26,0.063,74,NORMAL,False
2026-07-30 15:04:47,155.74,0.5222,0.1433,21.05,174.31,0.063,74,NORMAL,False
2026-07-30 15:04:48,155.85,0.4259,0.2812,21.05,161.89,0.063,74,NORMAL,False
2026-07-30 15:04:48,155.89,0.4426,0.2665,20.99,167.35,0.063,74,NORMAL,False
2026-07-30 15:04:48,155.93,0.4402,0.2716,20.99,168.0,0.063,74,NORMAL,False
2026-07-30 15:04:48,156.19,0.4832,0.1876,21.12,157.59,0.063,74,NORMAL,False
2026-07-30 15:04:48,156.24,0.5572,0.1531,21.12,-1.87,0.073,74,NORMAL,False
2026-07-30 15:04:48,156.29,0.5987,0.105,21.05,-161.06,0.083,74,NORMAL,False
2026-07-30 15:04:48,156.41,0.4896,0.1722,21.12,153.44,0.093,74,NORMAL,False
2026-07-30 15:04:48,156.46,0.5549,0.2505,21.12,156.55,0.063,74,NORMAL,False
2026-07-30 15:04:48,156.51,0.5095,0.2886,21.05,157.6,0.063,74,NORMAL,False
2026-07-30 15:04:48,156.62,0.4797,0.2854,21.12,155.18,0.063,74,NORMAL,False
2026-07-30 15:04:48,156.67,0.5166,0.3771,21.05,154.16,0.073,74,NORMAL,False
2026-07-30 15:04:48,156.73,0.6157,0.2631,20.99,158.16,0.063,74,NORMAL,False
2026-07-30 15:04:49,156.84,0.5592,0.057,20.99,161.36,0.063,74,NORMAL,False
2026-07-30 15:04:49,157.0,0.4042,0.091,21.12,175.21,0.063,74,NORMAL,False
2026-07-30 15:04:49,157.04,0.4071,0.1641,21.05,177.89,0.063,74,NORMAL,False
2026-07-30 15:04:49,157.16,0.2749,0.2766,21.12,166.54,0.063,74,NORMAL,False
2026-07-30 15:04:49,157.23,0.2848,0.316,21.12,164.11,0.063,74,NORMAL,False
2026-07-30 15:04:49,157.27,0.2754,0.3862,21.05,163.68,0.063,74,NORMAL,False
2026-07-30 15:04:49,157.38,0.2176,0.095,21.12,150.83,0.073,74,NORMAL,False
2026-07-30 15:04:49,157.43,0.2343,0.2324,21.12,150.96,0.083,74,NORMAL,False
2026-07-30 15:04:49,157.47,0.1995,0.07,21.36,148.58,0.121,74,NORMAL,False
2026-07-30 15:04:49,157.56,0,0,0,0,0,74,No Face,False
2026-07-30 15:04:49,157.6,0.1549,0.0088,21.6,150.58,0.158,74,NORMAL,False
2026-07-30 15:04:49,157.73,0.3322,0.1043,21.67,178.66,0.065,75,NORMAL,False
2026-07-30 15:04:50,157.85,0.3044,0.3035,21.67,159.52,0.065,75,NORMAL,False
2026-07-30 15:04:50,157.9,0.3302,0.0436,21.67,-142.42,0.075,75,NORMAL,False
2026-07-30 15:04:50,157.93,0,0,0,0,0,75,No Face,False
2026-07-30 15:04:50,157.97,0.302,0.0679,21.67,-157.36,0.085,75,NORMAL,False
2026-07-30 15:04:50,158.0,0.2907,0.0153,21.67,161.08,0.065,75,NORMAL,False
2026-07-30 15:04:50,158.04,0.313,0.1134,21.6,-149.19,0.075,75,NORMAL,False
2026-07-30 15:04:50,158.13,0.3507,0.09,21.67,-176.5,0.085,75,NORMAL,False
2026-07-30 15:04:50,158.17,0,0,0,0,0,75,No Face,False
2026-07-30 15:04:50,158.22,0.4968,0.1202,21.67,-132.62,0.095,75,NORMAL,False
2026-07-30 15:04:50,158.47,0.3768,0.1997,21.74,168.78,0.065,75,NORMAL,False
2026-07-30 15:04:50,158.52,0.4124,0.223,21.74,171.75,0.065,75,NORMAL,False
2026-07-30 15:04:50,158.58,0.4056,0.1913,21.67,167.97,0.065,75,NORMAL,False
2026-07-30 15:04:50,158.75,0.4383,0.2607,21.81,171.62,0.065,75,NORMAL,False
2026-07-30 15:04:50,158.8,0.4415,0.2294,21.74,170.41,0.065,75,NORMAL,False
2026-07-30 15:04:51,158.84,0.4356,0.2796,21.67,171.4,0.065,75,NORMAL,False
2026-07-30 15:04:51,158.97,0.4996,0.1612,21.81,169.05,0.065,75,NORMAL,False
2026-07-30 15:04:51,159.03,0.4744,0.2895,21.81,175.46,0.065,75,NORMAL,False
2026-07-30 15:04:51,159.07,0.4963,0.3028,21.81,170.66,0.065,75,NORMAL,False
2026-07-30 15:04:51,159.19,0.4769,0.2605,21.81,174.85,0.065,75,NORMAL,False
2026-07-30 15:04:51,159.36,0.4651,0.3056,21.88,177.17,0.066,75,NORMAL,False
2026-07-30 15:04:51,159.41,0.4991,0.2158,21.56,-179.71,0.075,75,NORMAL,False
2026-07-30 15:04:51,159.53,0.3465,0.0674,21.0,178.16,0.063,75,NORMAL,False
2026-07-30 15:04:51,159.6,0.2209,0.0076,20.69,177.43,0.062,75,NORMAL,False
2026-07-30 15:04:51,159.64,0.2295,0.0178,20.62,175.26,0.062,75,NORMAL,False
2026-07-30 15:04:51,159.76,0.4005,0.3171,20.69,-174.35,0.072,75,NORMAL,False
2026-07-30 15:04:51,159.81,0.3332,0.3039,20.69,-175.08,0.082,75,NORMAL,False
2026-07-30 15:04:52,159.86,0.3146,0.282,20.62,-174.46,0.092,75,NORMAL,False
2026-07-30 15:04:52,159.98,0.3444,0.1313,20.56,-174.78,0.102,75,NORMAL,False
2026-07-30 15:04:52,160.03,0.3272,0.1281,20.56,-172.86,0.112,75,NORMAL,False
2026-07-30 15:04:52,160.2,0.1967,0.009,20.94,-167.79,0.149,75,NORMAL,False
2026-07-30 15:04:52,160.36,0.2308,0.2069,21.07,-160.18,0.133,75,NORMAL,False
2026-07-30 15:04:52,160.42,0.2341,0.1823,21.0,-160.16,0.143,75,NORMAL,False
2026-07-30 15:04:52,160.47,0.2334,0.18,20.69,-158.85,0.152,75,NORMAL,False
2026-07-30 15:04:52,160.58,0.2327,0.1539,20.44,-157.28,0.161,75,NORMAL,False
2026-07-30 15:04:52,160.64,0.2472,0.1714,20.38,-157.66,0.171,75,NORMAL,False
2026-07-30 15:04:52,160.69,0.2597,0.2231,20.38,-158.28,0.181,75,NORMAL,False
2026-07-30 15:04:52,160.82,0.2585,0.1557,20.38,-157.92,0.191,75,NORMAL,False
2026-07-30 15:04:53,160.86,0.2676,0.2519,20.38,-164.25,0.201,75,NORMAL,False
2026-07-30 15:04:53,160.91,0.2625,0.1961,20.31,-165.72,0.211,75,NORMAL,False
2026-07-30 15:04:53,161.17,0.2062,0.5263,20.5,173.1,0.088,75,NORMAL,False
2026-07-30 15:04:53,161.22,0.2007,0.6563,20.82,169.35,0.216,75,NORMAL,False
2026-07-30 15:04:53,161.27,0.2088,0.7776,21.14,167.35,0.243,75,NORMAL,False
2026-07-30 15:04:53,161.39,0.1727,0.8673,21.14,164.36,0.27,75,NORMAL,False
2026-07-30 15:04:53,161.43,0.1417,1.0021,21.14,163.91,0.297,75,NORMAL,False
2026-07-30 15:04:53,161.49,0.1296,0.9589,21.38,162.86,0.324,75,NORMAL,False
2026-07-30 15:04:53,161.63,0.0855,0.9029,21.38,162.48,0.351,75,NORMAL,False
2026-07-30 15:04:53,161.69,0.0835,0.7577,21.63,164.79,0.378,75,NORMAL,False
2026-07-30 15:04:53,161.75,0.0691,0.8964,21.63,166.17,0.405,75,NORMAL,False
2026-07-30 15:04:54,161.88,0.243,0.3987,21.07,172.59,0.063,76,NORMAL,False
2026-07-30 15:04:54,162.03,0.4435,0.1466,20.5,175.21,0.062,76,NORMAL,False
2026-07-30 15:04:54,162.08,0.4307,0.2734,20.19,172.05,0.061,76,NORMAL,False
2026-07-30 15:04:54,162.22,0.4886,0.3696,19.62,178.43,0.059,76,NORMAL,False
2026-07-30 15:04:54,162.26,0.4223,0.2595,19.3,171.43,0.058,76,NORMAL,False
2026-07-30 15:04:54,162.31,0.4487,0.285,19.24,169.73,0.058,76,NORMAL,False
2026-07-30 15:04:54,162.43,0.1986,0.0699,19.5,171.02,0.085,76,NORMAL,False
2026-07-30 15:04:54,162.47,0.1958,0.0049,19.75,171.27,0.113,76,NORMAL,False
2026-07-30 15:04:54,162.52,0.1692,0.007,20.0,172.49,0.14,76,NORMAL,False
2026-07-30 15:04:54,162.65,0.2286,0.001,19.18,177.63,0.058,77,NORMAL,False
2026-07-30 15:04:54,162.7,0.2378,0.0008,19.12,-179.34,0.067,77,NORMAL,False
2026-07-30 15:04:55,162.86,0.2364,0.1055,18.87,-177.33,0.077,77,NORMAL,False
2026-07-30 15:04:55,163.0,0.2403,0.1274,18.93,-173.86,0.087,77,NORMAL,False
2026-07-30 15:04:55,163.05,0.2263,0.0794,18.93,-173.72,0.097,77,NORMAL,False
2026-07-30 15:04:55,163.09,0.2621,0.096,18.93,-171.83,0.107,77,NORMAL,False
2026-07-30 15:04:55,163.2,0.2512,0.1246,18.87,-171.98,0.117,77,NORMAL,False
2026-07-30 15:04:55,163.25,0.2523,0.0817,18.87,-172.26,0.127,77,NORMAL,False
2026-07-30 15:04:55,163.3,0.2617,0.1087,18.81,-170.2,0.136,77,NORMAL,False
2026-07-30 15:04:55,163.41,0.2395,0.077,18.87,-172.16,0.147,77,NORMAL,False
2026-07-30 15:04:55,163.46,0.1302,0.0466,19.12,-171.22,0.184,77,NORMAL,False
2026-07-30 15:04:55,163.5,0.0684,0.0235,19.38,-166.84,0.221,77,NORMAL,False
2026-07-30 15:04:55,163.75,0.0904,0.0004,19.87,-167.82,0.26,77,NORMAL,False
2026-07-30 15:04:55,163.8,0.1293,0.027,20.19,-146.26,0.297,77,NORMAL,False
2026-07-30 15:04:56,163.85,0.1335,0.0096,20.5,-159.19,0.335,77,NORMAL,False
2026-07-30 15:04:56,163.97,0.2211,0.1665,20.5,-144.51,0.212,78,NORMAL,False
2026-07-30 15:04:56,164.02,0.2043,0.0038,20.82,-136.22,0.249,78,NORMAL,False
2026-07-30 15:04:56,164.09,0.1748,0.0093,21.07,-135.01,0.287,78,NORMAL,False
2026-07-30 15:04:56,164.19,0,0,0,0,0,78,No Face,False
2026-07-30 15:04:56,164.23,0,0,0,0,0,78,No Face,False
2026-07-30 15:04:56,164.27,0.1639,0.1027,21.38,-134.33,0.324,78,NORMAL,False
2026-07-30 15:04:56,164.35,0.1591,0.0033,21.77,-152.1,0.362,78,NORMAL,False
2026-07-30 15:04:56,164.47,0.1526,0.0049,22.08,-149.55,0.4,78,NORMAL,False
2026-07-30 15:04:56,164.52,0.1548,0.0118,22.33,-147.5,0.427,78,NORMAL,False
2026-07-30 15:04:56,164.63,0.1557,0.0231,22.71,-148.26,0.455,78,NORMAL,False
2026-07-30 15:04:56,164.67,0.1629,0.0062,23.03,-134.02,0.482,78,NORMAL,False
2026-07-30 15:04:56,164.72,0.1425,0.0205,23.27,-128.81,0.51,78,DROWSY,False
2026-07-30 15:04:57,164.83,0.1554,0.0141,23.66,-150.59,0.538,78,DROWSY,False
2026-07-30 15:04:57,164.88,0.1604,0.0067,23.97,-156.58,0.565,78,DROWSY,False
2026-07-30 15:04:57,164.92,0.2012,0.0073,24.21,-158.51,0.593,78,DROWSY,False
2026-07-30 15:04:57,165.06,0.0789,0.0008,24.45,174.86,0.42,78,NORMAL,False
2026-07-30 15:04:57,165.1,0.0726,0.0061,24.69,167.67,0.447,78,NORMAL,False
2026-07-30 15:04:57,165.23,0,0,0,0,0,78,No Face,False
2026-07-30 15:04:57,165.28,0.0729,0.0037,25.16,-164.58,0.485,78,NORMAL,False
2026-07-30 15:04:57,165.33,0.0633,0.017,25.47,-157.39,0.496,78,NORMAL,False
2026-07-30 15:04:57,165.38,0.0676,0.0085,25.79,-159.21,0.507,78,DROWSY,False
2026-07-30 15:04:57,165.49,0.0663,0.0075,26.1,-159.2,0.518,78,DROWSY,False
2026-07-30 15:04:57,165.54,0.0573,0.0049,26.42,-159.77,0.529,78,DROWSY,False
2026-07-30 15:04:57,165.6,0.0619,0.0046,26.73,-159.61,0.54,78,DROWSY,False
2026-07-30 15:04:57,165.7,0.0587,0.0028,27.04,-174.63,0.551,78,DROWSY,False
2026-07-30 15:04:57,165.74,0.0542,0.0034,27.27,-176.62,0.562,78,DROWSY,False
2026-07-30 15:04:58,165.79,0.053,0.0018,27.59,-177.64,0.573,78,DROWSY,False
2026-07-30 15:04:58,166.02,0.0537,0.0029,27.99,178.07,0.484,78,NORMAL,False
2026-07-30 15:04:58,166.06,0.0625,0.0028,28.21,-177.64,0.495,78,NORMAL,False
2026-07-30 15:04:58,166.12,0.057,0.0023,28.53,171.46,0.486,78,NORMAL,False
2026-07-30 15:04:58,166.29,0.0636,0.0009,28.93,-177.16,0.497,78,NORMAL,False
2026-07-30 15:04:58,166.34,0.0538,0.0006,29.25,-168.48,0.508,78,DROWSY,False
2026-07-30 15:04:58,166.39,0.0408,0.0042,29.56,-176.78,0.519,78,DROWSY,False
2026-07-30 15:04:58,166.54,0.0666,0.0034,29.97,172.92,0.49,78,NORMAL,False
2026-07-30 15:04:58,166.59,0.058,0.0014,30.28,174.12,0.491,78,NORMAL,False
2026-07-30 15:04:58,166.64,0.0551,0.001,30.5,175.79,0.492,78,NORMAL,False
2026-07-30 15:04:59,166.79,0.0504,0.0005,30.82,168.42,0.492,78,NORMAL,False
2026-07-30 15:04:59,166.95,0.038,0.0037,30.38,163.44,0.491,78,NORMAL,False
2026-07-30 15:04:59,167.02,0.0646,0.0038,30.38,167.3,0.491,78,NORMAL,False
2026-07-30 15:04:59,167.15,0.0682,0.0023,30.16,172.35,0.49,78,NORMAL,False
2026-07-30 15:04:59,167.2,0.0482,0.0015,30.16,173.98,0.49,78,NORMAL,False
2026-07-30 15:04:59,167.25,0.037,0.0026,30.16,176.49,0.49,78,NORMAL,False
2026-07-30 15:04:59,167.37,0.0572,0.0029,30.16,176.09,0.49,78,NORMAL,False
